customer_id,phone_service,multiple_lines,internet_service,online_security,online_backup,device_protection_plan,premium_tech_support,streaming_tv,streaming_movies
4412-YLTKF,Yes,Yes,Yes,No,No,Yes,No,No,No
0390-DCFDQ,Yes,No,Yes,No,No,No,No,No,No
4385-GZQXV,Yes,No,Yes,No,No,No,Yes,Yes,Yes
7534-BFESC,Yes,Yes,Yes,No,No,No,No,No,No
0623-IIHUG,No,No,Yes,Yes,No,No,No,Yes,No
0257-ZESQC,Yes,No,Yes,Yes,No,No,No,No,No
4554-YGZIH,Yes,Yes,Yes,No,Yes,No,No,No,Yes
0727-BMPLR,Yes,Yes,Yes,No,No,Yes,No,Yes,Yes
7074-IEVOJ,Yes,Yes,Yes,No,Yes,No,No,No,No
7028-DVOIQ,Yes,Yes,Yes,No,No,Yes,No,Yes,Yes
4208-UFFGW,Yes,No,Yes,No,No,No,No,No,No
6646-QVXLR,Yes,Yes,Yes,No,Yes,Yes,No,Yes,Yes
1989-PRJHP,Yes,Yes,Yes,No,No,No,No,No,No
4184-TJFAN,Yes,No,Yes,Yes,No,No,Yes,Yes,No
1768-ZAIFU,No,No,Yes,No,No,No,No,No,No
9809-IMGCQ,Yes,Yes,Yes,No,No,No,No,Yes,Yes
2761-OCIAX,Yes,No,Yes,No,Yes,No,No,No,No
5047-LHVLY,Yes,No,Yes,No,No,Yes,No,No,No
9606-PBKBQ,Yes,Yes,Yes,No,No,No,No,No,Yes
4193-ORFCL,Yes,No,Yes,No,No,No,No,No,No
4514-GFCFI,Yes,Yes,Yes,No,No,No,No,Yes,No
6179-GJPSO,Yes,No,Yes,Yes,Yes,No,Yes,Yes,Yes
8051-HJRLT,Yes,No,Yes,No,No,No,No,No,No
4021-RQSNY,Yes,Yes,Yes,No,No,Yes,No,Yes,Yes
5931-FLJJF,Yes,No,Yes,No,No,No,No,No,No
7216-EWTRS,Yes,Yes,Yes,No,No,Yes,No,Yes,Yes
2774-LVQUS,Yes,Yes,Yes,No,No,Yes,Yes,No,No
4094-NSEDU,Yes,Yes,Yes,No,No,No,No,Yes,Yes
9898-KZQDZ,Yes,Yes,Yes,No,No,No,No,Yes,Yes
2205-YMZZJ,Yes,Yes,Yes,No,No,No,No,Yes,No
9221-OTIVJ,Yes,Yes,Yes,No,Yes,Yes,No,Yes,Yes
8922-LIEGH,Yes,Yes,Yes,No,Yes,No,No,No,Yes
0022-TCJCI,Yes,No,Yes,Yes,No,Yes,No,No,Yes
3269-ATYWD,Yes,Yes,Yes,No,No,No,No,Yes,Yes
3336-JORSO,Yes,Yes,Yes,No,Yes,Yes,Yes,Yes,Yes
2408-WITXK,No,No,Yes,No,No,No,No,No,Yes
7503-QQRVF,Yes,No,Yes,No,Yes,No,No,No,No
0709-TVGUR,Yes,Yes,Yes,No,No,No,No,No,No
7409-KIUTL,Yes,No,Yes,No,No,No,No,No,No
0679-IDSTG,Yes,No,Yes,No,No,No,No,No,No
8802-UNOJF,Yes,No,Yes,No,Yes,Yes,Yes,No,No
6313-GIDIT,No,No,Yes,No,Yes,Yes,No,Yes,Yes
8679-JOEVF,Yes,No,Yes,No,No,No,Yes,Yes,No
8058-JMEQO,Yes,Yes,Yes,No,No,No,No,No,Yes
7657-DYEPJ,Yes,No,Yes,No,Yes,Yes,Yes,Yes,No
8276-MQBYC,Yes,Yes,Yes,No,No,Yes,No,Yes,Yes
6015-VVHHE,Yes,Yes,Yes,No,No,No,No,Yes,No
6900-PXRMS,Yes,Yes,Yes,No,Yes,Yes,No,Yes,Yes
3346-BRMIS,No,No,Yes,No,No,Yes,No,Yes,Yes
2722-JMONI,Yes,No,Yes,Yes,No,No,No,No,No
1771-OADNZ,Yes,Yes,Yes,No,Yes,Yes,No,No,Yes
4818-QIUFN,Yes,Yes,Yes,Yes,No,No,No,No,No
6961-VCPMC,Yes,No,Yes,No,No,No,No,No,Yes
4201-JMNGR,Yes,No,Yes,Yes,No,Yes,No,No,No
1866-RZZQS,Yes,Yes,Yes,No,No,Yes,No,Yes,Yes
8631-NBHFZ,Yes,Yes,Yes,Yes,Yes,Yes,Yes,Yes,No
5655-JSMZM,Yes,Yes,Yes,No,No,No,No,Yes,Yes
5276-KQWHG,Yes,No,Yes,No,No,No,No,No,No
9667-EQRXU,No,No,Yes,No,No,Yes,No,Yes,No
0946-CLJTI,Yes,Yes,Yes,No,No,Yes,No,Yes,Yes
9189-JWSHV,Yes,Yes,Yes,No,No,No,No,Yes,Yes
0576-WNXXC,Yes,Yes,Yes,No,Yes,Yes,No,No,Yes
0495-ZBNGW,Yes,Yes,Yes,No,No,Yes,No,No,No
9360-AHGNL,Yes,Yes,Yes,Yes,No,Yes,Yes,Yes,Yes
2091-RFFBA,Yes,Yes,Yes,No,No,No,No,No,No
0023-HGHWL,No,No,Yes,No,No,No,No,No,No
6161-UUUTA,Yes,No,Yes,No,No,No,No,Yes,No
2479-BRAMR,Yes,Yes,Yes,Yes,No,Yes,No,No,No
6987-XQSJT,Yes,Yes,Yes,No,Yes,No,No,No,No
0722-TROQR,Yes,Yes,Yes,No,No,No,No,No,No
6402-ZFPPI,Yes,Yes,Yes,Yes,Yes,No,No,Yes,Yes
2956-GGUCQ,Yes,Yes,Yes,Yes,No,No,No,No,No
1112-CUNAO,Yes,Yes,Yes,No,Yes,No,No,No,Yes
3389-YGYAI,Yes,Yes,Yes,No,Yes,Yes,No,Yes,Yes
2055-PDADH,Yes,No,Yes,No,No,No,No,No,No
3217-FZDMN,Yes,No,Yes,No,No,Yes,No,Yes,Yes
7124-UGSUR,Yes,Yes,Yes,No,Yes,Yes,No,Yes,Yes
8020-BWHYL,Yes,No,Yes,No,Yes,No,No,No,No
8988-ECPJR,Yes,Yes,Yes,No,Yes,No,No,No,No
5569-OUICF,Yes,Yes,Yes,No,No,No,Yes,Yes,Yes
5747-PMBSQ,Yes,No,Yes,No,Yes,Yes,Yes,Yes,No
6168-WFVVF,Yes,No,Yes,No,No,No,No,No,No
7450-NWRTR,Yes,Yes,Yes,No,No,Yes,No,Yes,Yes
5959-BELXA,Yes,Yes,Yes,No,No,No,No,Yes,Yes
2506-TNFCO,Yes,No,Yes,No,No,No,No,No,No
6060-DRTNL,Yes,No,Yes,No,No,Yes,No,Yes,No
1976-CFOCS,Yes,No,Yes,No,No,No,No,No,No
5287-QWLKY,Yes,Yes,Yes,Yes,Yes,No,No,Yes,Yes
1891-UAWWU,Yes,Yes,Yes,No,No,Yes,No,Yes,No
3500-RMZLT,Yes,No,Yes,Yes,No,Yes,Yes,No,Yes
1363-TXLSL,Yes,No,Yes,No,No,No,No,No,No
6927-WTFIV,Yes,No,Yes,No,No,No,No,No,No
4844-JJWUY,Yes,No,Yes,No,Yes,No,No,No,Yes
7248-VZQLC,Yes,Yes,Yes,No,Yes,Yes,No,No,No
0011-IGKFF,Yes,No,Yes,No,Yes,Yes,No,Yes,Yes
9090-SGQXL,Yes,Yes,Yes,No,Yes,Yes,No,Yes,Yes
9190-MFJLN,Yes,No,Yes,No,No,Yes,No,Yes,Yes
3296-SILRA,Yes,No,Yes,No,Yes,No,No,No,No
5180-UCIIQ,No,No,Yes,Yes,No,No,No,No,Yes
4342-HENTK,Yes,No,Yes,No,No,No,No,No,No
1597-LHYNC,Yes,Yes,Yes,Yes,Yes,No,No,No,Yes
2720-WGKHP,Yes,Yes,Yes,No,No,No,No,Yes,Yes
2474-BRUCM,Yes,Yes,Yes,Yes,No,No,No,Yes,Yes
0616-ATFGB,No,No,Yes,No,No,No,No,No,No
9317-WZPGV,Yes,No,Yes,No,No,No,No,No,Yes
9248-OJYKK,Yes,Yes,Yes,No,No,No,No,No,No
3398-FSHON,Yes,Yes,Yes,No,Yes,No,No,Yes,No
0818-OCPZO,Yes,Yes,Yes,No,Yes,No,No,No,No
7359-SSBJK,Yes,No,Yes,Yes,Yes,No,Yes,Yes,No
7957-RYHQD,Yes,No,Yes,Yes,Yes,No,No,No,No
5389-FFVKB,Yes,No,Yes,No,No,No,No,No,Yes
1273-MTETI,Yes,Yes,Yes,No,No,Yes,No,No,Yes
5480-HPRRX,No,No,Yes,No,No,No,No,No,No
8685-WHQPW,Yes,Yes,Yes,No,No,No,No,No,No
0723-DRCLG,Yes,Yes,Yes,No,No,No,No,No,No
0280-XJGEX,Yes,Yes,Yes,No,Yes,Yes,No,Yes,Yes
1066-JKSGK,Yes,No,No,No,No,No,No,No,No
8773-HHUOZ,Yes,No,Yes,No,No,No,No,Yes,Yes
6047-YHPVI,Yes,No,Yes,No,No,No,No,No,No
5380-WJKOV,Yes,Yes,Yes,No,Yes,Yes,No,Yes,Yes
8637-XJIVR,Yes,Yes,Yes,Yes,No,No,No,No,No
0278-YXOOG,Yes,No,No,No,No,No,No,No,No
3192-NQECA,Yes,Yes,Yes,No,Yes,Yes,Yes,Yes,Yes
3874-EQOEP,Yes,Yes,Yes,No,No,No,No,Yes,Yes
2472-OVKUP,Yes,No,Yes,No,Yes,Yes,No,No,Yes
1251-KRREG,Yes,Yes,Yes,No,Yes,No,No,No,No
0322-YINQP,Yes,No,Yes,Yes,No,No,No,No,No
4959-JOSRX,Yes,No,Yes,No,No,No,No,No,No
6366-ZGQGL,No,No,Yes,No,No,No,No,No,No
5940-AHUHD,Yes,No,Yes,No,No,No,No,No,No
5583-SXDAG,Yes,No,Yes,No,No,No,No,No,No
3580-REOAC,Yes,No,Yes,No,No,No,No,No,No
2868-SNELZ,Yes,Yes,Yes,No,No,Yes,No,No,No
7989-CHGTL,Yes,No,No,No,No,No,No,No,No
3583-EKAPL,Yes,No,Yes,No,No,No,No,No,Yes
6227-HWPWX,Yes,No,Yes,No,No,No,No,No,No
7783-YKGDV,Yes,Yes,Yes,Yes,Yes,Yes,No,No,Yes
7218-HKQFK,Yes,No,Yes,No,No,No,Yes,Yes,Yes
1342-JPNKI,Yes,Yes,Yes,No,No,No,No,Yes,No
5301-GAUUY,Yes,Yes,Yes,No,Yes,No,No,No,No
1218-VKFPE,Yes,No,No,No,No,No,No,No,No
6543-CPZMK,No,No,Yes,No,Yes,No,No,No,No
4765-OXPPD,Yes,No,Yes,Yes,Yes,Yes,Yes,No,No
2024-BASKD,Yes,No,Yes,No,No,Yes,No,No,No
3859-CVCET,Yes,No,Yes,No,No,No,No,No,No
3276-HDUEG,Yes,Yes,Yes,No,No,No,No,No,No
0822-GAVAP,No,No,Yes,No,No,No,No,No,Yes
1448-PWKYE,Yes,No,Yes,No,No,No,No,No,Yes
2189-WWOEW,Yes,No,Yes,No,Yes,No,No,No,Yes
0236-HFWSV,Yes,Yes,Yes,No,No,No,No,Yes,Yes
7314-OXENN,Yes,Yes,Yes,No,Yes,No,No,No,No
4678-DVQEO,Yes,No,Yes,No,No,No,Yes,No,No
3138-BKYAV,Yes,No,Yes,No,Yes,No,No,Yes,No
2239-JALAW,Yes,Yes,Yes,No,Yes,Yes,No,Yes,Yes
0115-TFERT,Yes,Yes,Yes,No,Yes,Yes,Yes,Yes,Yes
1038-ZAGBI,Yes,No,No,No,No,No,No,No,No
3027-ZTDHO,Yes,No,Yes,No,No,No,No,Yes,Yes
9227-LUNBG,No,No,Yes,No,No,No,No,No,No
6680-WKXRZ,Yes,Yes,Yes,No,No,No,No,No,No
9448-REEVD,Yes,No,Yes,No,No,No,No,No,No
9117-SHLZX,Yes,No,Yes,No,No,No,No,No,No
5875-YPQFJ,Yes,No,Yes,No,No,No,No,No,No
6641-XRPSU,Yes,No,Yes,No,No,No,No,No,No
9524-EGPJC,Yes,Yes,Yes,No,No,No,Yes,No,Yes
6993-OHLXR,Yes,No,Yes,No,No,No,No,No,No
5669-SRAIP,No,No,Yes,No,No,Yes,No,No,Yes
1624-WOIWJ,Yes,No,Yes,Yes,No,No,No,Yes,No
0376-YMCJC,Yes,Yes,Yes,No,No,No,Yes,Yes,No
0634-SZPQA,Yes,Yes,Yes,Yes,No,No,No,Yes,No
3097-NNSPB,Yes,No,Yes,No,Yes,No,No,No,No
4361-BKAXE,Yes,Yes,Yes,Yes,Yes,Yes,Yes,Yes,Yes
9763-PDTKK,Yes,No,Yes,Yes,No,Yes,Yes,No,Yes
0927-LCSMG,Yes,No,Yes,No,No,Yes,No,No,No
3927-NLNRY,Yes,No,Yes,No,Yes,No,No,Yes,Yes
6581-NQCBA,No,No,Yes,No,No,No,Yes,Yes,Yes
5835-BEQEU,Yes,Yes,Yes,No,No,No,No,No,No
2223-KAGMX,Yes,No,No,No,No,No,No,No,No
2408-TZMJL,Yes,Yes,Yes,Yes,Yes,Yes,No,Yes,Yes
9831-BPFRI,Yes,Yes,Yes,No,Yes,Yes,Yes,No,No
0031-PVLZI,Yes,No,No,No,No,No,No,No,No
4671-LXRDQ,Yes,No,Yes,No,No,No,No,No,No
2845-HSJCY,Yes,Yes,Yes,No,No,Yes,No,No,Yes
7721-JXEAW,No,No,Yes,No,Yes,No,No,No,Yes
0471-LVHGK,Yes,Yes,Yes,No,No,Yes,No,Yes,Yes
7767-UXAGJ,Yes,Yes,Yes,No,No,No,No,No,No
2951-QOQTK,Yes,Yes,Yes,No,No,No,Yes,No,No
3473-XIIIT,Yes,Yes,Yes,No,Yes,No,No,Yes,Yes
5469-CTCWN,Yes,Yes,Yes,Yes,Yes,No,No,Yes,Yes
1092-GANHU,Yes,No,Yes,No,No,Yes,No,No,No
7881-EVUAD,No,No,Yes,Yes,Yes,No,No,No,Yes
8519-QJGJD,Yes,No,Yes,No,No,Yes,No,No,No
2886-KEFUM,Yes,Yes,Yes,No,Yes,Yes,No,Yes,Yes
9651-GTSAQ,Yes,No,Yes,Yes,Yes,Yes,No,Yes,Yes
1157-BQCUW,Yes,Yes,Yes,No,No,No,No,No,No
9254-RBFON,Yes,No,Yes,No,No,Yes,Yes,Yes,Yes
3331-HQDTW,Yes,Yes,Yes,Yes,Yes,Yes,No,Yes,Yes
5442-XSDCW,Yes,No,Yes,No,No,No,No,Yes,No
3049-NDXFL,Yes,Yes,Yes,No,No,No,No,No,Yes
7963-GQRMY,Yes,No,Yes,No,No,No,No,No,No
9158-VCTQB,Yes,Yes,Yes,Yes,Yes,Yes,Yes,Yes,Yes
8593-WHYHV,Yes,Yes,Yes,No,No,No,No,No,Yes
0107-YHINA,Yes,Yes,Yes,No,No,Yes,No,Yes,Yes
7198-GLXTC,Yes,No,Yes,No,No,No,No,Yes,No
3096-IZETN,Yes,No,Yes,No,No,No,No,No,Yes
8496-EJAUI,Yes,No,Yes,No,Yes,No,No,No,No
6990-YNRIO,Yes,Yes,Yes,Yes,No,Yes,Yes,Yes,Yes
3669-OYSJI,Yes,No,Yes,No,No,No,No,No,No
7054-LGEQW,Yes,No,Yes,No,No,No,No,No,No
0923-PNFUB,Yes,No,Yes,No,Yes,No,No,Yes,No
3494-JCHRQ,Yes,No,Yes,No,No,No,No,No,No
6474-FVJLC,Yes,Yes,Yes,No,No,No,No,No,Yes
4547-LYTDD,Yes,Yes,Yes,No,No,No,No,No,No
6651-AZVTJ,Yes,Yes,Yes,No,No,Yes,No,Yes,Yes
4566-GOLUK,Yes,Yes,Yes,No,No,Yes,Yes,Yes,Yes
2484-DGXPZ,Yes,No,No,No,No,No,No,No,No
5834-ASPWA,Yes,Yes,Yes,No,No,No,No,No,No
0565-IYCGT,Yes,Yes,Yes,Yes,Yes,Yes,Yes,No,Yes
1024-VRZHF,Yes,Yes,Yes,No,No,No,No,No,No
0348-SDKOL,Yes,Yes,Yes,No,No,Yes,Yes,Yes,Yes
4373-MAVJG,Yes,Yes,Yes,No,Yes,No,No,No,Yes
8565-CLBZW,Yes,Yes,Yes,No,No,Yes,No,Yes,No
9139-WQQDY,Yes,Yes,Yes,No,Yes,No,No,Yes,Yes
9430-FRQOC,Yes,Yes,Yes,No,No,Yes,Yes,No,No
3753-TSEMP,Yes,No,Yes,No,No,No,No,Yes,Yes
6298-QDFNH,Yes,Yes,Yes,No,Yes,No,No,No,No
9734-UYXQI,Yes,Yes,Yes,No,No,No,No,No,No
2189-UXTKY,Yes,Yes,Yes,Yes,No,No,Yes,Yes,Yes
4958-GZWIY,Yes,No,Yes,No,No,Yes,No,No,No
9300-RENDD,Yes,No,Yes,No,No,No,No,Yes,No
8945-MUQUF,Yes,Yes,Yes,Yes,Yes,No,No,Yes,No
3023-GFLBR,Yes,Yes,Yes,No,No,No,No,No,Yes
2514-GINMM,Yes,No,Yes,No,No,No,No,Yes,No
2659-VXMWZ,Yes,Yes,Yes,Yes,Yes,Yes,No,Yes,Yes
8337-MSSXB,Yes,No,Yes,No,Yes,No,No,No,Yes
4529-CKBCL,Yes,No,Yes,No,No,No,No,Yes,No
7488-MXJIV,Yes,Yes,Yes,No,No,No,No,Yes,No
4800-CZMPC,Yes,Yes,Yes,Yes,Yes,No,No,Yes,Yes
5103-MHMHY,Yes,No,Yes,No,No,No,No,No,No
5136-KCKGI,Yes,Yes,Yes,Yes,No,Yes,No,Yes,Yes
3722-WPXTK,Yes,No,Yes,No,No,No,No,Yes,Yes
7548-SEPYI,Yes,No,Yes,No,Yes,No,No,Yes,Yes
7854-FOKSF,No,No,Yes,No,No,No,No,No,Yes
8481-YYXWG,Yes,No,Yes,No,Yes,No,Yes,No,Yes
2636-OHFMN,No,No,Yes,No,Yes,No,No,Yes,Yes
0952-KMEEH,Yes,Yes,Yes,Yes,No,No,No,Yes,Yes
5976-JCJRH,Yes,No,Yes,No,No,No,No,No,No
3351-NQLDI,Yes,Yes,Yes,Yes,No,No,Yes,No,Yes
6877-TJMBR,Yes,No,Yes,No,No,No,Yes,Yes,No
2433-KMEAS,Yes,Yes,Yes,Yes,No,No,No,No,No
4873-ILOLJ,Yes,No,Yes,No,No,No,No,Yes,Yes
9565-DJPIB,Yes,Yes,Yes,No,Yes,No,No,Yes,No
4659-NZRUF,Yes,Yes,Yes,Yes,Yes,No,No,No,Yes
8429-XIBUM,Yes,Yes,Yes,Yes,No,No,No,Yes,Yes
1569-TTNYJ,Yes,Yes,Yes,No,Yes,No,No,No,No
4749-VFKVB,Yes,Yes,Yes,No,No,No,No,No,No
3426-NIYYL,Yes,Yes,Yes,No,No,No,No,No,No
3387-VATUS,Yes,Yes,Yes,No,No,No,No,Yes,Yes
2495-INZWQ,No,No,Yes,No,No,No,No,Yes,Yes
2691-NZETQ,Yes,Yes,Yes,No,No,No,No,Yes,No
5013-SBUIH,Yes,Yes,Yes,Yes,Yes,No,Yes,Yes,Yes
0495-RVCBF,Yes,No,Yes,No,No,No,No,No,Yes
3348-CFRNX,Yes,No,Yes,Yes,No,No,No,Yes,Yes
4626-GYCZP,Yes,Yes,Yes,No,No,No,No,Yes,Yes
3237-AJGEH,No,No,Yes,No,No,No,Yes,No,No
4484-CGXFK,Yes,No,Yes,No,No,No,No,No,Yes
1322-AGOQM,No,No,Yes,No,Yes,No,No,No,No
0876-WDUUZ,Yes,No,Yes,No,No,No,Yes,No,Yes
2141-RRYGO,Yes,No,Yes,No,Yes,No,No,Yes,Yes
5052-PNLOS,Yes,Yes,Yes,No,Yes,Yes,No,Yes,Yes
6979-ZNSFF,Yes,Yes,Yes,No,No,No,No,Yes,No
4822-NGOCH,Yes,Yes,Yes,No,Yes,Yes,No,No,No
7410-KTVFV,Yes,No,Yes,No,No,Yes,No,No,No
0895-DQHEW,Yes,Yes,Yes,No,Yes,Yes,No,Yes,Yes
4183-WCSEP,Yes,No,Yes,No,Yes,No,Yes,No,No
7112-OPOTK,Yes,No,Yes,No,No,No,No,No,No
4210-QFJMF,Yes,No,Yes,No,No,No,No,No,Yes
7774-OJSXI,Yes,Yes,Yes,No,Yes,Yes,No,Yes,Yes
7663-RGWBC,Yes,No,Yes,No,No,No,No,No,No
5519-YLDGW,Yes,Yes,Yes,Yes,No,Yes,No,Yes,Yes
8185-UPYBR,Yes,Yes,Yes,No,No,No,No,No,No
2430-USGXP,Yes,Yes,Yes,No,No,Yes,No,Yes,Yes
0311-UNPFF,Yes,No,Yes,No,No,No,No,Yes,Yes
7599-FKVXZ,Yes,Yes,Yes,No,No,Yes,Yes,Yes,Yes
5569-KGJHX,Yes,Yes,Yes,No,No,No,No,Yes,No
0748-RDGGM,Yes,No,Yes,Yes,Yes,Yes,Yes,Yes,Yes
8914-RBTSB,Yes,Yes,Yes,No,Yes,Yes,No,Yes,No
1670-SVOWZ,Yes,No,Yes,No,Yes,No,Yes,No,Yes
7541-YLXCL,Yes,No,Yes,No,Yes,No,Yes,No,Yes
8722-NGNBH,No,No,Yes,Yes,No,Yes,Yes,No,No
6128-CZOMY,Yes,No,Yes,No,No,No,No,No,No
1501-SGHBW,Yes,No,Yes,No,No,No,No,No,No
2933-FILNV,No,No,Yes,No,No,No,No,No,No
3194-ORPIK,Yes,Yes,Yes,No,No,No,No,Yes,No
1723-HKXJQ,Yes,Yes,Yes,No,Yes,No,No,Yes,Yes
1240-KNSEZ,Yes,No,No,No,No,No,No,No,No
0836-SEYLU,No,No,Yes,No,No,No,Yes,Yes,No
3716-BDVDB,Yes,No,Yes,No,No,No,No,No,No
1150-WFARN,Yes,Yes,Yes,Yes,No,Yes,Yes,Yes,Yes
0968-GSIKN,Yes,No,Yes,No,No,No,No,No,No
6771-XWBDM,Yes,Yes,Yes,No,Yes,Yes,No,Yes,Yes
8601-QACRS,Yes,Yes,Yes,No,No,No,No,No,No
9136-ALYBR,No,No,Yes,No,No,No,No,No,No
2959-MJHIC,Yes,No,Yes,No,No,No,No,Yes,No
8260-NGFNY,No,No,Yes,No,No,No,No,No,No
8625-AZYZY,Yes,Yes,Yes,No,Yes,Yes,No,Yes,Yes
9306-CPCBC,Yes,Yes,Yes,No,No,No,No,No,No
2325-ZUSFD,Yes,No,Yes,Yes,No,No,No,Yes,Yes
3932-CMDTD,Yes,No,Yes,No,Yes,Yes,Yes,Yes,Yes
4503-BDXBD,Yes,No,Yes,No,Yes,No,No,No,No
6086-ESGRL,Yes,No,Yes,No,No,No,No,No,Yes
3886-CERTZ,Yes,Yes,Yes,No,Yes,Yes,Yes,Yes,Yes
6319-IEJWJ,Yes,No,Yes,No,No,No,No,Yes,Yes
5275-SQEIZ,Yes,No,Yes,No,No,No,No,No,Yes
7716-YTYHG,Yes,Yes,Yes,No,No,No,No,No,Yes
4390-KYULV,Yes,No,No,No,No,No,No,No,No
8945-GRKHX,Yes,No,Yes,No,No,No,No,No,Yes
6959-UWKHF,Yes,No,Yes,No,No,No,No,No,No
3815-SLMEF,No,No,Yes,Yes,No,No,Yes,No,No
4587-VVTOX,Yes,Yes,Yes,No,Yes,Yes,No,Yes,Yes
5261-QSHQM,No,No,Yes,No,No,No,No,No,No
3045-XETSH,Yes,Yes,Yes,No,Yes,Yes,No,No,Yes
6834-NXDCA,No,No,Yes,No,No,No,No,No,No
5597-GLBUC,Yes,No,Yes,No,No,Yes,No,Yes,No
4822-YCXMX,Yes,Yes,Yes,No,No,No,No,No,Yes
9821-POOTN,Yes,Yes,Yes,No,No,No,No,No,No
4088-YLDSU,Yes,Yes,Yes,No,No,Yes,Yes,Yes,Yes
5797-APWZC,Yes,No,Yes,No,No,No,No,Yes,Yes
6416-TVAIH,Yes,No,Yes,No,No,No,No,No,No
5108-ADXWO,Yes,No,Yes,Yes,No,No,No,No,No
6715-OFDBP,Yes,No,Yes,No,No,Yes,No,Yes,Yes
2150-UWTFY,Yes,No,Yes,Yes,Yes,Yes,No,No,No
2157-MXBJS,Yes,Yes,Yes,No,No,Yes,No,Yes,Yes
9019-QVLZD,Yes,No,Yes,No,No,No,No,Yes,No
3707-LRWZD,Yes,Yes,Yes,No,No,No,No,Yes,No
2979-SXESE,Yes,Yes,Yes,Yes,No,Yes,No,Yes,No
9039-RBEEE,No,No,Yes,Yes,Yes,No,Yes,Yes,No
8417-FMLZI,Yes,No,Yes,No,Yes,No,No,No,Yes
4729-XKASR,No,No,Yes,No,No,No,No,No,No
5449-FIBXJ,Yes,Yes,Yes,No,No,Yes,Yes,Yes,Yes
8280-MQRQN,Yes,No,Yes,No,No,Yes,No,No,No
2037-SGXHH,Yes,Yes,Yes,No,Yes,Yes,No,Yes,No
4603-JANFB,Yes,No,Yes,No,No,No,No,No,No
3018-TFTSU,Yes,No,Yes,Yes,No,Yes,No,No,No
7908-QCBCA,Yes,No,Yes,No,No,No,No,No,No
9658-WYUFB,Yes,Yes,Yes,Yes,Yes,No,No,Yes,No
7666-WKRON,Yes,No,Yes,No,No,Yes,Yes,No,No
2154-KVJFF,Yes,Yes,Yes,No,Yes,No,No,No,No
5520-FVEWJ,Yes,Yes,Yes,No,Yes,Yes,No,No,No
4658-HCOHW,Yes,No,Yes,No,Yes,Yes,Yes,Yes,Yes
3440-JPSCL,Yes,No,Yes,No,No,Yes,Yes,Yes,Yes
2889-FPWRM,Yes,Yes,Yes,Yes,Yes,Yes,Yes,Yes,Yes
0325-XBFAC,Yes,No,Yes,No,No,Yes,No,Yes,Yes
2091-MJTFX,No,No,Yes,No,No,No,Yes,Yes,Yes
3647-GMGDH,Yes,No,Yes,No,No,Yes,No,Yes,Yes
6595-COKXZ,Yes,No,Yes,No,No,No,No,No,No
2369-UAPKZ,Yes,Yes,Yes,No,Yes,Yes,No,Yes,Yes
2962-XPMCQ,Yes,No,Yes,No,No,No,No,No,No
0511-JTEOY,Yes,No,Yes,No,No,No,No,No,No
9732-KPKBW,Yes,No,Yes,Yes,No,No,Yes,No,No
9560-ARGQJ,Yes,No,Yes,No,No,No,No,Yes,No
5380-AFSSK,Yes,Yes,Yes,No,No,No,No,Yes,Yes
8714-EUHJO,Yes,Yes,Yes,No,Yes,No,No,No,Yes
1193-RTSLK,Yes,No,Yes,Yes,Yes,Yes,No,No,No
5923-GXUOC,Yes,No,Yes,Yes,Yes,Yes,No,Yes,Yes
1449-XQEMT,Yes,No,No,No,No,No,No,No,No
2612-RRIDN,Yes,No,Yes,No,No,No,No,Yes,No
6892-EZDTG,Yes,Yes,Yes,No,Yes,No,No,Yes,No
1502-XFCVR,Yes,No,Yes,Yes,Yes,Yes,No,Yes,Yes
7912-SYRQT,Yes,Yes,Yes,No,No,No,No,No,No
2359-QWQUL,Yes,No,Yes,Yes,No,Yes,Yes,Yes,Yes
6907-NZZIJ,Yes,Yes,Yes,No,Yes,No,No,Yes,Yes
2911-UREFD,No,No,Yes,Yes,No,Yes,No,Yes,Yes
3744-ZRRDZ,Yes,Yes,Yes,No,Yes,No,No,No,No
2606-RMDHZ,No,No,Yes,No,Yes,No,No,No,No
9940-RHLFB,Yes,No,Yes,No,No,Yes,No,No,No
8199-ZLLSA,Yes,Yes,Yes,Yes,Yes,Yes,Yes,Yes,Yes
6000-APYLU,Yes,No,Yes,No,No,No,No,No,Yes
0947-IDHRQ,Yes,No,Yes,No,No,No,No,Yes,No
3034-ZBEQN,No,No,Yes,No,Yes,Yes,No,No,No
5366-IJEQJ,Yes,Yes,Yes,No,No,Yes,No,Yes,No
1981-INRFU,Yes,No,Yes,No,No,No,No,Yes,No
1527-SXDPN,Yes,Yes,Yes,No,No,Yes,Yes,No,Yes
9530-EHPOH,Yes,Yes,Yes,No,No,Yes,No,No,No
3235-ETOOB,Yes,No,Yes,Yes,No,No,No,No,No
8821-XNHVZ,Yes,No,Yes,No,No,No,No,Yes,No
5940-NFXKV,Yes,Yes,Yes,No,No,No,No,No,Yes
8053-WWDRO,Yes,No,No,No,No,No,No,No,No
5688-KZTSN,Yes,No,No,No,No,No,No,No,No
3143-JQEGI,Yes,No,Yes,No,No,No,No,Yes,Yes
6386-SZZKH,Yes,Yes,Yes,No,Yes,Yes,Yes,Yes,Yes
9526-JAWYF,Yes,No,Yes,No,Yes,Yes,No,Yes,No
9465-RWMXL,Yes,Yes,Yes,No,No,Yes,No,No,No
9095-HFAFX,Yes,No,Yes,No,No,No,No,Yes,No
3512-IZIKN,Yes,Yes,Yes,Yes,No,Yes,Yes,No,No
6289-CPNLD,Yes,No,Yes,No,No,Yes,Yes,Yes,Yes
8837-VVWLQ,Yes,No,Yes,Yes,No,No,No,Yes,No
2696-NARTR,Yes,No,Yes,No,No,No,Yes,No,No
7614-QVWQL,No,No,Yes,No,Yes,No,No,Yes,Yes
1809-DMJHQ,Yes,No,Yes,No,No,No,No,No,No
2619-WFQWU,Yes,No,Yes,No,No,No,No,No,No
6629-CZTTH,Yes,No,Yes,No,No,No,No,No,Yes
5364-EVNIB,Yes,No,Yes,No,Yes,Yes,No,No,No
2320-JRSDE,Yes,No,No,No,No,No,No,No,No
5510-BOIUJ,Yes,No,No,No,No,No,No,No,No
4471-KXAUH,Yes,Yes,Yes,No,No,Yes,Yes,No,No
7638-QVMVY,Yes,No,Yes,No,No,No,No,Yes,No
5057-LCOUI,No,No,Yes,No,No,Yes,No,Yes,Yes
1984-FCOWB,Yes,Yes,Yes,No,Yes,Yes,Yes,Yes,Yes
6108-OQZDQ,Yes,Yes,Yes,No,Yes,No,No,Yes,Yes
9102-IAYHT,Yes,Yes,Yes,No,No,No,No,No,Yes
0568-ONFPC,Yes,Yes,No,No,No,No,No,No,No
4905-JEFDW,No,No,Yes,No,No,Yes,No,Yes,No
8019-ENHXU,Yes,Yes,Yes,No,Yes,Yes,Yes,No,Yes
8063-RJYNF,Yes,No,Yes,Yes,No,No,No,Yes,Yes
0687-ZVTHB,Yes,Yes,Yes,Yes,Yes,Yes,No,No,Yes
6338-AVWCY,No,No,Yes,No,No,Yes,No,Yes,No
3797-VTIDR,No,No,Yes,No,No,No,No,No,No
0871-URUWO,Yes,Yes,Yes,No,No,Yes,No,Yes,Yes
4847-QNOKA,Yes,No,Yes,No,No,No,No,No,No
6379-RXJRQ,Yes,No,Yes,No,No,No,No,No,No
4789-KWMXN,Yes,Yes,Yes,Yes,No,Yes,Yes,Yes,Yes
8111-RKSPX,Yes,Yes,Yes,No,No,No,No,No,No
7547-EKNFS,Yes,Yes,Yes,No,Yes,Yes,No,Yes,No
9681-OXGVC,Yes,Yes,Yes,No,No,Yes,No,Yes,Yes
9053-JZFKV,Yes,Yes,Yes,Yes,Yes,Yes,Yes,Yes,Yes
2754-XBHTB,Yes,No,Yes,No,No,No,No,Yes,No
7055-VKGDA,Yes,No,Yes,Yes,Yes,No,Yes,Yes,Yes
0754-UKWQP,Yes,No,Yes,No,No,Yes,No,Yes,Yes
8752-STIVR,Yes,No,Yes,No,No,No,No,Yes,No
4558-FANTW,Yes,No,Yes,Yes,No,No,Yes,Yes,No
1842-EZJMK,Yes,Yes,Yes,No,Yes,No,Yes,Yes,Yes
9894-EZEWG,Yes,No,Yes,No,Yes,No,No,No,No
0637-UBJRP,Yes,No,Yes,Yes,No,No,No,No,Yes
0702-PGIBZ,Yes,Yes,Yes,No,Yes,No,No,Yes,Yes
1963-VAUKV,Yes,No,No,No,No,No,No,No,No
7739-LAXOG,Yes,Yes,Yes,No,No,Yes,No,No,Yes
2079-FBMZK,Yes,No,Yes,No,No,No,No,No,No
6608-QQLVK,Yes,No,Yes,No,No,Yes,No,No,No
3685-YLCMQ,Yes,Yes,Yes,No,No,Yes,Yes,Yes,Yes
8761-NSOBC,Yes,No,Yes,No,Yes,No,Yes,Yes,Yes
5419-JPRRN,Yes,Yes,Yes,No,No,Yes,No,Yes,Yes
9318-NKNFC,Yes,No,No,No,No,No,No,No,No
7254-IQWOZ,Yes,No,Yes,No,No,No,No,No,No
0742-NXBGR,Yes,No,Yes,No,Yes,Yes,No,No,No
5889-LFOLL,Yes,Yes,Yes,No,No,No,No,No,Yes
1963-SVUCV,Yes,No,Yes,No,No,No,No,No,No
3190-XFANI,Yes,Yes,Yes,No,No,No,Yes,Yes,Yes
4488-PSYCG,Yes,No,No,No,No,No,No,No,No
5832-XKAES,Yes,No,Yes,No,No,No,No,No,No
9210-IAHGH,Yes,No,Yes,No,No,No,Yes,Yes,Yes
0023-XUOPT,Yes,Yes,Yes,No,Yes,Yes,No,Yes,No
1000-AJSLD,Yes,No,No,No,No,No,No,No,No
0872-NXJYS,Yes,No,Yes,No,No,No,No,No,Yes
9412-ARGBX,Yes,No,Yes,No,Yes,Yes,Yes,Yes,No
8676-TRMJS,Yes,Yes,Yes,No,No,No,No,No,No
5294-CDGWY,No,No,Yes,Yes,Yes,Yes,No,Yes,Yes
7931-PXHFC,Yes,No,Yes,No,No,Yes,Yes,No,Yes
7839-QRKXN,Yes,No,No,No,No,No,No,No,No
1113-IUJYX,Yes,No,Yes,Yes,Yes,No,Yes,Yes,Yes
8992-JQYUN,No,No,Yes,No,No,Yes,No,Yes,Yes
2025-JKFWI,Yes,Yes,Yes,No,No,No,Yes,Yes,Yes
4078-SAYYN,Yes,Yes,Yes,No,No,Yes,No,Yes,Yes
9940-HPQPG,Yes,Yes,Yes,Yes,Yes,Yes,No,No,No
0295-PPHDO,Yes,Yes,Yes,No,No,No,No,Yes,Yes
5906-CVLHP,Yes,No,Yes,No,Yes,No,Yes,No,No
3085-QUOZK,Yes,No,Yes,No,No,No,No,No,No
8267-ZNYVZ,Yes,No,Yes,Yes,No,Yes,Yes,Yes,Yes
6457-GIRWB,Yes,No,Yes,No,No,No,No,No,No
1450-SKCVI,Yes,No,Yes,No,Yes,No,No,No,No
7693-LCKZL,Yes,Yes,Yes,No,Yes,No,No,No,No
0032-PGELS,No,No,Yes,Yes,No,No,No,No,No
6797-LNAQX,Yes,Yes,Yes,No,Yes,No,No,Yes,Yes
1699-HPSBG,Yes,No,Yes,No,No,No,Yes,Yes,No
8775-CEBBJ,Yes,No,Yes,No,No,No,No,No,No
5067-XJQFU,Yes,Yes,Yes,No,Yes,Yes,Yes,Yes,Yes
2673-CXQEU,Yes,Yes,Yes,Yes,Yes,Yes,No,Yes,Yes
2424-WVHPL,Yes,No,Yes,No,No,No,Yes,No,No
9058-HRZSV,Yes,No,Yes,Yes,Yes,Yes,No,No,Yes
4522-AKYLR,Yes,No,Yes,No,Yes,Yes,No,No,No
2799-ARNLO,Yes,No,Yes,No,No,No,No,No,No
5697-GOMBF,No,No,Yes,No,No,No,No,Yes,No
2739-CACDQ,Yes,Yes,Yes,No,No,Yes,No,No,No
4115-NZRKS,Yes,No,Yes,No,No,No,No,Yes,Yes
8204-YJCLA,No,No,Yes,Yes,Yes,Yes,Yes,Yes,Yes
9774-NRNAU,Yes,Yes,Yes,No,Yes,Yes,Yes,Yes,Yes
0177-PXBAT,Yes,Yes,Yes,Yes,No,Yes,Yes,Yes,Yes
2806-MLNTI,Yes,Yes,Yes,No,Yes,Yes,No,Yes,Yes
9076-AXYIK,Yes,Yes,Yes,No,No,Yes,Yes,Yes,Yes
4933-IKULF,Yes,No,No,No,No,No,No,No,No
5756-OZRIO,Yes,Yes,Yes,No,Yes,No,No,No,Yes
4513-CXYIX,Yes,Yes,Yes,Yes,No,No,No,No,No
8606-CIQUL,Yes,Yes,Yes,Yes,Yes,Yes,Yes,Yes,Yes
4676-MQUEA,Yes,Yes,Yes,Yes,Yes,Yes,No,Yes,No
6689-VRRTK,Yes,Yes,Yes,Yes,Yes,Yes,No,Yes,Yes
6549-YMFAW,Yes,No,No,No,No,No,No,No,No
1307-TVUFB,Yes,Yes,Yes,No,Yes,No,No,No,No
3966-HRMZA,Yes,No,Yes,No,No,Yes,No,No,No
3523-BRGUW,Yes,No,No,No,No,No,No,No,No
6259-WJQLC,Yes,Yes,Yes,No,No,Yes,No,No,No
9904-EHEVJ,Yes,Yes,Yes,No,No,Yes,No,Yes,No
2858-EIMXH,Yes,Yes,Yes,No,No,No,No,Yes,Yes
6419-ZTTLE,Yes,No,No,No,No,No,No,No,No
4782-OSFXZ,Yes,Yes,Yes,Yes,Yes,Yes,Yes,No,Yes
5461-QKNTN,Yes,Yes,Yes,No,Yes,No,Yes,Yes,No
6507-ZJSUR,Yes,No,Yes,No,No,No,No,Yes,Yes
1251-STYSZ,Yes,Yes,Yes,Yes,No,No,No,No,No
7005-CYUIL,Yes,No,Yes,Yes,Yes,Yes,Yes,Yes,No
2388-LAESQ,Yes,Yes,Yes,Yes,Yes,Yes,Yes,Yes,Yes
8752-GHJFU,Yes,Yes,Yes,Yes,Yes,Yes,Yes,No,No
9052-VKDUW,Yes,Yes,Yes,Yes,Yes,Yes,No,Yes,Yes
6806-YDEUL,Yes,No,No,No,No,No,No,No,No
0222-CNVPT,No,No,Yes,Yes,No,No,No,Yes,Yes
6048-UWKAL,Yes,Yes,Yes,No,Yes,No,Yes,Yes,Yes
1728-CXQBE,Yes,Yes,Yes,No,Yes,Yes,No,No,Yes
7108-DGVUU,Yes,Yes,Yes,No,Yes,Yes,No,No,Yes
2439-LYPMQ,Yes,Yes,Yes,No,Yes,Yes,No,Yes,Yes
4918-FYJNT,Yes,Yes,Yes,No,Yes,Yes,Yes,No,No
1320-REHCS,Yes,Yes,Yes,No,Yes,Yes,Yes,Yes,Yes
5605-XNWEN,Yes,Yes,No,No,No,No,No,No,No
3402-XRIUO,Yes,Yes,Yes,Yes,Yes,No,Yes,No,No
8058-DMYRU,Yes,Yes,Yes,No,Yes,No,No,No,Yes
3537-RYBHH,Yes,Yes,Yes,Yes,Yes,Yes,No,No,No
0308-GIQJT,Yes,Yes,Yes,No,Yes,No,Yes,Yes,Yes
8775-ERLNB,Yes,Yes,Yes,No,No,No,No,No,No
4832-VRBMR,Yes,Yes,Yes,No,Yes,Yes,No,Yes,Yes
4079-VTGLK,Yes,Yes,Yes,No,No,Yes,No,Yes,Yes
1302-UHBDD,Yes,No,Yes,No,No,No,No,Yes,Yes
3597-YASZG,Yes,Yes,Yes,No,Yes,No,Yes,Yes,Yes
3420-ZDBMA,Yes,No,Yes,No,No,No,No,No,No
8552-OBVRU,Yes,No,Yes,Yes,No,Yes,Yes,Yes,Yes
9776-OJUZI,Yes,Yes,Yes,No,Yes,Yes,No,Yes,No
0869-PAPRP,Yes,No,Yes,No,No,Yes,No,Yes,No
7268-IGMFD,Yes,Yes,Yes,No,No,Yes,Yes,Yes,No
0013-SMEOE,Yes,No,Yes,Yes,Yes,Yes,Yes,Yes,Yes
6486-LHTMA,Yes,Yes,Yes,No,No,Yes,No,Yes,No
4083-BFNYK,Yes,Yes,Yes,Yes,Yes,No,No,No,Yes
0023-UYUPN,Yes,Yes,No,No,No,No,No,No,No
6360-SVNWV,Yes,No,Yes,Yes,No,No,No,No,No
5198-EFNBM,Yes,No,Yes,No,Yes,Yes,No,Yes,No
5315-CKEQK,Yes,Yes,Yes,No,No,No,No,No,No
0907-HQNTS,Yes,Yes,Yes,Yes,Yes,Yes,Yes,Yes,Yes
8250-ZNGGW,Yes,No,Yes,Yes,Yes,No,Yes,No,No
8166-ORCHU,Yes,No,Yes,Yes,Yes,No,Yes,No,Yes
5533-NHFRF,No,No,Yes,No,Yes,No,Yes,No,Yes
4360-QRAVE,No,No,Yes,No,Yes,Yes,No,No,No
6963-EZQEE,Yes,Yes,Yes,Yes,Yes,Yes,Yes,Yes,Yes
7923-IYJWY,Yes,Yes,Yes,Yes,Yes,Yes,Yes,Yes,Yes
8059-UDZFY,Yes,Yes,Yes,No,Yes,Yes,No,Yes,Yes
8996-ZROXE,Yes,No,Yes,No,No,Yes,Yes,No,No
2207-QPJED,Yes,No,Yes,No,No,Yes,Yes,Yes,No
0928-JMXNP,No,No,Yes,No,No,Yes,No,No,No
0136-IFMYD,Yes,Yes,Yes,No,Yes,Yes,Yes,Yes,Yes
2883-ILGWO,Yes,Yes,Yes,No,Yes,No,Yes,Yes,Yes
1167-OYZJF,Yes,No,No,No,No,No,No,No,No
4806-DXQCE,Yes,Yes,Yes,Yes,Yes,Yes,Yes,Yes,Yes
5996-NRVXR,Yes,No,Yes,Yes,Yes,Yes,Yes,Yes,No
5397-TUPSH,Yes,No,Yes,No,No,No,No,No,No
9402-ORRAH,Yes,No,Yes,No,No,No,No,Yes,Yes
4840-ORQXB,Yes,Yes,Yes,No,Yes,Yes,No,Yes,Yes
9799-CAYJJ,Yes,No,Yes,No,No,No,No,No,No
5913-INRQV,Yes,No,Yes,Yes,No,No,Yes,Yes,No
3878-AVSOQ,Yes,No,Yes,No,No,No,No,No,No
0512-FLFDW,Yes,Yes,Yes,No,No,Yes,No,Yes,Yes
2107-FBPTK,Yes,Yes,Yes,No,Yes,Yes,No,Yes,Yes
1016-DJTSV,Yes,No,Yes,No,No,No,No,No,No
4039-PIMHX,Yes,No,Yes,No,Yes,No,No,No,No
7826-VVKWT,Yes,No,Yes,No,No,Yes,No,Yes,Yes
1309-XGFSN,Yes,Yes,Yes,No,Yes,Yes,No,Yes,Yes
5816-SCGFC,Yes,No,Yes,No,Yes,No,No,No,No
8261-GWDBQ,Yes,Yes,Yes,Yes,Yes,Yes,Yes,Yes,Yes
3692-JHONH,Yes,Yes,Yes,No,Yes,Yes,No,Yes,Yes
1200-TUZHR,Yes,Yes,Yes,No,No,No,No,No,Yes
4098-NAUKP,Yes,Yes,Yes,No,Yes,Yes,No,No,No
2675-DHUTR,Yes,Yes,Yes,No,Yes,No,No,Yes,Yes
0531-ZZJWQ,Yes,Yes,Yes,No,No,No,No,No,No
7278-CKDNC,Yes,Yes,Yes,No,Yes,No,No,No,No
7733-UDMTP,No,No,Yes,No,Yes,Yes,No,Yes,Yes
6904-JLBGY,Yes,Yes,Yes,Yes,Yes,Yes,Yes,Yes,Yes
4223-WOZCM,Yes,No,Yes,No,No,Yes,No,No,No
5917-RYRMG,Yes,No,No,No,No,No,No,No,No
8107-KNCIM,Yes,Yes,Yes,No,No,No,No,No,No
7629-WFGLW,Yes,Yes,Yes,Yes,Yes,Yes,Yes,No,No
8818-DOPVL,Yes,Yes,Yes,No,Yes,Yes,No,Yes,Yes
8189-XRIKE,Yes,No,Yes,No,No,No,No,Yes,Yes
2665-NPTGL,Yes,Yes,Yes,No,No,Yes,No,Yes,Yes
0575-CUQOV,Yes,No,Yes,No,Yes,Yes,No,Yes,Yes
0423-UDIJQ,Yes,No,Yes,No,No,No,Yes,No,No
0471-ARVMX,Yes,Yes,Yes,Yes,No,Yes,No,Yes,Yes
6350-XFYGW,Yes,No,Yes,No,No,Yes,No,Yes,Yes
2988-GBIVW,Yes,Yes,Yes,Yes,No,No,No,No,Yes
8979-CAMGB,Yes,Yes,Yes,No,No,Yes,Yes,Yes,Yes
7594-LZNWR,Yes,No,Yes,No,No,No,No,No,No
4948-WBBKL,Yes,Yes,Yes,No,No,No,No,No,No
8348-JLBUG,Yes,No,Yes,Yes,No,Yes,No,No,No
5730-RIITO,No,No,Yes,Yes,Yes,No,No,No,No
8041-TMEID,Yes,Yes,Yes,Yes,Yes,Yes,No,Yes,Yes
4584-LBNMK,Yes,Yes,No,No,No,No,No,No,No
5995-SNNEW,Yes,Yes,Yes,No,Yes,Yes,No,Yes,Yes
5371-VYLSX,Yes,Yes,Yes,Yes,Yes,No,No,No,No
1078-TDCRN,No,No,Yes,No,Yes,No,No,No,No
9233-PSYHO,Yes,Yes,Yes,No,No,Yes,No,Yes,Yes
2851-STERV,Yes,No,Yes,No,No,Yes,Yes,Yes,Yes
9591-YVTEB,No,No,Yes,Yes,Yes,No,No,Yes,No
6078-VESFR,Yes,No,Yes,No,No,No,No,No,No
9866-OCCKE,Yes,Yes,Yes,Yes,No,Yes,Yes,Yes,Yes
3733-UOCWF,Yes,Yes,Yes,No,Yes,No,Yes,No,No
7472-EQOAV,Yes,No,Yes,Yes,Yes,Yes,No,No,No
1576-PFZIW,Yes,No,Yes,Yes,Yes,Yes,No,Yes,Yes
0147-ESWWR,Yes,Yes,Yes,No,No,No,Yes,Yes,Yes
7072-MBHEV,Yes,Yes,Yes,No,No,Yes,No,No,No
8050-DVOJX,Yes,Yes,Yes,Yes,Yes,Yes,Yes,No,Yes
5135-GRQJV,Yes,Yes,Yes,Yes,Yes,Yes,Yes,Yes,Yes
1371-WEPDS,Yes,No,Yes,No,No,No,No,No,Yes
3349-ANQNH,Yes,Yes,Yes,No,No,Yes,No,Yes,Yes
5937-EORGB,Yes,Yes,Yes,Yes,No,Yes,No,Yes,No
0716-BQNDX,Yes,Yes,Yes,Yes,No,No,Yes,No,Yes
1162-ECVII,Yes,Yes,Yes,No,Yes,Yes,Yes,Yes,Yes
2428-HYUNX,Yes,No,No,No,No,No,No,No,No
5828-DWPIL,Yes,Yes,Yes,Yes,Yes,Yes,No,No,No
3915-ODIYG,Yes,Yes,Yes,Yes,Yes,No,No,No,Yes
1468-DEFNC,Yes,Yes,No,No,No,No,No,No,No
9605-WGJVW,Yes,No,Yes,No,No,No,No,No,No
2322-VCZHZ,Yes,No,Yes,Yes,Yes,No,No,No,Yes
1658-XUHBX,Yes,Yes,Yes,No,No,Yes,No,No,Yes
2378-HTWFW,Yes,Yes,Yes,Yes,No,No,No,No,Yes
3719-TDVQB,Yes,No,No,No,No,No,No,No,No
4476-OSWTN,Yes,Yes,Yes,Yes,No,Yes,Yes,Yes,Yes
4023-RTIQM,No,No,Yes,Yes,Yes,Yes,No,No,Yes
7872-RDDLZ,Yes,Yes,Yes,No,Yes,No,No,No,No
2974-GGUXS,Yes,Yes,Yes,No,Yes,No,No,Yes,No
2205-LPVGL,Yes,Yes,Yes,Yes,Yes,No,Yes,No,No
4868-AADLV,Yes,Yes,Yes,Yes,Yes,Yes,Yes,Yes,Yes
1104-TNLZA,Yes,Yes,Yes,No,Yes,No,Yes,Yes,Yes
5195-KPUNQ,Yes,No,Yes,Yes,Yes,No,Yes,No,Yes
1226-IENZN,Yes,No,Yes,No,No,No,No,No,Yes
3411-WLRSQ,Yes,No,Yes,No,Yes,No,No,No,No
4989-LIXVT,Yes,Yes,Yes,No,Yes,Yes,No,No,Yes
1591-MQJTP,Yes,Yes,Yes,Yes,No,Yes,No,No,Yes
4323-OHFOW,Yes,Yes,Yes,No,Yes,No,Yes,Yes,Yes
6563-VNPMN,Yes,No,Yes,Yes,Yes,No,Yes,No,No
3454-JFUBC,Yes,No,No,No,No,No,No,No,No
9972-VAFJJ,Yes,No,Yes,No,Yes,Yes,Yes,Yes,No
0666-UXTJO,Yes,No,Yes,No,No,Yes,No,Yes,No
3605-JISKB,Yes,Yes,Yes,Yes,Yes,No,No,No,No
7795-CFOCW,No,No,Yes,Yes,No,Yes,Yes,No,No
7469-LKBCI,Yes,No,No,No,No,No,No,No,No
1680-VDCWW,Yes,No,No,No,No,No,No,No,No
3638-WEABW,Yes,Yes,Yes,No,Yes,No,Yes,No,No
6827-IEAUQ,Yes,No,Yes,Yes,Yes,Yes,Yes,No,No
8865-TNMNX,Yes,No,Yes,No,Yes,No,No,No,No
5948-UJZLF,Yes,No,Yes,No,Yes,No,No,No,No
7639-LIAYI,Yes,Yes,Yes,Yes,No,No,Yes,Yes,Yes
3957-SQXML,Yes,Yes,No,No,No,No,No,No,No
1215-FIGMP,Yes,Yes,Yes,No,Yes,No,No,Yes,No
0557-ASKVU,Yes,No,Yes,No,No,Yes,Yes,No,No
5122-CYFXA,Yes,No,Yes,No,Yes,No,Yes,Yes,Yes
3410-YOQBQ,Yes,No,Yes,No,Yes,Yes,Yes,Yes,Yes
3170-NMYVV,Yes,No,No,No,No,No,No,No,No
8108-UXRQN,No,No,Yes,Yes,No,No,No,Yes,Yes
1862-QRWPE,Yes,No,No,No,No,No,No,No,No
9803-FTJCG,Yes,Yes,Yes,Yes,Yes,No,Yes,No,No
7123-WQUHX,Yes,Yes,Yes,No,No,Yes,Yes,Yes,No
8597-CWYHH,Yes,Yes,Yes,No,No,No,No,Yes,Yes
2848-YXSMW,Yes,No,No,No,No,No,No,No,No
4549-ZDQYY,Yes,No,Yes,Yes,No,Yes,Yes,No,No
6734-PSBAW,Yes,Yes,No,No,No,No,No,No,No
8587-XYZSF,Yes,No,Yes,No,No,No,Yes,No,No
7850-VWJUU,Yes,No,Yes,Yes,No,No,No,No,No
2749-CTKAJ,Yes,No,No,No,No,No,No,No,No
6345-FZOQH,Yes,No,No,No,No,No,No,No,No
6727-IOTLZ,Yes,No,Yes,No,Yes,Yes,Yes,Yes,Yes
5918-VUKWP,Yes,No,No,No,No,No,No,No,No
3712-PKXZA,Yes,No,No,No,No,No,No,No,No
6582-OIVSP,Yes,No,Yes,No,No,No,No,No,No
4827-USJHP,Yes,No,Yes,No,Yes,No,No,No,No
8167-GJLRN,No,No,Yes,No,No,No,Yes,No,No
2146-EGVDT,Yes,No,No,No,No,No,No,No,No
2604-IJPDU,Yes,No,Yes,Yes,Yes,No,Yes,Yes,No
7255-SSFBC,Yes,Yes,Yes,No,Yes,Yes,Yes,Yes,Yes
7674-YTAFD,Yes,No,Yes,No,Yes,No,Yes,No,No
1347-KTTTA,Yes,No,Yes,No,Yes,Yes,Yes,Yes,Yes
4195-NZGTA,No,No,Yes,No,No,No,No,No,No
4709-LKHYG,Yes,No,No,No,No,No,No,No,No
2040-LDIWQ,Yes,Yes,Yes,No,Yes,Yes,Yes,Yes,Yes
4443-EMBNA,Yes,Yes,No,No,No,No,No,No,No
0945-TSONX,Yes,Yes,Yes,Yes,Yes,No,Yes,Yes,Yes
0303-UNCIP,Yes,Yes,Yes,No,No,Yes,No,No,Yes
4075-JFPGR,Yes,No,Yes,Yes,Yes,Yes,No,Yes,No
3675-YDUPJ,Yes,No,No,No,No,No,No,No,No
7014-ZZXAW,Yes,Yes,No,No,No,No,No,No,No
4130-MZLCC,Yes,No,Yes,No,Yes,No,No,No,No
0314-TKOSI,Yes,No,Yes,Yes,Yes,No,No,No,No
9577-WJVCQ,Yes,Yes,Yes,Yes,No,No,No,No,No
6202-DYYFX,Yes,Yes,Yes,No,No,No,No,No,No
3808-HFKDE,Yes,No,Yes,No,No,No,No,No,No
2294-SALNE,Yes,No,Yes,No,Yes,Yes,Yes,No,No
6556-DBKZF,Yes,No,Yes,No,No,Yes,No,No,No
2985-JUUBZ,Yes,Yes,Yes,No,No,Yes,No,Yes,Yes
0895-LMRSF,Yes,No,Yes,No,No,No,No,Yes,Yes
7277-OZCGZ,Yes,No,Yes,Yes,No,No,Yes,No,Yes
5027-YOCXN,Yes,Yes,Yes,Yes,Yes,No,Yes,Yes,Yes
7102-JJVTX,Yes,No,Yes,Yes,No,No,No,No,No
8626-PTQGE,No,No,Yes,Yes,Yes,No,Yes,Yes,Yes
9385-EHGDO,Yes,No,No,No,No,No,No,No,No
2379-GYFLQ,Yes,Yes,Yes,No,Yes,Yes,No,Yes,No
5160-UXJED,Yes,No,Yes,No,No,No,No,No,No
9833-TGFHX,Yes,Yes,Yes,Yes,No,No,No,Yes,Yes
5229-DTFYB,Yes,No,Yes,No,Yes,No,Yes,Yes,Yes
0104-PPXDV,Yes,No,Yes,No,No,Yes,No,No,No
6563-VRERX,Yes,No,No,No,No,No,No,No,No
5522-JBWMO,Yes,No,Yes,No,No,No,No,No,No
5876-QMYLD,Yes,No,No,No,No,No,No,No,No
2277-AXSDC,Yes,No,No,No,No,No,No,No,No
4742-DRORA,Yes,Yes,Yes,Yes,No,Yes,No,Yes,No
2233-FAGXV,Yes,Yes,No,No,No,No,No,No,No
5605-IYGFG,Yes,No,Yes,No,No,No,No,No,No
6048-NJXHX,Yes,No,No,No,No,No,No,No,No
2320-SLKMB,No,No,Yes,No,No,Yes,Yes,Yes,No
4376-KFVRS,Yes,Yes,Yes,Yes,Yes,Yes,Yes,Yes,Yes
0771-WLCLA,Yes,Yes,Yes,Yes,No,Yes,Yes,Yes,Yes
2937-FTHUR,Yes,Yes,Yes,Yes,No,No,No,No,Yes
5168-MSWXT,Yes,No,Yes,No,No,Yes,No,Yes,Yes
8592-PLTMQ,Yes,Yes,No,No,No,No,No,No,No
8313-NDOIA,Yes,Yes,Yes,No,Yes,Yes,No,Yes,Yes
5149-CUZUJ,Yes,No,Yes,No,Yes,Yes,Yes,Yes,No
1452-VOQCH,Yes,Yes,Yes,No,No,No,No,No,No
4104-PVRPS,Yes,No,Yes,Yes,No,No,Yes,No,No
0486-LGCCH,Yes,No,No,No,No,No,No,No,No
7971-HLVXI,Yes,Yes,Yes,No,No,No,No,No,Yes
6579-JPICP,Yes,No,No,No,No,No,No,No,No
0505-SPOOW,Yes,No,No,No,No,No,No,No,No
8981-FJGLA,Yes,Yes,Yes,No,No,Yes,No,No,No
8535-SFUTN,Yes,Yes,Yes,Yes,No,Yes,No,Yes,Yes
8677-HDZEE,Yes,Yes,Yes,No,Yes,No,Yes,Yes,Yes
3482-ABPKK,Yes,No,Yes,Yes,No,No,Yes,No,No
0913-XWSCN,Yes,Yes,Yes,No,No,No,No,No,Yes
0750-EBAIU,Yes,No,Yes,Yes,No,Yes,No,Yes,No
7601-GNDYK,Yes,No,No,No,No,No,No,No,No
4234-XTNEA,Yes,No,Yes,No,No,No,No,Yes,No
2560-PPCHE,Yes,Yes,Yes,No,Yes,No,Yes,Yes,Yes
8138-EALND,Yes,No,No,No,No,No,No,No,No
2654-VBVPB,Yes,No,No,No,No,No,No,No,No
2501-XWWTZ,Yes,No,Yes,No,No,No,No,No,No
3716-UVSPD,Yes,No,Yes,No,No,No,Yes,No,No
5846-NEQVZ,Yes,No,Yes,Yes,No,Yes,Yes,No,Yes
6967-QIQRV,Yes,No,Yes,Yes,No,No,Yes,Yes,Yes
0308-IVGOK,No,No,Yes,No,Yes,Yes,Yes,No,No
7293-LSCDV,Yes,No,No,No,No,No,No,No,No
9548-LIGTA,Yes,No,Yes,Yes,Yes,No,Yes,Yes,Yes
5150-LJNSR,Yes,Yes,Yes,Yes,No,Yes,No,Yes,No
2640-LYMOV,Yes,No,No,No,No,No,No,No,No
4568-KNYWR,Yes,No,Yes,Yes,Yes,No,No,Yes,No
8752-IMQOS,Yes,No,No,No,No,No,No,No,No
9244-ZVAPM,Yes,No,Yes,No,No,No,No,No,No
5172-MIGPM,Yes,Yes,Yes,No,No,No,Yes,No,Yes
1096-ADRUX,Yes,Yes,Yes,No,No,No,No,No,No
2731-GJRDG,Yes,Yes,Yes,Yes,No,Yes,Yes,Yes,Yes
7138-GIRSH,Yes,Yes,Yes,No,No,Yes,Yes,No,Yes
4059-IIEBK,Yes,Yes,Yes,No,Yes,No,No,No,No
0516-UXRMT,Yes,Yes,Yes,Yes,Yes,Yes,No,No,No
9411-TPQQV,No,No,Yes,Yes,No,No,Yes,Yes,Yes
9565-FLVCG,Yes,Yes,Yes,Yes,Yes,No,No,No,Yes
7501-IWUNG,Yes,No,Yes,No,No,Yes,Yes,Yes,Yes
8040-MNRTF,Yes,No,Yes,No,No,No,No,No,No
0946-FKYTX,No,No,Yes,No,Yes,No,No,No,No
5076-YVXCM,Yes,Yes,Yes,No,No,No,No,No,Yes
7596-ZYWBB,Yes,No,Yes,Yes,Yes,No,Yes,No,No
3014-WJKSM,Yes,No,Yes,No,No,Yes,No,No,No
9661-JALZV,Yes,Yes,No,No,No,No,No,No,No
5433-KYGHE,Yes,Yes,Yes,Yes,No,No,Yes,No,No
9944-AEXBM,Yes,Yes,Yes,No,No,No,No,No,Yes
1216-JWVUX,Yes,No,Yes,No,Yes,No,No,No,No
7564-GHCVB,Yes,Yes,Yes,Yes,No,No,No,No,No
7595-EHCDL,No,No,Yes,No,No,Yes,No,Yes,Yes
6647-ZEDXT,Yes,Yes,Yes,No,Yes,Yes,Yes,Yes,Yes
2521-NPUZR,Yes,No,Yes,Yes,Yes,Yes,Yes,No,Yes
4381-MHQDC,Yes,Yes,Yes,Yes,No,Yes,Yes,No,No
6425-JWTDV,Yes,No,No,No,No,No,No,No,No
8405-IGQFX,Yes,No,Yes,No,No,Yes,Yes,Yes,No
1410-RSCMR,Yes,No,Yes,Yes,No,Yes,Yes,No,Yes
8823-RLPWL,Yes,Yes,Yes,Yes,Yes,Yes,No,Yes,Yes
9505-SQFSW,No,No,Yes,No,Yes,No,No,No,Yes
0285-INHLN,Yes,No,Yes,Yes,Yes,No,No,No,No
0810-BDHAW,Yes,Yes,Yes,Yes,Yes,No,No,Yes,Yes
3442-ZHHCC,Yes,Yes,Yes,Yes,Yes,Yes,No,No,Yes
9871-ELEYA,Yes,No,Yes,Yes,No,Yes,Yes,Yes,No
7382-DFJTU,Yes,No,Yes,No,No,Yes,Yes,No,No
7975-TZMLR,Yes,Yes,Yes,No,Yes,Yes,No,Yes,Yes
0295-QVKPB,Yes,No,Yes,No,No,Yes,Yes,Yes,No
4335-BSMJS,Yes,Yes,No,No,No,No,No,No,No
8184-WMOFI,Yes,No,Yes,Yes,No,Yes,Yes,No,Yes
8713-IGZSO,Yes,Yes,No,No,No,No,No,No,No
7695-PKLCZ,Yes,No,No,No,No,No,No,No,No
3224-DFQNQ,Yes,Yes,Yes,Yes,Yes,No,Yes,No,No
1573-LGXBA,Yes,No,Yes,No,Yes,Yes,No,Yes,Yes
7876-AEHIG,No,No,Yes,Yes,No,Yes,Yes,Yes,Yes
7945-HLKEA,Yes,Yes,Yes,Yes,No,Yes,Yes,No,No
3199-NPKCN,Yes,Yes,Yes,Yes,No,Yes,Yes,Yes,Yes
2267-FPIMA,Yes,Yes,Yes,Yes,Yes,No,No,No,Yes
0297-RBCSG,Yes,No,Yes,No,Yes,No,Yes,No,Yes
4694-PHWFW,Yes,No,No,No,No,No,No,No,No
0835-JKADZ,Yes,Yes,Yes,No,Yes,Yes,Yes,Yes,Yes
8942-DBMHZ,Yes,No,No,No,No,No,No,No,No
4301-VVZKA,Yes,Yes,Yes,No,No,No,No,No,No
5393-HJZSM,Yes,No,Yes,Yes,Yes,Yes,Yes,No,Yes
8812-ZRHFP,Yes,No,Yes,No,No,Yes,No,No,Yes
5146-CBVOE,Yes,No,Yes,No,Yes,No,No,No,No
2692-AQCPF,Yes,Yes,Yes,No,Yes,Yes,Yes,Yes,Yes
0347-UBKUZ,Yes,No,No,No,No,No,No,No,No
0811-GSDTP,No,No,Yes,No,Yes,No,No,No,No
8584-KMVXD,Yes,No,Yes,No,Yes,No,No,No,No
3261-CQXOL,Yes,Yes,No,No,No,No,No,No,No
0556-FJEGU,Yes,No,Yes,No,Yes,Yes,Yes,Yes,No
1106-HRLKZ,Yes,No,No,No,No,No,No,No,No
2604-XVDAM,Yes,No,Yes,No,No,No,No,No,No
9046-JBFWA,Yes,No,No,No,No,No,No,No,No
3280-NMUVX,Yes,No,No,No,No,No,No,No,No
8361-LBRDI,Yes,Yes,No,No,No,No,No,No,No
9108-EQPNQ,Yes,Yes,No,No,No,No,No,No,No
7277-KAMWT,Yes,No,No,No,No,No,No,No,No
3234-VKACU,Yes,No,Yes,No,No,No,Yes,Yes,Yes
8120-JDCAM,Yes,No,Yes,No,No,No,No,No,No
0929-HYQEW,Yes,No,Yes,Yes,No,No,No,No,No
4065-JJAVA,Yes,No,Yes,No,Yes,No,No,No,No
3748-FVMZZ,No,No,Yes,No,No,No,Yes,No,Yes
4026-SKKHW,Yes,No,Yes,No,No,No,Yes,No,No
2829-HYVZP,Yes,No,No,No,No,No,No,No,No
3486-NPGST,Yes,No,No,No,No,No,No,No,No
6100-FJZDG,Yes,No,No,No,No,No,No,No,No
4367-NUYAO,Yes,Yes,No,No,No,No,No,No,No
9170-ARBTB,Yes,No,No,No,No,No,No,No,No
7241-AJHFS,Yes,Yes,Yes,Yes,No,No,Yes,No,No
9036-CSKBW,Yes,Yes,Yes,Yes,Yes,Yes,No,Yes,Yes
9742-XOKTS,Yes,Yes,Yes,Yes,Yes,No,Yes,No,No
6921-OZMFH,Yes,Yes,Yes,No,No,No,Yes,No,No
0343-QLUZP,No,No,Yes,Yes,Yes,Yes,No,No,No
1271-UODNO,Yes,Yes,Yes,No,No,No,Yes,No,No
6900-RBKER,Yes,Yes,Yes,No,No,Yes,No,No,Yes
1459-QNFQT,No,No,Yes,Yes,No,Yes,Yes,Yes,Yes
8791-GFXLZ,Yes,No,Yes,No,Yes,No,No,No,No
1641-BYBTK,Yes,No,No,No,No,No,No,No,No
4320-QMLLA,Yes,No,Yes,No,No,No,No,Yes,No
8777-PVYGU,Yes,No,Yes,Yes,No,Yes,No,Yes,No
6870-ZWMNX,Yes,Yes,Yes,No,Yes,Yes,Yes,Yes,No
0621-CXBKL,Yes,No,No,No,No,No,No,No,No
6479-OAUSD,Yes,No,No,No,No,No,No,No,No
4189-NAKJS,Yes,Yes,Yes,No,No,No,No,No,No
5562-BETPV,Yes,No,No,No,No,No,No,No,No
6994-ORCWG,Yes,Yes,Yes,No,Yes,No,No,No,No
3164-YAXFY,No,No,Yes,Yes,No,Yes,No,Yes,Yes
8967-SZQAS,Yes,No,Yes,No,Yes,No,No,No,No
0784-GTUUK,Yes,Yes,No,No,No,No,No,No,No
8496-DMZUK,Yes,Yes,Yes,Yes,Yes,Yes,No,No,No
2040-VZIKE,Yes,Yes,Yes,Yes,No,No,No,Yes,Yes
0178-SZBHO,Yes,Yes,Yes,No,Yes,No,No,Yes,No
0319-QZTCO,Yes,No,Yes,No,Yes,No,No,Yes,No
0668-OGMHD,No,No,Yes,Yes,No,No,No,No,No
9408-HRXRK,Yes,Yes,Yes,Yes,Yes,No,No,Yes,Yes
2226-ICFDO,Yes,Yes,Yes,Yes,No,Yes,Yes,Yes,Yes
5095-ETBRJ,Yes,No,Yes,Yes,Yes,No,Yes,No,No
3452-FLHYD,Yes,No,No,No,No,No,No,No,No
6260-ONULR,Yes,No,Yes,No,No,No,No,Yes,Yes
8711-LOBKY,Yes,No,No,No,No,No,No,No,No
8800-ZKRFW,Yes,Yes,Yes,No,Yes,Yes,Yes,Yes,Yes
8390-FESFV,Yes,Yes,Yes,No,Yes,Yes,Yes,Yes,Yes
6198-ZFIOJ,Yes,Yes,Yes,No,No,No,No,No,No
5989-OMNJE,No,No,Yes,Yes,Yes,Yes,No,Yes,Yes
1291-CUOCY,Yes,Yes,Yes,No,Yes,Yes,Yes,Yes,Yes
9795-SHUHB,Yes,No,Yes,Yes,Yes,No,Yes,No,No
0042-RLHYP,Yes,No,No,No,No,No,No,No,No
1866-NXPSP,Yes,No,Yes,Yes,Yes,Yes,Yes,No,Yes
1661-CZBAU,Yes,Yes,Yes,Yes,No,No,Yes,No,Yes
5158-RIVOP,Yes,No,No,No,No,No,No,No,No
9277-JOOMO,Yes,Yes,No,No,No,No,No,No,No
4565-NLZBV,Yes,Yes,No,No,No,No,No,No,No
0661-WCQNQ,Yes,No,Yes,Yes,No,No,Yes,No,No
7537-RBWEA,No,No,Yes,No,No,No,No,No,No
0121-SNYRK,No,No,Yes,Yes,No,No,Yes,No,No
0536-BGFMZ,Yes,No,No,No,No,No,No,No,No
2293-IJWPS,Yes,Yes,Yes,No,No,Yes,No,Yes,Yes
7266-GSSJX,Yes,No,No,No,No,No,No,No,No
5624-RYAMH,Yes,No,No,No,No,No,No,No,No
0196-JTUQI,Yes,Yes,Yes,No,No,No,No,No,No
4291-HPAXL,Yes,No,No,No,No,No,No,No,No
8999-YPYBV,Yes,No,Yes,Yes,Yes,Yes,Yes,Yes,Yes
7684-XSZIY,Yes,Yes,No,No,No,No,No,No,No
2272-JKMSI,Yes,Yes,Yes,No,Yes,Yes,Yes,Yes,Yes
8714-CTZJW,Yes,No,Yes,No,No,Yes,No,No,Yes
3131-NWVFJ,Yes,No,No,No,No,No,No,No,No
1970-KKFWL,Yes,Yes,No,No,No,No,No,No,No
9337-SRRNI,Yes,Yes,No,No,No,No,No,No,No
4859-ZSRDZ,No,No,Yes,No,No,Yes,Yes,Yes,Yes
8785-CJSHH,Yes,Yes,Yes,No,Yes,No,No,Yes,Yes
6510-UPNKS,Yes,Yes,No,No,No,No,No,No,No
9046-DQMTP,Yes,No,No,No,No,No,No,No,No
1666-JZPZT,Yes,Yes,Yes,No,No,No,No,No,No
5514-YQENT,Yes,No,Yes,Yes,Yes,Yes,Yes,Yes,Yes
3211-AAPKX,Yes,Yes,Yes,No,No,No,Yes,Yes,Yes
2958-NHPPS,Yes,No,No,No,No,No,No,No,No
1621-YNCJH,Yes,Yes,Yes,Yes,Yes,Yes,Yes,No,Yes
9777-WJJPR,Yes,Yes,Yes,No,No,Yes,No,Yes,No
5067-DGXLL,Yes,No,No,No,No,No,No,No,No
6281-FKEWS,No,No,Yes,No,No,Yes,No,Yes,Yes
8898-KASCD,No,No,Yes,No,No,Yes,Yes,No,No
6416-YJTTB,Yes,No,Yes,Yes,No,Yes,No,No,No
3128-YOVTD,Yes,No,Yes,Yes,Yes,No,No,No,No
7427-AUFPY,Yes,No,No,No,No,No,No,No,No
9207-ZPANB,Yes,Yes,Yes,Yes,Yes,Yes,Yes,No,No
3012-VFFMN,Yes,No,No,No,No,No,No,No,No
2984-AFWNC,Yes,No,Yes,No,Yes,No,No,Yes,Yes
8096-LOIST,Yes,No,Yes,No,No,No,No,No,Yes
7107-UBYKY,Yes,Yes,No,No,No,No,No,No,No
5071-FBJFS,Yes,No,Yes,Yes,No,No,No,No,No
7114-AEOZE,Yes,No,No,No,No,No,No,No,No
7776-QGYJC,Yes,No,Yes,No,No,Yes,Yes,No,No
9313-QOLTZ,Yes,No,No,No,No,No,No,No,No
9818-XQCUV,Yes,No,No,No,No,No,No,No,No
4751-ERMAN,Yes,No,Yes,No,Yes,Yes,No,Yes,Yes
1436-ZMJAN,Yes,No,Yes,No,No,Yes,No,Yes,Yes
0799-DDIHE,Yes,No,Yes,No,No,No,No,No,No
5127-BZENZ,Yes,Yes,Yes,Yes,No,No,No,Yes,No
4522-XRWWI,Yes,Yes,Yes,Yes,No,No,Yes,Yes,Yes
5939-SXWHM,Yes,Yes,No,No,No,No,No,No,No
7643-RCHXS,Yes,No,No,No,No,No,No,No,No
0620-XEFWH,Yes,No,No,No,No,No,No,No,No
7941-RCJOW,Yes,No,No,No,No,No,No,No,No
2387-KDZQY,Yes,No,No,No,No,No,No,No,No
3399-BMLVW,Yes,No,Yes,Yes,Yes,No,Yes,No,No
3813-DHBBB,No,No,Yes,Yes,Yes,No,Yes,No,Yes
6518-PPLMZ,Yes,No,No,No,No,No,No,No,No
6035-RIIOM,Yes,Yes,Yes,No,Yes,No,No,Yes,Yes
9504-DSHWM,Yes,Yes,Yes,Yes,No,No,Yes,No,No
5035-BVCXS,Yes,No,Yes,No,Yes,No,No,No,No
1371-OJCEK,Yes,Yes,No,No,No,No,No,No,No
3307-TLCUD,No,No,Yes,Yes,No,Yes,No,No,No
4163-KIUHY,Yes,Yes,No,No,No,No,No,No,No
4737-AQCPU,Yes,Yes,Yes,Yes,Yes,Yes,Yes,No,No
2808-CHTDM,Yes,Yes,No,No,No,No,No,No,No
0793-TWELN,Yes,Yes,Yes,Yes,No,No,No,No,No
4735-BJKOU,Yes,No,No,No,No,No,No,No,No
8917-SZTTJ,Yes,No,No,No,No,No,No,No,No
4906-ZHGPK,Yes,Yes,Yes,No,Yes,No,Yes,Yes,No
1298-PHBTI,Yes,Yes,Yes,No,Yes,No,Yes,No,No
6223-DHJGV,Yes,No,No,No,No,No,No,No,No
9964-WBQDJ,Yes,Yes,No,No,No,No,No,No,No
0386-CWRGM,Yes,No,No,No,No,No,No,No,No
2081-VEYEH,Yes,No,Yes,No,Yes,Yes,Yes,Yes,Yes
2587-YNLES,Yes,No,No,No,No,No,No,No,No
7398-SKNQZ,Yes,Yes,Yes,No,No,No,No,Yes,Yes
8952-WCVCD,Yes,No,Yes,Yes,Yes,Yes,No,Yes,Yes
2418-TPEUN,Yes,No,No,No,No,No,No,No,No
8540-ZQGEA,Yes,No,No,No,No,No,No,No,No
1803-BGNBD,Yes,No,Yes,No,Yes,No,Yes,No,No
5848-FHRFC,Yes,No,No,No,No,No,No,No,No
2243-FNMMI,Yes,No,No,No,No,No,No,No,No
2511-MORQY,Yes,Yes,Yes,No,No,Yes,No,No,No
5091-HFAZW,Yes,No,Yes,Yes,Yes,No,No,Yes,No
2586-CWXVV,No,No,Yes,No,Yes,No,No,No,No
5377-NDTOU,Yes,Yes,Yes,Yes,Yes,Yes,Yes,Yes,Yes
2178-PMGCJ,Yes,No,Yes,No,No,No,No,No,No
2773-MADBQ,No,No,Yes,Yes,Yes,Yes,Yes,No,Yes
0817-HSUSE,Yes,No,Yes,No,No,Yes,Yes,Yes,Yes
4450-MDZFX,Yes,Yes,Yes,No,No,No,No,No,No
7554-AKDQF,Yes,No,Yes,No,No,No,No,No,No
2959-EEXWB,No,No,Yes,Yes,No,No,No,Yes,Yes
9350-ZXYJC,Yes,Yes,No,No,No,No,No,No,No
7369-TRPFD,Yes,No,No,No,No,No,No,No,No
9359-JANWS,Yes,No,Yes,Yes,No,Yes,Yes,No,No
3279-DYZQM,Yes,No,No,No,No,No,No,No,No
3961-SXAXY,Yes,No,Yes,No,No,No,No,No,No
7010-BRBUU,Yes,Yes,No,No,No,No,No,No,No
3566-HJGPK,Yes,No,Yes,No,No,No,No,No,No
9637-CDTKZ,Yes,Yes,Yes,Yes,Yes,Yes,Yes,Yes,Yes
4524-QCSSM,No,No,Yes,Yes,Yes,No,No,No,Yes
6695-FRVEC,Yes,No,Yes,Yes,No,Yes,Yes,No,No
9894-QMIMJ,Yes,No,Yes,No,Yes,Yes,No,No,No
3466-WAESX,Yes,Yes,Yes,Yes,Yes,No,No,No,Yes
1951-IEYXM,Yes,Yes,Yes,Yes,Yes,Yes,Yes,Yes,Yes
8232-UTFOZ,Yes,No,No,No,No,No,No,No,No
7188-CBBBA,Yes,Yes,Yes,No,Yes,Yes,No,Yes,No
4623-ZKHLY,Yes,No,No,No,No,No,No,No,No
8201-AAXCB,Yes,Yes,Yes,No,No,No,No,Yes,No
0854-UYHZD,Yes,No,No,No,No,No,No,No,No
8267-KFGYD,Yes,No,No,No,No,No,No,No,No
3764-MNMOI,Yes,No,No,No,No,No,No,No,No
0701-RFGFI,Yes,Yes,Yes,No,No,No,No,Yes,Yes
0019-EFAEP,Yes,Yes,Yes,Yes,Yes,Yes,No,Yes,No
5619-PTMIK,Yes,Yes,Yes,Yes,No,No,No,No,No
7967-HYCDE,Yes,No,Yes,No,No,No,No,No,No
5447-WZAFP,Yes,No,Yes,No,Yes,Yes,No,Yes,Yes
7336-RLLRH,Yes,Yes,Yes,Yes,No,No,Yes,Yes,Yes
0266-CLZKZ,Yes,Yes,Yes,No,No,Yes,Yes,Yes,Yes
7639-OPLNG,Yes,Yes,Yes,Yes,Yes,Yes,Yes,Yes,No
1087-GRUYI,Yes,No,No,No,No,No,No,No,No
0181-RITDD,Yes,No,Yes,Yes,Yes,Yes,Yes,Yes,Yes
9720-JJJOR,Yes,No,Yes,Yes,Yes,Yes,No,No,No
2550-QHZGP,Yes,No,No,No,No,No,No,No,No
2538-OIMXF,No,No,Yes,No,No,No,No,No,No
7061-OVMIM,Yes,No,No,No,No,No,No,No,No
9079-LWTFD,Yes,Yes,Yes,Yes,Yes,No,Yes,Yes,No
3486-KHMLI,Yes,Yes,No,No,No,No,No,No,No
3933-DQPWX,No,No,Yes,No,Yes,Yes,Yes,No,No
2251-PYLPB,Yes,Yes,Yes,Yes,Yes,Yes,Yes,No,Yes
2190-BCXEC,Yes,Yes,Yes,No,No,No,Yes,No,No
4547-FZJWE,Yes,No,Yes,Yes,No,No,No,No,Yes
3521-HTQTV,Yes,Yes,No,No,No,No,No,No,No
7607-QKKTJ,Yes,Yes,Yes,No,Yes,Yes,No,No,Yes
8984-HPEMB,Yes,Yes,Yes,Yes,Yes,Yes,Yes,Yes,Yes
6648-INWPS,Yes,No,No,No,No,No,No,No,No
4223-BKEOR,Yes,No,Yes,Yes,No,Yes,No,No,Yes
8894-JVDCV,Yes,Yes,Yes,Yes,Yes,Yes,Yes,Yes,Yes
2023-VQFDL,Yes,No,No,No,No,No,No,No,No
0248-IPDFW,Yes,Yes,Yes,No,No,No,No,No,No
5453-YBTWV,Yes,No,Yes,Yes,Yes,Yes,Yes,Yes,No
1895-QTKDO,Yes,No,Yes,No,No,No,No,No,No
1178-PZGAB,Yes,No,No,No,No,No,No,No,No
7311-MQJCH,Yes,No,No,No,No,No,No,No,No
4195-PNGZS,Yes,Yes,No,No,No,No,No,No,No
9891-NQDBD,Yes,Yes,No,No,No,No,No,No,No
8532-UEFWH,Yes,Yes,No,No,No,No,No,No,No
6296-DDOOR,Yes,No,Yes,No,Yes,No,No,Yes,No
7036-TYDEC,Yes,Yes,Yes,No,No,Yes,Yes,Yes,Yes
5197-YPYBZ,Yes,Yes,No,No,No,No,No,No,No
5494-WOZRZ,Yes,No,Yes,Yes,No,Yes,Yes,Yes,Yes
3298-QEICA,No,No,Yes,Yes,No,No,Yes,No,No
0788-DXBFY,Yes,No,No,No,No,No,No,No,No
3496-LFSZU,Yes,No,Yes,No,No,No,No,No,No
5242-UOWHD,Yes,No,No,No,No,No,No,No,No
3378-AJRAO,Yes,Yes,No,No,No,No,No,No,No
0362-RAOQO,Yes,No,No,No,No,No,No,No,No
2054-PJOCK,Yes,Yes,Yes,No,No,Yes,Yes,Yes,Yes
3126-WQMGH,Yes,Yes,Yes,No,No,No,No,No,No
9239-GZHZE,Yes,Yes,Yes,Yes,Yes,Yes,Yes,Yes,Yes
8064-RAVOH,Yes,No,Yes,No,No,Yes,No,No,No
8197-BFWVU,Yes,Yes,Yes,Yes,Yes,Yes,Yes,Yes,Yes
6770-UAYGJ,Yes,Yes,No,No,No,No,No,No,No
7928-VJYAB,Yes,No,Yes,No,No,No,No,Yes,Yes
1187-WILMM,Yes,Yes,Yes,Yes,Yes,Yes,Yes,Yes,Yes
3097-PYWXL,Yes,No,No,No,No,No,No,No,No
2266-SJNAT,Yes,Yes,Yes,No,Yes,Yes,Yes,Yes,Yes
2809-ILCYT,Yes,Yes,No,No,No,No,No,No,No
0234-TEVTT,No,No,Yes,Yes,No,Yes,No,No,Yes
8739-XNIKG,Yes,Yes,Yes,No,No,No,No,Yes,No
7989-AWGEH,No,No,Yes,Yes,No,No,No,No,Yes
4373-VVHQL,Yes,No,Yes,No,No,No,No,No,No
9822-OAOVB,Yes,No,Yes,No,No,No,No,No,Yes
7389-KBFIT,No,No,Yes,No,Yes,No,No,No,No
5141-ZUVBH,Yes,No,Yes,Yes,No,Yes,Yes,No,Yes
7623-HKYRK,Yes,No,No,No,No,No,No,No,No
0310-SUCIN,Yes,No,Yes,Yes,Yes,Yes,Yes,Yes,Yes
3275-RHRNE,No,No,Yes,No,Yes,Yes,Yes,Yes,Yes
3503-TYDAY,Yes,Yes,Yes,No,Yes,No,No,No,No
3893-JRNFS,No,No,Yes,No,No,Yes,No,No,Yes
1133-KXCGE,Yes,No,No,No,No,No,No,No,No
1821-BUCWY,Yes,No,Yes,Yes,No,Yes,No,No,No
9481-SFCQY,Yes,No,Yes,No,No,Yes,No,Yes,No
0567-GGCAC,Yes,No,Yes,Yes,Yes,Yes,No,No,No
2230-XTUWL,Yes,No,No,No,No,No,No,No,No
6559-RAKOZ,Yes,Yes,Yes,No,No,No,Yes,Yes,Yes
6164-HXUGH,Yes,No,No,No,No,No,No,No,No
9135-MGVPY,Yes,No,Yes,Yes,Yes,Yes,Yes,Yes,Yes
1212-GLHMD,Yes,No,Yes,Yes,No,No,No,No,Yes
6476-EPYZR,Yes,No,No,No,No,No,No,No,No
6620-HVDUJ,Yes,No,Yes,Yes,Yes,No,Yes,No,No
6188-UXBBR,Yes,No,No,No,No,No,No,No,No
2333-KWEWW,Yes,No,No,No,No,No,No,No,No
6585-WCEWR,Yes,No,No,No,No,No,No,No,No
9668-PUGNU,Yes,Yes,No,No,No,No,No,No,No
1926-QUZNN,Yes,Yes,No,No,No,No,No,No,No
4927-WWOOZ,Yes,Yes,Yes,No,No,Yes,No,Yes,No
0722-SVSFK,Yes,No,Yes,No,No,Yes,Yes,Yes,Yes
5397-NSKQG,No,No,Yes,Yes,No,No,No,Yes,Yes
8670-ERCJH,Yes,Yes,Yes,Yes,Yes,Yes,Yes,Yes,Yes
7285-KLOTR,Yes,Yes,Yes,Yes,No,Yes,No,Yes,Yes
8868-GAGIO,Yes,Yes,Yes,Yes,No,Yes,No,No,No
3230-JCNZS,Yes,Yes,Yes,Yes,Yes,Yes,No,Yes,No
7996-BPXHY,Yes,Yes,No,No,No,No,No,No,No
2266-FUBDZ,Yes,No,No,No,No,No,No,No,No
8216-AZUUZ,Yes,No,Yes,No,No,Yes,Yes,Yes,Yes
9153-BTBVV,Yes,Yes,No,No,No,No,No,No,No
4361-FEBGN,Yes,No,No,No,No,No,No,No,No
7145-FEJWU,Yes,Yes,Yes,No,Yes,Yes,No,Yes,Yes
1051-EQPZR,Yes,No,No,No,No,No,No,No,No
5780-INQIK,Yes,No,Yes,No,No,No,Yes,No,No
0962-CQPWQ,Yes,No,No,No,No,No,No,No,No
3096-YXENJ,Yes,Yes,Yes,No,Yes,Yes,Yes,Yes,Yes
5837-LXSDN,Yes,No,Yes,No,Yes,No,No,Yes,No
5945-AZYHT,Yes,Yes,Yes,Yes,Yes,Yes,No,Yes,Yes
8325-QRPZR,Yes,No,Yes,No,No,Yes,No,No,No
0164-APGRB,Yes,Yes,Yes,Yes,Yes,Yes,Yes,Yes,Yes
3130-ICDUP,Yes,Yes,Yes,Yes,No,No,No,No,No
2792-LSHWX,Yes,No,Yes,Yes,Yes,No,Yes,No,No
0014-BMAQU,Yes,Yes,Yes,Yes,No,No,Yes,No,No
7665-NKLAV,No,No,Yes,Yes,No,Yes,Yes,No,No
4391-LNRXK,Yes,No,Yes,No,Yes,Yes,Yes,No,Yes
6131-FOYAS,Yes,Yes,Yes,Yes,No,Yes,No,No,No
4727-MCYZG,Yes,No,Yes,No,No,No,No,No,Yes
7473-ZBDSN,Yes,No,No,No,No,No,No,No,No
5639-NTUPK,Yes,No,Yes,Yes,No,No,No,No,No
6242-SGYTS,Yes,Yes,Yes,Yes,Yes,No,No,Yes,No
8414-OOEEL,Yes,No,Yes,No,Yes,Yes,Yes,Yes,Yes
2150-OEGBV,Yes,No,No,No,No,No,No,No,No
6997-UVGOX,Yes,No,Yes,Yes,Yes,Yes,Yes,Yes,Yes
5781-BKHOP,Yes,Yes,Yes,Yes,Yes,Yes,No,Yes,No
5445-GLVOT,Yes,No,Yes,Yes,No,No,No,No,No
3976-HXHCE,Yes,No,No,No,No,No,No,No,No
5996-DAOQL,Yes,No,No,No,No,No,No,No,No
7883-ROJOC,Yes,No,Yes,No,No,No,No,No,No
0244-LGNFY,Yes,Yes,Yes,Yes,Yes,Yes,Yes,Yes,Yes
7274-CGTOD,No,No,Yes,Yes,Yes,Yes,Yes,No,No
1866-ZSLJM,Yes,No,No,No,No,No,No,No,No
9392-XBGTD,Yes,No,No,No,No,No,No,No,No
9929-PLVPA,Yes,No,No,No,No,No,No,No,No
2371-JUNGC,Yes,No,No,No,No,No,No,No,No
2351-BKRZW,Yes,No,Yes,Yes,No,Yes,No,Yes,Yes
5480-XTFFL,Yes,No,No,No,No,No,No,No,No
5468-BPMMO,Yes,No,No,No,No,No,No,No,No
2439-QKJUL,Yes,No,No,No,No,No,No,No,No
2250-IVBWA,Yes,No,Yes,Yes,Yes,No,No,No,No
9506-UXUSK,Yes,No,Yes,No,No,No,No,No,No
6599-GZWCM,Yes,No,Yes,No,Yes,No,No,No,No
4760-THGOT,Yes,Yes,Yes,Yes,Yes,No,No,No,Yes
4016-BJKTZ,Yes,Yes,Yes,No,Yes,Yes,Yes,Yes,Yes
7009-PCARS,Yes,No,No,No,No,No,No,No,No
9372-TXXPS,Yes,No,Yes,Yes,Yes,No,Yes,No,No
3259-QMXUN,Yes,Yes,Yes,Yes,Yes,Yes,No,Yes,Yes
0936-NQLJU,Yes,No,No,No,No,No,No,No,No
4884-LEVMQ,Yes,No,No,No,No,No,No,No,No
1699-UOTXU,Yes,No,Yes,Yes,Yes,Yes,No,No,No
9093-FPDLG,Yes,No,Yes,No,Yes,Yes,Yes,No,Yes
0541-FITGH,Yes,No,Yes,Yes,No,No,No,No,Yes
6838-HVLXG,Yes,No,No,No,No,No,No,No,No
0233-FTHAV,Yes,Yes,Yes,No,No,Yes,No,No,No
5226-NOZFC,Yes,No,Yes,No,Yes,No,No,Yes,No
1400-WIVLL,Yes,Yes,Yes,No,No,Yes,Yes,Yes,Yes
2187-PKZAY,Yes,No,Yes,No,No,No,No,No,Yes
3170-GWYKC,Yes,No,Yes,Yes,No,Yes,Yes,Yes,Yes
9522-ZSINC,Yes,No,No,No,No,No,No,No,No
5622-UEJFI,Yes,Yes,No,No,No,No,No,No,No
0301-FIDRB,No,No,Yes,Yes,Yes,Yes,Yes,Yes,Yes
2181-TIDSV,Yes,No,No,No,No,No,No,No,No
1936-CZAKF,No,No,Yes,No,Yes,No,No,Yes,Yes
9453-PATOS,Yes,No,Yes,Yes,Yes,Yes,Yes,Yes,Yes
4402-FTBXC,Yes,No,Yes,Yes,No,Yes,No,Yes,No
2931-XIQBR,Yes,No,Yes,No,No,Yes,Yes,Yes,Yes
0106-UGRDO,Yes,Yes,Yes,Yes,Yes,Yes,Yes,Yes,Yes
5220-AGAAX,Yes,Yes,No,No,No,No,No,No,No
0208-BPQEJ,Yes,No,No,No,No,No,No,No,No
9435-JMLSX,Yes,No,Yes,Yes,Yes,Yes,Yes,Yes,Yes
3987-KQDDU,Yes,No,Yes,Yes,No,No,No,No,No
3404-JNXAX,Yes,Yes,Yes,No,No,No,Yes,No,No
3489-VSFRD,Yes,No,Yes,Yes,No,Yes,Yes,No,No
2674-MIAHT,Yes,Yes,Yes,No,Yes,No,No,No,No
2576-HXMPA,Yes,No,No,No,No,No,No,No,No
7587-AOVVU,Yes,Yes,Yes,Yes,Yes,No,Yes,Yes,No
1163-VIPRI,Yes,Yes,Yes,Yes,No,Yes,Yes,Yes,Yes
9443-JUBUO,No,No,Yes,Yes,Yes,Yes,Yes,Yes,Yes
2960-NKRSO,Yes,No,Yes,No,Yes,Yes,Yes,No,No
0397-ZXWQF,Yes,No,No,No,No,No,No,No,No
6620-JDYNW,Yes,Yes,Yes,Yes,No,Yes,No,No,No
1038-RQOST,Yes,No,No,No,No,No,No,No,No
8084-OIVBS,Yes,No,No,No,No,No,No,No,No
1498-NHTLT,Yes,No,Yes,Yes,Yes,Yes,Yes,Yes,Yes
1614-JBEBI,Yes,No,No,No,No,No,No,No,No
5795-KTGUD,Yes,Yes,Yes,Yes,Yes,Yes,No,Yes,Yes
4702-HDRKD,No,No,Yes,Yes,No,Yes,Yes,Yes,No
1406-PUQVY,Yes,No,Yes,No,Yes,No,No,No,No
0960-HUWBM,Yes,Yes,Yes,No,No,Yes,Yes,Yes,Yes
7089-XXAYG,No,No,Yes,No,No,Yes,No,Yes,No
1666-JXLKU,Yes,Yes,Yes,No,No,Yes,No,Yes,Yes
7855-DIWPO,Yes,No,Yes,No,No,No,No,No,No
5652-MSDEY,Yes,Yes,Yes,No,No,No,No,No,No
1784-BXEFA,Yes,No,No,No,No,No,No,No,No
4504-YOULA,Yes,Yes,Yes,Yes,Yes,No,No,No,No
1777-JYQPJ,No,No,Yes,No,No,No,No,No,No
5680-LQOGP,Yes,No,Yes,Yes,Yes,Yes,Yes,Yes,Yes
9931-DCEZH,Yes,No,Yes,No,Yes,No,Yes,No,No
1898-JSNDC,Yes,No,Yes,No,Yes,No,No,Yes,No
2410-CIYFZ,Yes,No,No,No,No,No,No,No,No
5038-ETMLM,Yes,Yes,Yes,Yes,Yes,Yes,Yes,Yes,Yes
6569-KTMDU,Yes,No,No,No,No,No,No,No,No
0396-YCHWO,Yes,Yes,Yes,No,No,No,No,Yes,Yes
0867-LDTTC,Yes,No,Yes,No,No,Yes,Yes,Yes,Yes
3148-AOIQT,Yes,Yes,No,No,No,No,No,No,No
5222-JCXZT,Yes,No,No,No,No,No,No,No,No
3181-VTHOE,No,No,Yes,No,Yes,Yes,Yes,No,Yes
5924-IFQTT,Yes,Yes,Yes,No,Yes,Yes,Yes,Yes,No
7968-QUXNS,Yes,No,No,No,No,No,No,No,No
9467-ROOLM,Yes,No,No,No,No,No,No,No,No
7272-QDCKA,Yes,Yes,Yes,No,Yes,No,No,Yes,Yes
9766-HGEDE,Yes,No,No,No,No,No,No,No,No
6734-CKRSM,Yes,No,No,No,No,No,No,No,No
1265-ZFOSD,Yes,Yes,Yes,Yes,Yes,Yes,Yes,No,Yes
1407-DIGZV,Yes,No,No,No,No,No,No,No,No
0570-BFQHT,Yes,No,Yes,No,Yes,Yes,No,No,No
8564-LDKFL,Yes,Yes,Yes,No,Yes,Yes,No,Yes,Yes
5501-TVMGM,Yes,No,Yes,No,No,No,No,No,Yes
5879-HMFFH,Yes,Yes,Yes,Yes,Yes,Yes,Yes,Yes,Yes
6772-WFQRD,Yes,No,No,No,No,No,No,No,No
0585-EGDDA,Yes,No,Yes,No,Yes,Yes,No,No,No
3594-IVHJZ,Yes,No,No,No,No,No,No,No,No
6869-FGJJC,Yes,No,Yes,No,Yes,Yes,No,No,No
3896-ZVNET,Yes,Yes,No,No,No,No,No,No,No
4931-TRZWN,Yes,No,Yes,Yes,No,No,No,Yes,Yes
8043-PNYSD,Yes,No,No,No,No,No,No,No,No
5402-HTOTQ,Yes,Yes,Yes,No,Yes,No,No,No,No
7966-YOTQW,Yes,Yes,Yes,Yes,No,No,No,No,No
6924-TDGMT,Yes,No,No,No,No,No,No,No,No
8123-QBNAZ,Yes,Yes,Yes,Yes,No,Yes,No,Yes,Yes
9620-ENEJV,Yes,No,Yes,No,No,No,No,No,No
0464-WJTKO,Yes,No,No,No,No,No,No,No,No
2662-NNTDK,Yes,Yes,No,No,No,No,No,No,No
4323-ELYYB,Yes,No,No,No,No,No,No,No,No
4293-ETKAP,Yes,Yes,Yes,No,Yes,No,Yes,Yes,Yes
0330-BGYZE,Yes,Yes,Yes,No,Yes,Yes,No,Yes,Yes
2706-QZIHY,Yes,Yes,No,No,No,No,No,No,No
6061-PQHMK,Yes,No,No,No,No,No,No,No,No
6685-GBWJZ,Yes,No,Yes,Yes,Yes,No,Yes,Yes,No
0384-LPITE,No,No,Yes,Yes,Yes,Yes,No,Yes,Yes
4536-PLEQY,Yes,No,Yes,No,Yes,No,No,No,Yes
5447-VYTKW,Yes,No,Yes,Yes,No,No,Yes,No,No
7109-CQYUZ,Yes,Yes,Yes,Yes,Yes,Yes,Yes,Yes,Yes
2696-RZVZW,Yes,Yes,No,No,No,No,No,No,No
5766-FTRTS,Yes,No,Yes,Yes,Yes,Yes,Yes,Yes,Yes
8879-ZKJOF,Yes,No,Yes,Yes,No,Yes,Yes,Yes,Yes
5578-NKCXI,Yes,No,Yes,Yes,Yes,No,No,Yes,Yes
1642-HMARX,Yes,Yes,Yes,Yes,Yes,Yes,Yes,Yes,Yes
8434-PNQZX,Yes,Yes,Yes,No,No,Yes,Yes,Yes,Yes
9618-LFJRU,Yes,No,No,No,No,No,No,No,No
0744-GKNGE,Yes,Yes,Yes,Yes,No,No,Yes,No,No
6447-EGDIV,Yes,No,No,No,No,No,No,No,No
5294-DMSFH,Yes,No,Yes,No,No,No,No,Yes,Yes
0603-OLQDC,Yes,No,Yes,Yes,No,No,No,Yes,Yes
8663-UPDGF,Yes,Yes,Yes,Yes,Yes,No,No,Yes,No
6719-FGEDO,Yes,Yes,Yes,Yes,Yes,Yes,Yes,No,No
8174-TBVCF,Yes,Yes,Yes,Yes,Yes,Yes,Yes,Yes,Yes
1877-HKBQX,Yes,No,Yes,Yes,No,No,Yes,No,No
4450-DLLMH,Yes,No,Yes,No,No,No,No,No,No
2746-DIJLO,Yes,Yes,Yes,No,Yes,No,No,No,No
4086-ATNFV,Yes,No,Yes,Yes,Yes,Yes,No,No,No
0468-YRPXN,Yes,No,Yes,No,No,Yes,Yes,Yes,Yes
3739-YBWAB,No,No,Yes,Yes,No,Yes,No,No,No
7047-FWEYA,Yes,Yes,Yes,No,Yes,No,Yes,Yes,Yes
8566-YPRGL,Yes,No,No,No,No,No,No,No,No
6609-MXJHJ,Yes,Yes,No,No,No,No,No,No,No
8400-WZICQ,Yes,No,Yes,Yes,Yes,No,No,No,No
9430-NKQLY,Yes,Yes,No,No,No,No,No,No,No
0247-SLUJI,Yes,No,No,No,No,No,No,No,No
7673-LPRNY,Yes,Yes,Yes,Yes,No,Yes,No,Yes,Yes
9257-AZMTZ,Yes,No,No,No,No,No,No,No,No
5201-FRKKS,Yes,No,Yes,Yes,No,No,No,No,No
3678-MNGZX,Yes,No,No,No,No,No,No,No,No
1335-NTIUC,No,No,Yes,No,No,No,No,No,No
6993-YCOBK,Yes,Yes,Yes,Yes,No,Yes,Yes,Yes,Yes
5206-HPJKM,Yes,No,Yes,Yes,Yes,No,No,No,No
8393-JMVMB,Yes,No,No,No,No,No,No,No,No
0969-RGKCU,Yes,No,No,No,No,No,No,No,No
1703-MGIAB,Yes,Yes,Yes,No,No,Yes,Yes,Yes,No
1077-HUUJM,Yes,No,Yes,No,No,No,No,No,No
0895-LNKRC,Yes,No,No,No,No,No,No,No,No
8417-GSODA,Yes,Yes,Yes,No,No,No,No,Yes,Yes
9677-AVKED,Yes,Yes,Yes,No,Yes,Yes,Yes,Yes,Yes
9847-HNVGP,Yes,No,No,No,No,No,No,No,No
6696-YDAYZ,Yes,No,No,No,No,No,No,No,No
2292-XQWSV,No,No,Yes,No,Yes,Yes,Yes,Yes,Yes
9447-YPTBX,Yes,No,No,No,No,No,No,No,No
7011-CVEUC,Yes,No,Yes,No,No,No,Yes,Yes,Yes
1552-CZCLL,Yes,No,No,No,No,No,No,No,No
4488-KQFDT,Yes,Yes,Yes,No,Yes,Yes,No,Yes,Yes
5693-PIPCS,Yes,No,Yes,No,Yes,No,Yes,Yes,Yes
0491-KAPQG,Yes,Yes,Yes,No,No,No,No,No,No
3243-ZHOHY,Yes,No,No,No,No,No,No,No,No
7527-QNRUS,Yes,Yes,No,No,No,No,No,No,No
0487-CRLZF,Yes,No,Yes,No,No,Yes,Yes,Yes,Yes
9738-QLWTP,Yes,No,Yes,No,No,Yes,Yes,No,No
9419-IPPBE,Yes,Yes,Yes,No,No,Yes,No,No,Yes
9753-OYLBX,Yes,No,No,No,No,No,No,No,No
6473-ULUHT,Yes,Yes,Yes,Yes,Yes,No,Yes,Yes,Yes
6088-BXMRG,Yes,Yes,Yes,No,Yes,No,No,Yes,Yes
9483-GCPWE,Yes,No,No,No,No,No,No,No,No
6823-SIDFQ,Yes,No,No,No,No,No,No,No,No
2897-DOVND,Yes,No,Yes,No,No,No,No,No,No
2926-JEJJC,Yes,No,No,No,No,No,No,No,No
4950-BDEUX,No,No,Yes,No,No,Yes,No,Yes,Yes
9040-KZVWO,Yes,No,Yes,No,Yes,No,No,No,No
6339-RZCBJ,Yes,No,Yes,No,Yes,Yes,Yes,Yes,Yes
4615-PIVVU,Yes,No,Yes,No,No,Yes,Yes,No,Yes
9385-NXKDA,Yes,Yes,Yes,Yes,Yes,Yes,No,Yes,Yes
1814-DKOLC,Yes,Yes,No,No,No,No,No,No,No
9631-XEYKE,Yes,Yes,Yes,No,No,No,No,No,No
8800-JOOCF,Yes,Yes,Yes,No,No,No,No,Yes,No
2386-OWURY,Yes,No,Yes,No,No,No,Yes,Yes,Yes
0310-VQXAM,Yes,No,No,No,No,No,No,No,No
2903-YYTBW,Yes,No,Yes,No,No,No,No,No,No
8819-ZBYNA,Yes,Yes,Yes,Yes,Yes,No,Yes,Yes,Yes
9065-ZCPQX,Yes,Yes,Yes,Yes,Yes,Yes,Yes,No,Yes
6402-EJMWF,Yes,No,Yes,No,No,No,No,No,Yes
8747-UDCOI,Yes,No,No,No,No,No,No,No,No
8387-UGUSU,Yes,No,No,No,No,No,No,No,No
8439-LTUGF,Yes,No,No,No,No,No,No,No,No
0206-OYVOC,Yes,No,No,No,No,No,No,No,No
7291-CDTMJ,Yes,No,No,No,No,No,No,No,No
7691-KGKGP,Yes,No,Yes,No,Yes,No,Yes,Yes,No
3675-EQOZA,Yes,No,No,No,No,No,No,No,No
0840-DCNZE,Yes,No,Yes,Yes,Yes,Yes,Yes,Yes,Yes
4922-CVPDX,Yes,No,Yes,No,Yes,Yes,No,Yes,Yes
1357-BIJKI,Yes,Yes,Yes,No,Yes,No,No,Yes,Yes
7392-YYPYJ,Yes,Yes,Yes,No,Yes,No,No,Yes,Yes
2176-OSJUV,Yes,Yes,Yes,Yes,Yes,No,Yes,No,No
9348-YVOMK,Yes,No,Yes,No,No,No,No,No,No
5989-AXPUC,Yes,Yes,Yes,Yes,Yes,Yes,Yes,Yes,Yes
4979-HPRFL,Yes,Yes,No,No,No,No,No,No,No
8008-OTEZX,Yes,No,No,No,No,No,No,No,No
2773-OVBPK,Yes,Yes,Yes,No,Yes,Yes,Yes,Yes,Yes
5206-XZZQI,Yes,No,Yes,No,Yes,No,Yes,No,No
9702-AIUJO,Yes,No,Yes,No,No,No,No,No,No
4324-AHJKS,Yes,No,Yes,Yes,No,Yes,No,No,No
5915-ANOEI,Yes,Yes,Yes,Yes,Yes,Yes,Yes,Yes,No
2019-HDCZY,Yes,Yes,Yes,No,No,Yes,No,Yes,Yes
2541-YGPKE,Yes,No,Yes,Yes,No,No,Yes,No,Yes
9592-ERDKV,Yes,Yes,Yes,Yes,No,Yes,No,Yes,Yes
7008-LZVOZ,Yes,Yes,No,No,No,No,No,No,No
5884-FBCTL,Yes,Yes,No,No,No,No,No,No,No
6242-FEGFD,Yes,Yes,Yes,Yes,Yes,Yes,Yes,No,No
2987-BJXIK,Yes,Yes,Yes,Yes,Yes,Yes,No,Yes,Yes
6752-APNJL,Yes,No,Yes,Yes,Yes,No,No,No,No
5803-NQJZO,Yes,Yes,Yes,Yes,Yes,Yes,Yes,No,No
4006-HKYHO,Yes,No,Yes,Yes,Yes,Yes,Yes,Yes,Yes
5863-OOKCL,Yes,No,No,No,No,No,No,No,No
1329-VHWNP,No,No,Yes,No,No,No,No,No,No
0019-GFNTW,No,No,Yes,Yes,Yes,Yes,Yes,No,No
1485-YDHMM,Yes,Yes,Yes,No,Yes,No,Yes,No,Yes
4054-CUMIA,Yes,No,No,No,No,No,No,No,No
2525-GVKQU,Yes,No,No,No,No,No,No,No,No
9581-GVBXT,No,No,Yes,Yes,No,Yes,No,No,No
0440-QEXBZ,Yes,Yes,Yes,No,No,No,No,No,No
8152-VETUR,Yes,Yes,Yes,No,Yes,No,No,Yes,Yes
3423-HHXAO,Yes,No,No,No,No,No,No,No,No
6537-QLGEX,No,No,Yes,Yes,No,No,No,Yes,No
3160-TYXLT,No,No,Yes,Yes,Yes,No,No,No,Yes
2235-EZAIK,Yes,Yes,Yes,Yes,Yes,Yes,Yes,Yes,No
3847-BAERP,Yes,No,No,No,No,No,No,No,No
0670-KDOMA,Yes,No,No,No,No,No,No,No,No
8687-BAFGU,Yes,No,Yes,No,No,No,Yes,No,No
6624-JDRDS,No,No,Yes,Yes,No,No,No,No,No
1919-RTPQD,Yes,No,Yes,No,No,No,No,No,No
5208-FVQKB,Yes,No,Yes,Yes,Yes,No,Yes,No,Yes
6211-WWLTF,Yes,No,Yes,Yes,No,Yes,No,Yes,Yes
4826-TZEVA,Yes,No,Yes,No,Yes,No,No,No,No
7777-UNYHB,Yes,No,No,No,No,No,No,No,No
1685-VAYJF,Yes,No,Yes,No,No,No,No,No,No
8874-EJNSR,Yes,Yes,No,No,No,No,No,No,No
9741-YLNTD,Yes,Yes,Yes,No,No,No,Yes,No,Yes
0906-QVPMS,Yes,Yes,Yes,Yes,Yes,Yes,Yes,Yes,Yes
1905-OEILC,Yes,No,No,No,No,No,No,No,No
7858-GTZSP,Yes,Yes,Yes,No,No,No,No,No,Yes
7572-KPVKK,Yes,Yes,Yes,No,No,Yes,Yes,Yes,Yes
2642-MAWLJ,Yes,No,No,No,No,No,No,No,No
7103-ZGVNT,Yes,Yes,Yes,Yes,Yes,No,Yes,Yes,No
2428-ZMCTB,Yes,No,No,No,No,No,No,No,No
6963-KQYQB,Yes,Yes,No,No,No,No,No,No,No
5934-RMPOV,Yes,Yes,Yes,No,No,No,No,No,Yes
1207-BLKSA,Yes,Yes,No,No,No,No,No,No,No
9031-ZVQPT,Yes,Yes,Yes,No,Yes,Yes,Yes,Yes,Yes
6480-YAGIY,Yes,No,Yes,Yes,Yes,Yes,Yes,Yes,Yes
0307-BCOPK,Yes,No,No,No,No,No,No,No,No
6124-ACRHJ,Yes,No,No,No,No,No,No,No,No
9362-MWODR,Yes,No,Yes,Yes,No,No,Yes,Yes,No
9975-GPKZU,Yes,No,No,No,No,No,No,No,No
7919-ZODZZ,Yes,No,Yes,No,Yes,Yes,No,No,Yes
0565-JUPYD,Yes,Yes,Yes,Yes,Yes,Yes,Yes,Yes,No
6867-ACCZI,No,No,Yes,Yes,Yes,Yes,Yes,No,Yes
6821-JPCDC,Yes,No,Yes,No,Yes,Yes,No,Yes,Yes
1131-ALZWV,Yes,Yes,No,No,No,No,No,No,No
7729-XBTWX,Yes,No,No,No,No,No,No,No,No
9732-OUYRN,Yes,No,No,No,No,No,No,No,No
6288-LBEAR,Yes,No,Yes,No,Yes,No,Yes,No,No
2700-LUEVA,Yes,No,No,No,No,No,No,No,No
1101-SSWAG,Yes,Yes,Yes,No,No,No,No,No,No
3969-GYXEL,Yes,No,Yes,Yes,No,No,No,No,No
4468-YDOVK,Yes,No,Yes,No,No,No,Yes,No,No
9351-LZYGF,Yes,Yes,Yes,Yes,Yes,No,Yes,No,No
1518-OMDIK,Yes,No,Yes,No,No,No,No,No,No
7998-ZLXWN,Yes,No,No,No,No,No,No,No,No
5018-GWURO,Yes,Yes,Yes,No,No,No,No,Yes,No
7632-YUTXB,Yes,No,No,No,No,No,No,No,No
8212-CRQXP,Yes,No,Yes,No,No,No,No,Yes,No
3373-YZZYM,Yes,No,No,No,No,No,No,No,No
7663-YJHSN,Yes,Yes,Yes,Yes,Yes,Yes,Yes,Yes,No
0257-KXZGU,Yes,Yes,Yes,No,Yes,Yes,No,No,No
2824-DXNKN,Yes,Yes,Yes,Yes,No,Yes,No,Yes,No
1544-JJMYL,Yes,No,Yes,Yes,No,Yes,Yes,Yes,No
3891-NLXJB,No,No,Yes,Yes,Yes,No,Yes,No,No
4749-OJKQU,Yes,Yes,Yes,No,No,No,No,No,No
0577-WHMEV,Yes,Yes,Yes,Yes,Yes,Yes,No,No,No
5453-AXEPF,Yes,Yes,Yes,No,Yes,No,No,No,No
3639-XJHKQ,Yes,No,Yes,Yes,Yes,Yes,No,No,No
3716-LRGXK,Yes,Yes,Yes,No,No,Yes,No,Yes,Yes
8410-BGQXN,Yes,No,No,No,No,No,No,No,No
1619-YWUBB,Yes,Yes,No,No,No,No,No,No,No
7611-YKYTC,Yes,No,Yes,Yes,No,No,No,No,No
0082-OQIQY,Yes,No,Yes,No,No,No,Yes,Yes,Yes
3606-SBKRY,No,No,Yes,No,No,Yes,No,Yes,Yes
6893-ODYYE,Yes,No,Yes,Yes,Yes,Yes,Yes,No,No
5075-JSDKI,Yes,Yes,No,No,No,No,No,No,No
8644-XYTSV,No,No,Yes,Yes,No,No,No,Yes,No
7975-JMZNT,Yes,Yes,Yes,Yes,Yes,Yes,Yes,Yes,Yes
8606-OEGQZ,Yes,Yes,No,No,No,No,No,No,No
0967-BMLBD,Yes,No,No,No,No,No,No,No,No
4860-IJUDE,Yes,No,Yes,Yes,No,No,No,No,No
1945-XISKS,Yes,No,No,No,No,No,No,No,No
6728-WYQBC,Yes,No,No,No,No,No,No,No,No
4804-NCPET,Yes,No,No,No,No,No,No,No,No
5322-TEUJK,Yes,Yes,Yes,Yes,Yes,Yes,Yes,Yes,Yes
1866-DIOQZ,No,No,Yes,Yes,Yes,Yes,Yes,Yes,Yes
3709-OIJEA,Yes,No,Yes,No,Yes,Yes,Yes,No,No
0599-XNYDO,Yes,No,Yes,No,No,No,No,No,No
9256-JTBNZ,Yes,No,No,No,No,No,No,No,No
2519-TWKFS,Yes,Yes,Yes,No,No,No,Yes,No,No
6723-CEGQI,No,No,Yes,No,Yes,No,Yes,Yes,No
0311-QYWSS,Yes,No,Yes,Yes,No,No,No,No,No
3680-CTHUH,Yes,Yes,Yes,Yes,Yes,Yes,Yes,Yes,Yes
1820-DJFPH,Yes,Yes,No,No,No,No,No,No,No
1230-QAJDW,Yes,Yes,Yes,No,No,No,Yes,Yes,No
5701-ZIKJE,Yes,No,Yes,No,No,No,Yes,No,No
9717-QEBGU,Yes,No,Yes,No,No,No,No,No,No
3884-UEBXB,No,No,Yes,Yes,Yes,No,No,No,No
5537-UXXVS,Yes,No,No,No,No,No,No,No,No
8701-DGLVH,Yes,No,No,No,No,No,No,No,No
8741-LQOBK,No,No,Yes,Yes,Yes,No,No,No,No
9360-OMDZZ,Yes,Yes,Yes,No,No,No,No,Yes,Yes
0463-TXOAK,Yes,Yes,No,No,No,No,No,No,No
9128-CPXKI,Yes,No,Yes,No,No,Yes,No,Yes,Yes
0129-KPTWJ,Yes,No,Yes,No,No,Yes,No,Yes,Yes
5365-LLFYV,Yes,No,Yes,No,No,No,No,No,No
7816-VGHTO,No,No,Yes,No,Yes,Yes,Yes,No,No
5871-DGTXZ,Yes,No,No,No,No,No,No,No,No
7581-EBBOU,Yes,No,Yes,No,Yes,Yes,Yes,Yes,No
8748-HFWBO,Yes,No,No,No,No,No,No,No,No
1052-QJIBV,Yes,No,No,No,No,No,No,No,No
0723-FDLAY,Yes,Yes,Yes,No,Yes,Yes,Yes,Yes,Yes
3088-LHEFH,Yes,Yes,Yes,Yes,No,No,No,No,No
6681-ZSEXG,Yes,Yes,Yes,No,Yes,Yes,No,No,No
0373-AIVNJ,No,No,Yes,Yes,Yes,Yes,No,No,No
1682-VCOIO,Yes,No,No,No,No,No,No,No,No
2072-ZVJJX,Yes,Yes,No,No,No,No,No,No,No
3569-VLDHH,Yes,No,Yes,Yes,Yes,Yes,Yes,Yes,No
8224-KDLKN,Yes,Yes,No,No,No,No,No,No,No
1064-FBXNK,Yes,No,No,No,No,No,No,No,No
2878-DHMIN,Yes,No,No,No,No,No,No,No,No
7762-ONLJY,Yes,No,No,No,No,No,No,No,No
5795-BKOYE,Yes,No,Yes,No,Yes,Yes,Yes,No,No
7402-PWYJJ,Yes,Yes,Yes,No,No,No,Yes,No,Yes
9102-OXKFY,Yes,Yes,Yes,No,No,Yes,No,No,No
0366-NQSHS,Yes,No,No,No,No,No,No,No,No
3807-BPOMJ,Yes,No,Yes,Yes,No,No,No,Yes,Yes
0988-AADSA,Yes,Yes,Yes,Yes,Yes,Yes,Yes,No,Yes
9695-IDRZR,Yes,Yes,Yes,Yes,Yes,Yes,Yes,Yes,Yes
5641-DMBFJ,Yes,Yes,Yes,Yes,No,Yes,Yes,Yes,Yes
4654-GGUII,No,No,Yes,Yes,Yes,No,Yes,No,No
6857-TKDJV,Yes,Yes,No,No,No,No,No,No,No
0056-EPFBG,No,No,Yes,Yes,No,Yes,Yes,No,No
8993-IZEUX,Yes,No,Yes,No,No,No,No,No,No
8190-ZTQFB,No,No,Yes,No,No,Yes,No,Yes,Yes
0931-MHTEM,Yes,No,Yes,Yes,Yes,No,No,Yes,Yes
0440-UEDAI,Yes,No,Yes,No,Yes,Yes,Yes,No,Yes
0868-VJRDR,Yes,No,Yes,Yes,Yes,No,Yes,Yes,Yes
5825-XJOCM,Yes,Yes,Yes,Yes,Yes,Yes,No,No,No
6848-YLDFR,Yes,No,Yes,No,Yes,No,Yes,Yes,Yes
2320-YKQBO,Yes,No,No,No,No,No,No,No,No
7869-ZYDST,Yes,Yes,Yes,No,No,No,No,Yes,No
2305-MRGLV,Yes,No,Yes,No,No,No,Yes,No,No
8404-VIOMB,No,No,Yes,Yes,Yes,Yes,Yes,Yes,Yes
2673-ZALNP,Yes,No,No,No,No,No,No,No,No
9746-MDMBK,Yes,Yes,Yes,Yes,Yes,Yes,Yes,Yes,Yes
3521-MNKLV,Yes,No,Yes,No,No,Yes,No,No,No
4774-HHGGS,Yes,No,No,No,No,No,No,No,No
5566-SOEZD,Yes,No,Yes,Yes,Yes,No,No,No,No
4973-MGTON,Yes,No,Yes,Yes,Yes,Yes,Yes,Yes,Yes
0060-FUALY,Yes,Yes,Yes,Yes,Yes,No,No,Yes,No
9795-VOWON,No,No,Yes,No,No,No,No,No,No
4827-DPADN,Yes,Yes,Yes,Yes,No,Yes,Yes,Yes,Yes
4647-XXZAM,Yes,No,Yes,No,No,No,No,No,No
7407-SUJIZ,Yes,No,No,No,No,No,No,No,No
3654-ARMGP,Yes,Yes,Yes,No,Yes,Yes,Yes,Yes,Yes
2599-CIPQE,Yes,No,Yes,Yes,Yes,Yes,Yes,Yes,Yes
1401-FTHFQ,Yes,No,No,No,No,No,No,No,No
0254-FNMCI,Yes,No,Yes,Yes,Yes,Yes,Yes,Yes,Yes
8118-TJAFG,Yes,No,Yes,No,Yes,No,Yes,Yes,Yes
9927-DSWDF,Yes,No,Yes,Yes,Yes,No,Yes,Yes,Yes
0899-WZRSD,Yes,Yes,Yes,Yes,No,No,Yes,Yes,Yes
3255-GRXMG,Yes,No,Yes,No,No,No,No,No,No
6094-ZIVKX,Yes,No,Yes,Yes,No,Yes,No,No,No
7354-OIJLX,Yes,Yes,Yes,No,No,No,No,No,No
5774-XZTQC,Yes,No,No,No,No,No,No,No,No
9070-BCKQP,Yes,Yes,Yes,Yes,No,Yes,Yes,Yes,Yes
1328-EUZHC,Yes,No,No,No,No,No,No,No,No
8878-RYUKI,Yes,No,Yes,No,No,Yes,No,No,Yes
7113-HIPFI,Yes,No,Yes,Yes,Yes,Yes,Yes,No,No
5317-FLPJF,No,No,Yes,Yes,No,Yes,Yes,Yes,Yes
7621-VPNET,Yes,Yes,Yes,No,No,Yes,Yes,No,No
7267-FRMJW,Yes,No,No,No,No,No,No,No,No
7577-SWIFR,Yes,No,Yes,No,No,No,No,Yes,Yes
7622-NXQZR,No,No,Yes,No,No,No,Yes,No,No
6196-HBOBZ,Yes,Yes,Yes,Yes,Yes,Yes,No,Yes,No
3970-XGJDU,Yes,No,No,No,No,No,No,No,No
8807-OPMBM,Yes,Yes,No,No,No,No,No,No,No
2252-JHJGE,Yes,Yes,Yes,Yes,No,Yes,No,Yes,Yes
9507-HSMMZ,Yes,No,No,No,No,No,No,No,No
4350-ZTLPI,Yes,Yes,Yes,No,Yes,Yes,Yes,Yes,Yes
0361-HJRDX,No,No,Yes,Yes,Yes,Yes,Yes,Yes,Yes
3021-VLNRJ,Yes,No,Yes,Yes,No,Yes,Yes,Yes,No
5982-PSMKW,Yes,Yes,Yes,Yes,Yes,Yes,Yes,Yes,Yes
6202-JVYEU,Yes,No,No,No,No,No,No,No,No
1841-YSJGV,Yes,Yes,Yes,Yes,Yes,No,Yes,Yes,Yes
2923-ARZLG,Yes,No,No,No,No,No,No,No,No
1241-EZFMJ,Yes,Yes,No,No,No,No,No,No,No
5376-PCKNB,Yes,Yes,Yes,No,Yes,Yes,No,Yes,Yes
7025-IWFHT,Yes,No,Yes,No,Yes,No,Yes,Yes,No
6261-LHRTG,Yes,No,Yes,No,Yes,Yes,No,No,No
6233-HXJMX,Yes,Yes,Yes,No,No,Yes,No,No,Yes
1061-PNTHC,Yes,Yes,Yes,Yes,No,Yes,Yes,Yes,Yes
0394-YONDK,Yes,Yes,No,No,No,No,No,No,No
6574-MCOEH,Yes,Yes,Yes,No,No,Yes,Yes,Yes,Yes
7399-QHBJS,Yes,Yes,Yes,Yes,Yes,No,Yes,No,No
9708-KFDBY,Yes,No,No,No,No,No,No,No,No
1334-PDUKM,Yes,Yes,Yes,No,Yes,Yes,No,No,No
2242-MFOTG,Yes,Yes,Yes,Yes,No,No,No,No,No
9110-HSGTV,Yes,No,Yes,Yes,No,Yes,Yes,Yes,Yes
7718-UPSKJ,Yes,No,Yes,Yes,Yes,No,Yes,Yes,Yes
7901-IIDQV,Yes,Yes,Yes,No,No,No,Yes,No,No
3327-YBAKM,Yes,No,Yes,Yes,No,No,Yes,Yes,Yes
9441-QHEVC,Yes,No,No,No,No,No,No,No,No
3370-GQEAL,Yes,Yes,Yes,No,No,No,No,Yes,No
5375-XLDOF,Yes,Yes,Yes,Yes,Yes,Yes,Yes,Yes,Yes
6082-GLJIX,Yes,No,No,No,No,No,No,No,No
3810-PJUHR,Yes,Yes,No,No,No,No,No,No,No
8232-CTLKO,Yes,No,Yes,Yes,No,No,No,Yes,No
9227-YBAXE,Yes,Yes,Yes,Yes,Yes,No,Yes,Yes,Yes
5320-BRKGK,Yes,Yes,Yes,Yes,No,Yes,Yes,Yes,No
6229-UOLQL,No,No,Yes,Yes,Yes,No,Yes,Yes,No
3137-LUPIX,Yes,Yes,Yes,No,No,No,Yes,Yes,No
8676-OOQEJ,No,No,Yes,No,No,No,Yes,No,No
8124-NZVGJ,No,No,Yes,No,No,No,Yes,Yes,Yes
2589-AYCRP,Yes,No,No,No,No,No,No,No,No
6833-JMZYP,Yes,No,Yes,No,No,Yes,No,Yes,Yes
8961-QDZZJ,Yes,No,Yes,No,Yes,No,No,Yes,Yes
7929-SKFGK,Yes,Yes,Yes,Yes,Yes,Yes,Yes,Yes,Yes
2300-RQGOI,Yes,No,No,No,No,No,No,No,No
7879-CGSFV,Yes,No,Yes,Yes,Yes,No,No,Yes,Yes
0580-PIQHM,Yes,Yes,Yes,Yes,Yes,Yes,No,No,Yes
5696-CEIQJ,Yes,No,Yes,No,Yes,Yes,Yes,Yes,Yes
9970-QBCDA,Yes,No,No,No,No,No,No,No,No
9496-IVVRP,Yes,No,Yes,Yes,No,No,No,No,No
6933-FHBZC,Yes,No,Yes,No,Yes,Yes,No,No,No
9770-KXGQU,Yes,Yes,Yes,Yes,Yes,Yes,No,Yes,No
6538-POCHL,Yes,No,Yes,No,Yes,Yes,No,No,No
1208-NBVFH,Yes,No,Yes,No,No,Yes,No,No,No
4912-PIGUY,Yes,Yes,Yes,No,No,No,No,Yes,No
2725-TTRIQ,Yes,Yes,Yes,Yes,No,Yes,Yes,Yes,Yes
4419-UJMUS,Yes,Yes,Yes,No,No,No,Yes,Yes,Yes
2676-OXPPQ,Yes,No,Yes,Yes,Yes,No,No,No,No
7139-JZFVG,Yes,No,Yes,Yes,Yes,Yes,No,No,No
6693-FRIRW,Yes,No,Yes,No,Yes,Yes,No,Yes,Yes
3173-NVMPX,Yes,Yes,Yes,No,Yes,No,No,No,No
2892-GESUL,Yes,No,No,No,No,No,No,No,No
8034-RYTVV,Yes,Yes,Yes,Yes,No,Yes,No,No,No
5044-LRQAQ,Yes,No,Yes,No,No,No,No,No,No
1333-PBMXB,Yes,Yes,No,No,No,No,No,No,No
9644-KVCNC,Yes,Yes,Yes,No,No,Yes,No,Yes,No
8174-LNWMW,Yes,No,No,No,No,No,No,No,No
4632-PAOYU,Yes,No,No,No,No,No,No,No,No
4397-FRLTA,Yes,No,No,No,No,No,No,No,No
2270-CHBFN,Yes,Yes,Yes,Yes,Yes,Yes,Yes,No,No
1492-KGETH,Yes,Yes,Yes,Yes,Yes,Yes,Yes,No,Yes
4163-HFTUK,Yes,No,No,No,No,No,No,No,No
5063-IUOKK,Yes,No,No,No,No,No,No,No,No
2308-STERM,Yes,No,No,No,No,No,No,No,No
5982-XMDEX,Yes,Yes,No,No,No,No,No,No,No
9152-AMKAK,Yes,No,Yes,Yes,No,Yes,Yes,Yes,Yes
6586-PSJOX,Yes,No,Yes,No,No,Yes,Yes,No,No
9705-ZJBCG,Yes,No,Yes,Yes,No,No,Yes,No,No
3301-VKTGC,Yes,Yes,Yes,Yes,Yes,No,No,No,No
0816-TSPHQ,Yes,No,No,No,No,No,No,No,No
5286-YHCVC,Yes,Yes,Yes,No,Yes,Yes,No,Yes,Yes
9115-YQHGA,Yes,No,Yes,No,No,No,Yes,No,No
5567-GZKQY,Yes,No,No,No,No,No,No,No,No
4423-JWZJN,Yes,Yes,Yes,No,No,Yes,No,No,Yes
7502-BNYGS,Yes,No,Yes,No,Yes,No,No,Yes,Yes
9752-ZNQUT,Yes,No,Yes,No,Yes,No,No,No,No
1121-QSIVB,Yes,Yes,Yes,No,Yes,No,No,Yes,Yes
8318-LCNBW,No,No,Yes,Yes,No,Yes,No,Yes,Yes
6469-QJKZW,Yes,No,No,No,No,No,No,No,No
4983-CCWMC,Yes,No,Yes,No,No,No,No,No,No
9585-KKMFD,Yes,No,No,No,No,No,No,No,No
3948-FVVRP,Yes,No,Yes,No,Yes,No,Yes,No,No
0983-TATYJ,Yes,No,Yes,No,No,No,Yes,No,No
6719-OXYBR,Yes,No,Yes,No,No,Yes,No,Yes,No
6476-YHMGA,Yes,No,Yes,No,Yes,Yes,Yes,Yes,Yes
8903-XEBGX,Yes,No,Yes,No,No,No,No,No,Yes
6064-ZATLR,Yes,No,Yes,Yes,Yes,No,No,No,No
2888-ADFAO,Yes,No,No,No,No,No,No,No,No
4936-YPJNK,Yes,No,No,No,No,No,No,No,No
4686-UXDML,Yes,Yes,Yes,No,Yes,No,No,Yes,Yes
9633-XQABV,Yes,No,Yes,No,No,No,No,No,No
3407-JMJQQ,Yes,Yes,Yes,Yes,Yes,Yes,No,Yes,Yes
8645-KOMJQ,Yes,Yes,Yes,No,Yes,Yes,Yes,Yes,Yes
9761-XUJWD,Yes,No,Yes,No,Yes,No,Yes,No,Yes
4057-FKCZK,Yes,Yes,Yes,No,No,No,No,Yes,No
7401-RUBNK,Yes,No,Yes,Yes,No,No,No,No,No
8661-BOYNW,Yes,Yes,Yes,Yes,No,Yes,Yes,Yes,Yes
1555-HAPSU,Yes,Yes,No,No,No,No,No,No,No
8132-YPVBX,Yes,No,Yes,No,Yes,No,No,No,Yes
6754-LZUKA,Yes,Yes,Yes,No,Yes,Yes,No,Yes,Yes
9066-QRSDU,Yes,Yes,No,No,No,No,No,No,No
3161-GETRM,Yes,Yes,Yes,No,No,Yes,No,No,Yes
0402-OAMEN,Yes,Yes,No,No,No,No,No,No,No
6754-WKSHP,Yes,Yes,No,No,No,No,No,No,No
4641-FROLU,Yes,No,No,No,No,No,No,No,No
9114-VEPUF,Yes,Yes,Yes,Yes,Yes,No,No,No,Yes
2338-BQEZT,Yes,No,Yes,Yes,No,No,No,No,No
2194-IIQOF,Yes,Yes,Yes,Yes,Yes,Yes,Yes,Yes,Yes
2621-UDNLU,Yes,No,No,No,No,No,No,No,No
9214-EKVXR,Yes,No,Yes,No,No,No,No,No,No
8909-BOLNL,Yes,No,No,No,No,No,No,No,No
6603-YRDCJ,Yes,No,Yes,Yes,Yes,No,Yes,No,No
2138-VFAPZ,Yes,No,No,No,No,No,No,No,No
1709-EJDOX,Yes,No,No,No,No,No,No,No,No
8033-ATFAS,Yes,No,Yes,No,No,Yes,No,Yes,No
8277-RVRSV,Yes,Yes,No,No,No,No,No,No,No
1628-BIZYP,Yes,No,Yes,No,Yes,No,No,No,Yes
0856-NAOES,Yes,No,Yes,No,No,Yes,No,Yes,No
6156-UZDLF,Yes,No,Yes,Yes,No,Yes,Yes,No,No
3099-OONVS,Yes,No,Yes,Yes,No,No,Yes,No,No
9500-WBGRP,Yes,No,No,No,No,No,No,No,No
6625-IUTTT,Yes,No,Yes,Yes,No,Yes,No,No,Yes
0068-FIGTF,Yes,No,Yes,No,Yes,Yes,Yes,Yes,Yes
8035-PWSEV,Yes,No,Yes,No,No,Yes,Yes,No,Yes
1840-BIUOG,Yes,Yes,Yes,No,Yes,No,Yes,Yes,No
1830-IPXVJ,Yes,No,No,No,No,No,No,No,No
8398-TBIYD,Yes,Yes,Yes,Yes,No,No,Yes,No,No
1414-YADCW,Yes,No,Yes,Yes,Yes,No,Yes,No,No
6888-SBYAI,Yes,No,Yes,Yes,No,No,No,No,No
7169-YWAMK,Yes,No,Yes,Yes,Yes,No,Yes,Yes,No
4673-KKSLS,Yes,No,Yes,Yes,No,Yes,Yes,No,No
9800-OUIGR,Yes,No,No,No,No,No,No,No,No
2675-IJRGJ,Yes,No,No,No,No,No,No,No,No
0212-ISBBF,No,No,Yes,No,Yes,No,No,Yes,Yes
6828-HMKWP,Yes,No,No,No,No,No,No,No,No
2193-SFWQW,Yes,No,Yes,Yes,Yes,Yes,Yes,Yes,Yes
6733-LRIZX,Yes,Yes,Yes,Yes,No,Yes,Yes,Yes,Yes
4367-NHWMM,No,No,Yes,No,No,No,No,No,No
6736-DHUQI,Yes,No,Yes,Yes,Yes,Yes,No,No,No
4451-RWASJ,Yes,No,No,No,No,No,No,No,No
5917-HBSDW,Yes,No,No,No,No,No,No,No,No
0956-ACVZC,Yes,No,Yes,No,No,Yes,No,Yes,Yes
5025-GOOKI,Yes,No,No,No,No,No,No,No,No
2887-JPYLU,Yes,No,Yes,No,No,No,No,No,No
4896-CPRPF,Yes,Yes,No,No,No,No,No,No,No
7353-YOWFP,Yes,No,No,No,No,No,No,No,No
8008-ESFLK,Yes,No,Yes,Yes,Yes,Yes,Yes,Yes,Yes
4487-ZYJZK,Yes,No,No,No,No,No,No,No,No
7634-HLQJR,Yes,No,No,No,No,No,No,No,No
6599-SFQVE,Yes,No,Yes,No,No,No,No,No,Yes
0356-ERHVT,Yes,No,Yes,No,No,No,No,No,No
3920-HIHMQ,Yes,Yes,Yes,No,No,No,No,No,No
0613-WUXUM,Yes,No,No,No,No,No,No,No,No
4458-KVRBJ,Yes,Yes,No,No,No,No,No,No,No
6013-BHCAW,Yes,Yes,Yes,No,No,Yes,Yes,Yes,Yes
0401-WDBXM,Yes,Yes,Yes,Yes,No,Yes,No,Yes,Yes
3387-PLKUI,Yes,No,No,No,No,No,No,No,No
6096-EGVTU,Yes,Yes,No,No,No,No,No,No,No
8757-TFHHJ,Yes,No,Yes,Yes,No,No,No,No,No
0690-SRQID,Yes,No,No,No,No,No,No,No,No
7356-AYNJP,Yes,Yes,No,No,No,No,No,No,No
4819-HJPIW,No,No,Yes,No,No,No,No,No,No
9812-GHVRI,Yes,Yes,Yes,No,No,No,No,No,Yes
9924-JPRMC,Yes,Yes,Yes,Yes,Yes,Yes,Yes,Yes,Yes
0080-EMYVY,Yes,No,Yes,No,Yes,No,No,No,No
0623-EJQEG,Yes,Yes,Yes,Yes,No,No,Yes,No,Yes
6198-PNNSZ,Yes,Yes,Yes,Yes,Yes,Yes,No,Yes,Yes
3039-MJSLN,Yes,No,No,No,No,No,No,No,No
5010-IPEAQ,No,No,Yes,Yes,Yes,Yes,Yes,Yes,No
8990-YOZLV,Yes,Yes,Yes,Yes,Yes,No,Yes,No,No
8901-UPRHR,Yes,Yes,Yes,No,Yes,Yes,Yes,Yes,Yes
3427-GGZZI,Yes,Yes,Yes,No,Yes,No,No,No,Yes
2220-IAHLS,Yes,No,No,No,No,No,No,No,No
3413-CSSTH,Yes,Yes,Yes,No,No,Yes,No,No,No
0224-NIJLP,Yes,No,No,No,No,No,No,No,No
4718-WXBGI,Yes,Yes,Yes,Yes,Yes,Yes,Yes,Yes,Yes
5716-LIBJC,Yes,Yes,Yes,No,Yes,Yes,No,Yes,Yes
0071-NDAFP,Yes,Yes,No,No,No,No,No,No,No
2279-AXJJK,Yes,Yes,Yes,No,Yes,No,Yes,No,Yes
8999-EXMNO,Yes,No,No,No,No,No,No,No,No
1599-MMYRQ,Yes,No,Yes,Yes,Yes,No,No,No,No
0042-JVWOJ,Yes,No,No,No,No,No,No,No,No
6631-HMANX,Yes,Yes,Yes,No,Yes,Yes,Yes,Yes,Yes
9962-BFPDU,Yes,No,No,No,No,No,No,No,No
0665-XHDJU,Yes,Yes,Yes,No,Yes,No,No,Yes,Yes
8265-HKSOW,Yes,Yes,Yes,Yes,Yes,Yes,Yes,No,Yes
6128-DAFVY,No,No,Yes,No,No,No,No,Yes,Yes
8409-WQJUX,No,No,Yes,No,No,Yes,Yes,Yes,Yes
3278-FSIXX,Yes,No,Yes,No,No,No,No,No,No
0885-HMGPY,Yes,Yes,Yes,Yes,Yes,Yes,Yes,No,No
0489-WMEMG,Yes,No,Yes,No,No,No,Yes,No,No
7435-ZNUYY,Yes,No,No,No,No,No,No,No,No
1354-YZFNB,Yes,No,No,No,No,No,No,No,No
2985-FMWYF,Yes,Yes,Yes,No,No,No,No,Yes,Yes
2890-WFBHU,Yes,Yes,Yes,Yes,Yes,Yes,Yes,No,Yes
7977-HXJKU,Yes,No,No,No,No,No,No,No,No
3967-VQOGC,Yes,Yes,No,No,No,No,No,No,No
8845-LWKGE,Yes,No,Yes,No,No,Yes,Yes,Yes,No
3249-VHRIP,No,No,Yes,No,Yes,Yes,No,No,Yes
3736-BLEPA,Yes,No,Yes,No,Yes,No,Yes,Yes,No
6603-QWSPR,Yes,No,Yes,No,Yes,Yes,Yes,Yes,Yes
4129-LYCOI,Yes,Yes,Yes,No,Yes,No,Yes,Yes,Yes
2081-KJSQF,Yes,No,No,No,No,No,No,No,No
0902-RFHOF,Yes,No,No,No,No,No,No,No,No
2347-WKKAE,Yes,Yes,Yes,Yes,No,Yes,No,No,Yes
1027-LKKQQ,Yes,No,Yes,Yes,No,Yes,Yes,Yes,Yes
8778-LMWTJ,Yes,No,Yes,Yes,No,No,No,No,No
2845-KDHVX,Yes,No,Yes,No,Yes,Yes,Yes,No,Yes
1293-BSEUN,Yes,No,No,No,No,No,No,No,No
0927-CNGRH,Yes,No,No,No,No,No,No,No,No
8608-OZTLB,Yes,No,Yes,Yes,Yes,Yes,Yes,Yes,No
3777-XROBG,Yes,No,No,No,No,No,No,No,No
6994-FGRHH,Yes,No,Yes,No,Yes,Yes,Yes,Yes,Yes
4000-VGMQP,Yes,Yes,Yes,No,Yes,Yes,No,Yes,Yes
3466-RITXD,Yes,Yes,Yes,Yes,Yes,No,No,Yes,No
2680-XKKNJ,Yes,No,Yes,Yes,Yes,No,Yes,No,No
7921-BEPCI,Yes,Yes,Yes,Yes,Yes,No,No,No,No
3258-ZKPAI,Yes,Yes,Yes,Yes,Yes,Yes,Yes,Yes,Yes
3653-NCRDJ,Yes,No,No,No,No,No,No,No,No
6519-ZHPXP,Yes,No,Yes,Yes,Yes,Yes,Yes,Yes,Yes
8224-UAXBZ,No,No,Yes,Yes,Yes,No,No,Yes,No
8668-KNZTI,Yes,No,Yes,Yes,No,Yes,No,No,No
9746-YKGXB,No,No,Yes,Yes,No,Yes,No,No,Yes
6332-FBZRI,Yes,Yes,Yes,Yes,Yes,Yes,Yes,No,No
2096-XOTMO,Yes,No,No,No,No,No,No,No,No
0298-XACET,No,No,Yes,No,Yes,Yes,Yes,Yes,No
2995-YWTCD,Yes,Yes,No,No,No,No,No,No,No
5084-OOVCJ,Yes,No,Yes,Yes,No,No,Yes,No,No
0419-YAAPX,Yes,No,Yes,No,Yes,No,No,Yes,No
0872-CASZJ,Yes,Yes,Yes,Yes,No,No,Yes,No,Yes
3094-JOJAI,Yes,Yes,Yes,No,No,No,No,No,No
5448-VWNAM,Yes,Yes,Yes,Yes,Yes,No,Yes,Yes,No
9389-ACWBI,Yes,No,Yes,No,No,No,No,No,No
9548-LERKT,Yes,No,No,No,No,No,No,No,No
9236-NDUCW,No,No,Yes,Yes,No,No,Yes,No,No
7018-FPXHH,Yes,No,Yes,Yes,Yes,Yes,No,No,No
0572-ZJKLT,Yes,Yes,Yes,Yes,No,Yes,Yes,No,Yes
5135-RDDQL,Yes,No,Yes,Yes,No,No,No,No,No
1353-LJWEM,Yes,No,Yes,No,Yes,Yes,Yes,No,No
3439-GVUSX,No,No,Yes,No,No,No,No,No,No
8969-PRHFK,Yes,No,No,No,No,No,No,No,No
8709-KRDVL,Yes,Yes,Yes,No,Yes,No,No,Yes,Yes
1427-VERSM,Yes,No,Yes,No,No,Yes,Yes,Yes,Yes
9801-NOSHQ,Yes,No,No,No,No,No,No,No,No
1094-BKOSX,No,No,Yes,No,Yes,Yes,Yes,No,Yes
2342-CKIAO,Yes,No,No,No,No,No,No,No,No
3898-BSJYF,Yes,Yes,Yes,Yes,No,Yes,Yes,No,Yes
6813-GZQCG,Yes,Yes,No,No,No,No,No,No,No
3389-KTRXV,Yes,Yes,No,No,No,No,No,No,No
3118-UHVVQ,Yes,Yes,No,No,No,No,No,No,No
5702-KVQRD,Yes,No,Yes,Yes,No,Yes,Yes,Yes,Yes
6169-PGNCD,Yes,No,Yes,Yes,Yes,Yes,Yes,Yes,No
4657-FWVFY,Yes,Yes,Yes,No,Yes,Yes,No,Yes,No
8404-FYDIB,Yes,Yes,Yes,Yes,Yes,No,No,No,No
2108-GLPQB,Yes,Yes,Yes,No,No,Yes,No,No,No
3468-DRVQJ,Yes,Yes,Yes,Yes,Yes,No,No,Yes,No
4990-ALDGW,Yes,No,No,No,No,No,No,No,No
2164-SOQXL,Yes,No,No,No,No,No,No,No,No
2038-YSEZE,Yes,Yes,Yes,Yes,Yes,No,Yes,No,No
8799-OXZMD,No,No,Yes,No,No,Yes,No,No,No
3967-KXAPS,Yes,Yes,Yes,Yes,Yes,Yes,Yes,Yes,Yes
3704-IEAXF,No,No,Yes,No,Yes,No,Yes,Yes,Yes
6810-VCAEX,No,No,Yes,Yes,Yes,No,Yes,No,No
2346-CZYIL,Yes,No,No,No,No,No,No,No,No
3978-YNKDD,Yes,No,No,No,No,No,No,No,No
4670-TABXH,Yes,Yes,Yes,No,Yes,Yes,Yes,Yes,Yes
8591-NXRCV,Yes,Yes,Yes,Yes,No,Yes,Yes,No,Yes
4526-RMTLL,Yes,Yes,Yes,Yes,Yes,No,Yes,No,Yes
6253-GNHWH,Yes,Yes,Yes,Yes,Yes,Yes,Yes,No,No
6906-MPARY,Yes,No,Yes,No,Yes,No,Yes,No,Yes
3662-FXJFO,Yes,No,No,No,No,No,No,No,No
0516-OOHAR,Yes,No,Yes,No,Yes,Yes,No,Yes,Yes
3733-ZEECP,Yes,No,Yes,No,No,No,Yes,No,No
9530-GRMJG,Yes,Yes,Yes,No,Yes,Yes,Yes,Yes,Yes
2061-VVFST,Yes,No,No,No,No,No,No,No,No
2380-DAMQP,Yes,Yes,Yes,Yes,Yes,Yes,Yes,Yes,Yes
4011-ARPHK,Yes,No,Yes,Yes,No,No,No,No,No
7558-IMLMT,Yes,No,No,No,No,No,No,No,No
1960-UOTYM,Yes,No,Yes,Yes,Yes,Yes,No,Yes,Yes
5245-VDBUR,No,No,Yes,Yes,No,Yes,No,No,No
1241-FPMOF,Yes,No,No,No,No,No,No,No,No
4114-QMKVN,Yes,Yes,Yes,Yes,Yes,No,No,No,Yes
2775-SEFEE,Yes,Yes,Yes,Yes,Yes,No,Yes,No,No
9003-CPATH,Yes,Yes,Yes,No,No,Yes,No,No,No
2369-FEVNO,Yes,No,No,No,No,No,No,No,No
9845-QOMAD,Yes,No,No,No,No,No,No,No,No
9572-WUKSB,No,No,Yes,No,No,No,Yes,No,No
5893-KCLGT,Yes,No,No,No,No,No,No,No,No
3174-RKMOW,Yes,Yes,Yes,No,Yes,Yes,Yes,Yes,Yes
1760-CAZHT,Yes,No,No,No,No,No,No,No,No
8441-SHIPE,Yes,Yes,No,No,No,No,No,No,No
1047-RNXZV,Yes,No,No,No,No,No,No,No,No
6668-CNMFP,Yes,Yes,Yes,No,No,No,Yes,No,Yes
5681-LLOEI,Yes,Yes,Yes,Yes,No,Yes,Yes,No,No
2030-BTZRO,Yes,No,No,No,No,No,No,No,No
7976-CICYS,Yes,No,No,No,No,No,No,No,No
5916-QEWPT,Yes,No,Yes,No,No,Yes,No,Yes,Yes
8465-SBRXP,Yes,Yes,Yes,No,No,Yes,Yes,Yes,No
2408-PSJVE,Yes,No,Yes,No,Yes,Yes,Yes,No,No
1930-WNXSB,Yes,No,Yes,No,Yes,No,No,Yes,Yes
0657-DOGUM,Yes,Yes,Yes,Yes,No,No,Yes,No,No
4070-OKWVH,Yes,Yes,Yes,No,Yes,Yes,No,Yes,No
6976-BWGLQ,Yes,Yes,No,No,No,No,No,No,No
2511-ALLCS,Yes,Yes,No,No,No,No,No,No,No
1545-ACTAS,Yes,No,Yes,Yes,No,Yes,No,Yes,Yes
9609-BENEA,Yes,Yes,Yes,No,Yes,No,Yes,Yes,No
9945-PSVIP,Yes,No,No,No,No,No,No,No,No
9108-EJFJP,Yes,No,Yes,Yes,Yes,No,No,No,No
5243-SAOTC,Yes,Yes,Yes,No,Yes,No,No,No,No
9398-MMQTO,Yes,No,Yes,No,Yes,No,No,No,No
2758-RNWXS,Yes,No,Yes,Yes,No,No,Yes,No,Yes
9039-ZVJDC,Yes,No,No,No,No,No,No,No,No
2075-RMJIK,Yes,No,Yes,Yes,No,No,No,No,No
9547-ITEFG,Yes,Yes,Yes,No,Yes,Yes,No,Yes,Yes
1264-FUHCX,No,No,Yes,No,Yes,No,Yes,Yes,Yes
6598-KELSS,No,No,Yes,Yes,Yes,No,No,Yes,No
2843-CQMEG,Yes,No,Yes,No,Yes,No,No,No,No
6633-SYEUS,Yes,No,Yes,No,Yes,Yes,Yes,No,No
1684-FLBGS,Yes,Yes,Yes,No,Yes,No,Yes,Yes,No
9586-JGQKH,Yes,Yes,Yes,No,Yes,No,Yes,Yes,Yes
6075-SLNIL,Yes,Yes,Yes,No,Yes,Yes,No,No,Yes
9347-AERRL,Yes,No,No,No,No,No,No,No,No
8456-QDAVC,Yes,No,Yes,No,No,No,No,Yes,No
7750-EYXWZ,No,No,Yes,No,Yes,Yes,Yes,Yes,Yes
6840-RESVB,Yes,Yes,Yes,Yes,No,Yes,Yes,Yes,Yes
2234-XADUH,Yes,Yes,Yes,No,Yes,Yes,No,Yes,Yes
2070-FNEXE,Yes,No,Yes,Yes,No,No,No,No,No
7273-TEFQD,No,No,Yes,No,No,Yes,No,No,Yes
5020-ZSTTY,Yes,Yes,Yes,Yes,Yes,No,Yes,Yes,Yes
5804-LEPIM,Yes,No,Yes,No,No,No,No,No,No
5609-CEBID,Yes,Yes,Yes,No,Yes,Yes,No,No,Yes
5956-VKDTT,Yes,Yes,Yes,No,No,No,No,No,No
5192-EBGOV,Yes,Yes,Yes,No,No,No,No,Yes,No
1626-ERCMM,Yes,Yes,Yes,No,No,No,No,Yes,Yes
0067-DKWBL,Yes,No,Yes,Yes,No,No,No,No,No
9231-ZJYAM,Yes,No,Yes,No,No,No,No,Yes,No
0947-MUGVO,Yes,No,Yes,No,Yes,No,No,No,No
1907-UBQFC,Yes,No,Yes,No,Yes,No,No,No,No
6513-EECDB,Yes,Yes,Yes,No,No,No,No,No,No
9889-TMAHG,Yes,No,Yes,Yes,No,No,Yes,Yes,Yes
7029-RPUAV,Yes,Yes,Yes,No,No,Yes,No,Yes,Yes
4086-YQSNZ,Yes,No,Yes,No,No,No,No,Yes,No
9134-CEQMF,Yes,No,Yes,No,No,No,No,Yes,Yes
8519-IMDHU,Yes,Yes,Yes,No,No,No,No,No,Yes
7206-GZCDC,Yes,No,Yes,No,No,No,No,No,No
3793-MMFUH,Yes,Yes,Yes,No,No,No,No,Yes,Yes
8621-MNIHH,Yes,Yes,Yes,No,Yes,Yes,No,No,Yes
7024-OHCCK,Yes,Yes,Yes,No,No,No,No,Yes,Yes
0506-LVNGN,Yes,No,Yes,No,No,Yes,No,No,No
7675-OZCZG,Yes,No,Yes,No,No,No,No,No,No
8017-LXHFA,Yes,No,Yes,No,Yes,No,No,Yes,Yes
8580-AECUZ,Yes,No,Yes,No,No,No,No,Yes,No
8080-DDEMJ,Yes,No,Yes,No,No,No,No,No,No
8840-DQLGN,Yes,Yes,Yes,Yes,Yes,No,Yes,Yes,No
6689-TCZHQ,Yes,No,Yes,No,No,No,No,No,Yes
8000-REIQB,Yes,No,Yes,No,No,No,No,No,No
9961-JBNMK,Yes,No,Yes,No,No,Yes,No,Yes,Yes
4695-WJZUE,Yes,Yes,Yes,No,No,Yes,No,No,Yes
3988-RQIXO,Yes,No,Yes,No,No,No,No,Yes,Yes
3207-OYBWH,Yes,Yes,Yes,No,Yes,Yes,No,No,Yes
4612-THJBS,Yes,Yes,Yes,No,Yes,Yes,No,Yes,Yes
1254-IZEYF,Yes,Yes,Yes,No,Yes,No,No,Yes,Yes
5908-QMGOE,Yes,Yes,Yes,No,No,No,No,No,No
0397-GZBBC,Yes,Yes,Yes,No,No,No,No,Yes,Yes
7641-EUYET,Yes,Yes,Yes,Yes,Yes,Yes,No,Yes,No
5373-SFODM,Yes,Yes,Yes,No,No,No,No,No,Yes
7576-OYWBN,Yes,Yes,Yes,No,No,No,No,No,No
8225-BTJAU,Yes,No,Yes,No,No,No,No,No,Yes
2634-HCZGT,Yes,Yes,Yes,Yes,No,No,Yes,No,No
2454-RPBRZ,Yes,Yes,Yes,No,Yes,Yes,No,Yes,No
2265-CYWIV,Yes,Yes,Yes,Yes,No,No,No,Yes,Yes
1732-VHUBQ,Yes,No,Yes,No,No,No,No,No,No
3923-CSIHK,Yes,No,Yes,No,No,No,No,No,No
7395-IGJOS,Yes,No,Yes,No,No,No,No,No,Yes
9907-SWKKF,No,No,Yes,No,No,No,No,No,No
6397-JNZZG,No,No,Yes,No,Yes,Yes,No,Yes,Yes
2516-VQRRV,Yes,Yes,Yes,No,No,No,No,No,No
7580-UGXNC,Yes,No,Yes,Yes,Yes,No,No,No,No
7056-IMHCC,Yes,Yes,Yes,No,Yes,No,No,Yes,Yes
0917-EZOLA,Yes,Yes,Yes,No,Yes,Yes,No,Yes,Yes
8414-MYSHR,Yes,No,Yes,No,No,No,No,Yes,Yes
4988-IQIGL,Yes,Yes,Yes,No,No,No,No,No,No
5889-JTMUL,Yes,Yes,Yes,No,Yes,Yes,No,Yes,No
9026-RNUJS,Yes,No,Yes,No,No,Yes,No,No,No
1624-NALOJ,Yes,Yes,Yes,No,Yes,No,No,No,Yes
6210-KBBPI,Yes,Yes,Yes,No,Yes,No,No,Yes,Yes
8337-UPOAQ,Yes,Yes,Yes,No,No,Yes,No,No,Yes
6712-OAWRH,Yes,No,Yes,No,No,No,No,Yes,Yes
5914-DVBWJ,Yes,Yes,Yes,No,Yes,No,Yes,No,No
8644-XLFBW,Yes,No,Yes,No,No,No,No,No,No
3871-IKPYH,Yes,No,Yes,No,No,No,No,No,No
4505-EXZHB,Yes,No,Yes,No,No,Yes,No,No,No
8972-HJWNV,Yes,Yes,Yes,No,No,No,No,No,Yes
3754-DXMRT,Yes,No,Yes,No,No,No,No,No,No
7130-VTEWQ,Yes,Yes,Yes,No,No,No,No,No,No
1792-UXAFY,Yes,No,Yes,No,Yes,Yes,No,Yes,No
8580-QVLOC,Yes,Yes,Yes,Yes,Yes,Yes,Yes,Yes,Yes
2012-NWRPA,Yes,Yes,Yes,No,No,Yes,No,Yes,Yes
8808-ELEHO,Yes,Yes,Yes,No,No,Yes,No,No,No
1069-XAIEM,Yes,Yes,Yes,No,No,No,No,No,Yes
0504-HHAPI,Yes,Yes,Yes,No,No,Yes,No,No,Yes
3791-LGQCY,Yes,Yes,Yes,No,No,Yes,No,Yes,Yes
8166-ZZTFS,Yes,Yes,Yes,No,Yes,Yes,No,Yes,Yes
7067-KSAZT,Yes,Yes,Yes,No,Yes,Yes,No,Yes,Yes
7480-QNVZJ,Yes,Yes,Yes,No,No,No,No,Yes,Yes
4816-JBHOV,Yes,No,Yes,No,No,No,No,No,No
1268-ASBGA,Yes,Yes,Yes,No,No,No,No,No,Yes
4325-NFSKC,Yes,Yes,Yes,Yes,No,No,No,Yes,No
6502-HCJTI,Yes,Yes,Yes,Yes,Yes,No,No,No,Yes
8327-LZKAS,Yes,Yes,Yes,No,No,Yes,Yes,Yes,Yes
1075-BGWOH,Yes,Yes,Yes,No,No,Yes,No,Yes,Yes
8485-GJCDN,Yes,No,Yes,No,No,No,No,No,No
3317-HRTNN,No,No,Yes,No,No,No,No,Yes,Yes
2982-IHMFT,Yes,Yes,Yes,No,No,No,No,No,No
6345-ULYRW,Yes,Yes,Yes,No,Yes,No,No,No,Yes
5550-VFRLC,Yes,No,Yes,No,No,No,No,No,No
2657-ALMWY,Yes,No,Yes,No,Yes,No,No,No,Yes
2460-FPSYH,No,No,Yes,Yes,Yes,No,No,Yes,Yes
0875-CABNR,Yes,No,Yes,No,No,Yes,No,No,Yes
6982-UQZLY,Yes,No,No,No,No,No,No,No,No
3096-JRDSO,Yes,Yes,Yes,Yes,No,No,Yes,Yes,Yes
1265-XTECC,Yes,Yes,Yes,Yes,Yes,No,No,No,Yes
1415-YFWLT,Yes,No,Yes,No,No,No,No,Yes,Yes
7136-RVDTZ,No,No,Yes,No,No,No,No,Yes,Yes
4785-QRJHC,No,No,Yes,No,Yes,Yes,Yes,Yes,Yes
5383-MMTWC,Yes,Yes,Yes,No,No,No,No,No,Yes
5167-GBFRE,No,No,Yes,No,No,No,No,No,No
3097-NQYSN,Yes,Yes,Yes,No,No,No,No,Yes,No
3565-UNOCC,Yes,Yes,Yes,No,No,Yes,No,Yes,Yes
2856-NNASM,Yes,No,Yes,No,No,No,No,Yes,Yes
5813-UECBU,Yes,Yes,Yes,No,Yes,Yes,No,No,No
9776-CLUJA,Yes,Yes,Yes,Yes,No,No,No,No,No
6661-HBGWL,Yes,Yes,Yes,No,Yes,Yes,No,Yes,Yes
3621-CEOVK,Yes,Yes,Yes,No,Yes,No,No,Yes,Yes
1389-CXMLU,Yes,Yes,Yes,No,No,Yes,No,Yes,No
5561-NWEVX,Yes,Yes,Yes,No,No,Yes,No,No,No
3768-NLUBH,Yes,Yes,Yes,No,No,Yes,No,Yes,Yes
6230-BSUXY,Yes,No,Yes,No,No,Yes,No,No,Yes
3005-NFMTA,Yes,Yes,Yes,Yes,No,No,No,Yes,Yes
8444-WRIDW,Yes,Yes,Yes,No,Yes,No,No,No,No
0886-QGENL,Yes,No,Yes,Yes,No,Yes,No,Yes,Yes
8739-WWKDU,Yes,Yes,Yes,No,Yes,No,No,Yes,No
0786-VSSUD,No,No,Yes,No,Yes,No,No,Yes,No
6583-QGCSI,Yes,Yes,Yes,No,Yes,No,No,Yes,No
6894-LFHLY,Yes,Yes,Yes,No,No,No,No,No,No
9305-CDSKC,Yes,Yes,Yes,No,No,Yes,No,Yes,Yes
4190-MFLUW,Yes,No,Yes,No,No,Yes,Yes,No,No
6467-CHFZW,Yes,Yes,Yes,No,Yes,No,No,Yes,Yes
5698-BQJOH,Yes,Yes,Yes,No,No,No,No,Yes,Yes
5919-TMRGD,Yes,No,Yes,No,No,No,No,Yes,No
5299-RULOA,Yes,Yes,Yes,Yes,No,No,No,Yes,Yes
0404-SWRVG,Yes,Yes,Yes,No,No,No,No,No,No
3091-FYHKI,No,No,Yes,No,No,No,No,No,Yes
2372-HWUHI,Yes,No,Yes,No,No,No,No,No,No
4080-OGPJL,Yes,Yes,Yes,Yes,No,No,Yes,No,Yes
2135-RXIHG,Yes,No,Yes,No,No,No,No,No,No
9367-WXLCH,Yes,Yes,Yes,No,No,No,No,No,Yes
1024-GUALD,No,No,Yes,No,No,No,No,No,No
7841-TZDMQ,Yes,No,Yes,No,No,No,No,No,No
8937-RDTHP,Yes,No,Yes,Yes,No,No,No,No,Yes
4484-GLZOU,Yes,Yes,Yes,No,Yes,Yes,No,Yes,Yes
0219-YTZUE,Yes,Yes,Yes,No,Yes,Yes,No,No,No
1010-DIAUQ,Yes,No,Yes,No,No,Yes,No,Yes,Yes
0259-GBZSH,Yes,Yes,Yes,No,No,No,No,Yes,No
4800-VHZKI,Yes,No,No,No,No,No,No,No,No
9063-ZGTUY,Yes,No,No,No,No,No,No,No,No
0256-LTHVJ,Yes,No,Yes,No,No,No,No,No,Yes
5949-XIKAE,Yes,No,Yes,No,Yes,No,No,Yes,No
0388-EOPEX,Yes,No,Yes,Yes,No,No,No,No,No
8205-OTCHB,No,No,Yes,No,Yes,Yes,No,No,Yes
4636-QRJKY,Yes,Yes,Yes,No,No,No,Yes,No,No
3627-FHKBK,Yes,No,Yes,Yes,No,No,No,No,No
0719-SYFRB,Yes,Yes,Yes,Yes,No,Yes,Yes,No,No
1009-IRMNA,Yes,No,No,No,No,No,No,No,No
7207-RMRDB,Yes,Yes,Yes,No,Yes,Yes,No,Yes,Yes
0195-IESCP,Yes,Yes,Yes,No,No,No,No,No,Yes
4464-JCOLN,Yes,No,No,No,No,No,No,No,No
5896-NPFWW,Yes,No,Yes,No,No,Yes,No,No,No
1029-QFBEN,Yes,No,No,No,No,No,No,No,No
1589-AGTLK,Yes,No,Yes,No,No,No,No,No,No
5842-POCOP,Yes,No,Yes,Yes,No,Yes,No,No,Yes
0322-CHQRU,Yes,No,Yes,No,No,No,No,No,No
1820-TQVEV,Yes,No,Yes,No,No,No,No,No,No
6275-YDUVO,Yes,No,Yes,No,No,Yes,No,No,Yes
9101-BWFSS,Yes,Yes,Yes,Yes,Yes,No,Yes,Yes,Yes
3671-SHRSP,Yes,No,Yes,No,No,Yes,Yes,No,No
0207-MDKNV,Yes,No,Yes,Yes,No,Yes,Yes,Yes,Yes
9734-YWGEX,Yes,Yes,Yes,No,No,Yes,No,Yes,Yes
9625-QSTYE,Yes,No,Yes,No,Yes,Yes,No,No,No
4541-RMRLG,Yes,No,No,No,No,No,No,No,No
3158-MOERK,Yes,Yes,Yes,No,No,No,No,Yes,Yes
7294-TMAOP,Yes,No,Yes,No,No,No,No,Yes,Yes
3842-IYKUE,Yes,Yes,Yes,No,Yes,No,Yes,No,No
4695-VADHF,Yes,No,Yes,No,No,Yes,No,No,Yes
3863-IUBJR,Yes,No,Yes,No,No,No,No,No,Yes
6941-PMGEP,Yes,No,Yes,No,No,No,No,No,Yes
0655-RBDUG,Yes,Yes,Yes,No,No,Yes,No,Yes,Yes
8824-RWFXJ,Yes,No,Yes,No,Yes,Yes,No,No,No
7627-JKIAZ,Yes,Yes,Yes,No,No,Yes,No,No,No
0841-NULXI,No,No,Yes,No,No,No,No,No,Yes
7851-WZEKY,Yes,Yes,Yes,No,No,No,No,Yes,Yes
8844-TONUD,Yes,No,Yes,No,No,Yes,No,Yes,Yes
0107-WESLM,Yes,No,No,No,No,No,No,No,No
1579-KLYDT,Yes,Yes,Yes,No,No,Yes,No,Yes,No
1373-ORVIZ,Yes,Yes,Yes,No,No,No,Yes,No,Yes
2833-SLKDQ,Yes,No,Yes,No,No,No,No,No,No
2026-TGDHM,Yes,No,Yes,No,No,No,No,No,Yes
4030-VPZBD,No,No,Yes,No,No,No,Yes,No,No
7993-PYKOF,Yes,No,Yes,Yes,No,No,No,No,No
4566-QVRRW,Yes,No,Yes,No,No,No,No,No,No
6599-RCLCJ,Yes,Yes,Yes,No,Yes,Yes,Yes,Yes,Yes
3838-OZURD,Yes,Yes,Yes,No,Yes,Yes,No,Yes,Yes
2568-BRGYX,Yes,No,Yes,No,No,No,No,No,No
7249-WBIYX,Yes,Yes,Yes,No,No,No,No,Yes,No
3334-CTHOL,Yes,Yes,Yes,No,No,No,No,No,No
7861-UVUFT,Yes,No,Yes,No,No,Yes,No,Yes,No
0680-DFNNY,Yes,Yes,Yes,No,No,Yes,No,Yes,Yes
9546-CQJSU,Yes,Yes,Yes,No,No,Yes,No,Yes,No
7893-IXHRQ,Yes,No,No,No,No,No,No,No,No
2952-QAYZF,Yes,Yes,Yes,No,Yes,Yes,No,No,No
9283-LZQOH,Yes,Yes,Yes,No,No,No,No,No,No
7079-QRCBC,Yes,Yes,Yes,No,No,Yes,No,Yes,Yes
2667-WYLWJ,Yes,No,No,No,No,No,No,No,No
6326-MTTXK,Yes,Yes,Yes,No,Yes,No,No,Yes,Yes
0637-YLETY,Yes,Yes,Yes,No,Yes,Yes,No,No,Yes
2929-QNSRW,Yes,Yes,Yes,No,Yes,No,No,Yes,Yes
1228-FZFRV,Yes,Yes,Yes,Yes,No,Yes,No,Yes,Yes
4829-AUOAX,Yes,Yes,Yes,No,No,No,No,Yes,Yes
6311-UEUME,Yes,No,Yes,No,No,No,No,Yes,No
8640-SDGKB,Yes,No,Yes,No,No,Yes,Yes,Yes,Yes
4116-TZAQJ,Yes,No,Yes,Yes,No,No,No,No,No
7511-YMXVQ,No,No,Yes,No,No,No,No,Yes,Yes
9804-ICWBG,Yes,No,Yes,No,No,No,No,No,No
3198-VELRD,Yes,Yes,Yes,No,No,No,No,No,Yes
8380-PEFPE,Yes,No,Yes,No,No,No,No,No,No
6910-HADCM,Yes,No,Yes,No,No,Yes,No,No,No
4816-LXZYW,Yes,Yes,Yes,No,Yes,No,No,No,No
6365-MTGZX,Yes,No,Yes,No,No,No,Yes,Yes,Yes
1349-WXNGG,Yes,No,No,No,No,No,No,No,No
7517-SAWMO,Yes,No,Yes,Yes,No,No,No,No,No
3143-ILDAL,Yes,Yes,Yes,No,Yes,No,Yes,No,Yes
4720-VSTSI,Yes,Yes,Yes,No,Yes,Yes,No,No,No
4587-NUKOX,Yes,No,Yes,Yes,Yes,No,No,No,No
0420-BWTPW,No,No,Yes,No,No,No,No,No,No
8183-ONMXC,Yes,No,Yes,No,No,No,No,No,Yes
9614-RMGHA,Yes,Yes,Yes,No,Yes,No,No,Yes,No
5445-UTODQ,Yes,No,Yes,No,No,No,No,Yes,No
7615-ESMYF,No,No,Yes,No,No,No,No,Yes,Yes
1447-PJGGA,Yes,No,Yes,No,No,Yes,No,Yes,Yes
8861-HGGKB,Yes,Yes,Yes,No,No,No,No,No,Yes
7065-YUNRY,Yes,No,Yes,No,No,No,No,No,No
9172-JITSM,Yes,No,Yes,No,No,No,No,Yes,Yes
8624-GIOUT,Yes,Yes,Yes,Yes,Yes,No,No,No,No
1084-UQCHV,Yes,No,Yes,No,No,No,No,No,No
3806-DXQOM,No,No,Yes,Yes,Yes,No,No,No,No
0761-AETCS,Yes,No,No,No,No,No,No,No,No
2153-MREFK,Yes,Yes,Yes,Yes,No,Yes,Yes,No,Yes
7802-EFKNY,No,No,Yes,No,No,No,No,No,No
9787-XVQIU,Yes,Yes,Yes,No,No,No,No,No,No
0524-IAVZO,Yes,Yes,Yes,No,No,No,No,No,Yes
5159-YFPKQ,Yes,No,Yes,No,No,Yes,No,No,No
4285-GYRQC,Yes,No,Yes,No,No,Yes,No,Yes,No
0866-QLSIR,Yes,Yes,Yes,Yes,Yes,No,Yes,No,No
7181-BQYBV,Yes,Yes,Yes,Yes,No,Yes,No,Yes,Yes
2506-CLAKW,Yes,No,Yes,Yes,Yes,Yes,Yes,No,Yes
3571-RFHAR,Yes,Yes,Yes,No,Yes,Yes,Yes,Yes,Yes
9578-VRMNM,Yes,Yes,Yes,No,No,Yes,No,No,Yes
4307-KTUMW,Yes,Yes,Yes,Yes,No,Yes,No,No,Yes
7470-MCQTK,No,No,Yes,No,No,Yes,No,Yes,Yes
3870-MQAMG,Yes,Yes,Yes,No,Yes,Yes,Yes,Yes,Yes
2929-ERCFZ,Yes,No,Yes,No,No,Yes,No,Yes,Yes
1623-NLDOT,No,No,Yes,No,Yes,No,Yes,No,No
7089-IVVAZ,Yes,Yes,Yes,Yes,No,No,Yes,Yes,Yes
9492-TOKRI,Yes,Yes,Yes,No,Yes,No,No,Yes,No
3325-FUYCG,Yes,Yes,Yes,Yes,Yes,No,No,Yes,Yes
2609-IAICY,Yes,Yes,Yes,No,No,No,No,No,No
1740-CSDJP,No,No,Yes,No,No,No,No,No,Yes
9921-ZVRHG,Yes,Yes,Yes,No,No,Yes,No,No,No
9206-GVPEQ,No,No,Yes,Yes,No,No,Yes,Yes,Yes
1596-BBVTG,Yes,Yes,Yes,No,No,No,No,No,No
3707-GNWHM,Yes,Yes,Yes,No,No,No,No,No,No
3230-WYKIR,Yes,Yes,Yes,No,No,Yes,Yes,Yes,Yes
9600-UDOPK,Yes,Yes,Yes,No,No,No,No,Yes,Yes
2195-ZRVAX,Yes,No,Yes,No,No,Yes,No,No,Yes
2011-TRQYE,No,No,Yes,No,Yes,Yes,No,No,No
2608-BHKFN,Yes,No,Yes,No,No,No,No,No,No
8128-YVJRG,Yes,Yes,Yes,Yes,No,No,No,No,No
7938-OUHIO,Yes,No,Yes,No,No,Yes,Yes,Yes,Yes
1143-NMNQJ,Yes,Yes,Yes,No,No,No,No,No,Yes
4139-SUGLD,No,No,Yes,Yes,No,No,Yes,No,No
6100-QQHEB,Yes,Yes,Yes,No,No,No,No,Yes,Yes
6158-DWPZT,No,No,Yes,No,No,No,No,No,No
9170-GYZJC,Yes,Yes,Yes,Yes,Yes,Yes,Yes,No,Yes
5027-QPKTE,Yes,No,Yes,No,No,No,No,No,No
9992-RRAMN,Yes,Yes,Yes,No,No,No,No,No,Yes
1428-GTBJJ,Yes,No,Yes,No,Yes,No,No,No,No
2249-YPRNG,Yes,Yes,Yes,No,Yes,Yes,No,Yes,Yes
7410-YTJIK,Yes,Yes,Yes,No,No,No,No,No,No
5590-BYNII,Yes,Yes,Yes,Yes,No,No,No,Yes,Yes
0596-BQCEQ,Yes,No,Yes,No,Yes,Yes,No,Yes,Yes
6214-EDAKZ,Yes,No,Yes,No,Yes,No,Yes,No,No
1208-DNHLN,Yes,Yes,Yes,No,No,No,No,No,No
0617-FHSGK,Yes,Yes,Yes,No,No,No,No,No,No
6376-GAHQE,Yes,No,Yes,No,No,No,No,Yes,No
1432-FPAXX,No,No,Yes,No,Yes,No,No,No,No
3884-HCSWG,Yes,No,Yes,No,No,No,No,No,No
1142-WACZW,No,No,Yes,No,No,No,Yes,No,No
8149-RSOUN,Yes,Yes,Yes,No,No,No,No,Yes,Yes
7250-EQKIY,Yes,No,Yes,No,No,Yes,No,No,No
6772-KSATR,Yes,Yes,Yes,Yes,No,No,No,No,No
5016-ETTFF,No,No,Yes,No,No,Yes,No,No,No
3866-MDTUB,Yes,No,Yes,Yes,No,No,No,Yes,Yes
0897-FEGMU,Yes,Yes,Yes,No,No,Yes,No,Yes,Yes
0689-NKYLF,Yes,No,Yes,No,No,Yes,No,Yes,No
4585-HETAI,Yes,No,Yes,No,No,Yes,No,No,No
2108-YKQTY,Yes,No,Yes,No,Yes,No,No,No,No
5955-ERIHD,Yes,Yes,Yes,No,No,No,No,Yes,Yes
5949-EBSQK,Yes,No,Yes,No,No,No,Yes,No,Yes
6221-AVQYL,Yes,Yes,Yes,No,No,No,No,No,No
7743-EXURX,Yes,No,Yes,No,No,Yes,No,No,No
0426-TIRNE,Yes,No,No,No,No,No,No,No,No
7587-RZNME,Yes,No,Yes,No,No,No,No,No,No
2165-VOEGB,Yes,No,Yes,Yes,Yes,No,Yes,Yes,Yes
0963-ZBDRN,Yes,No,Yes,No,No,No,Yes,Yes,Yes
4317-VTEOA,Yes,No,Yes,No,Yes,No,No,No,No
3656-TKRVZ,Yes,No,Yes,Yes,Yes,No,No,No,No
8816-VXNZD,Yes,Yes,Yes,No,No,No,No,No,No
9378-FXTIZ,Yes,Yes,Yes,No,No,No,No,Yes,Yes
7825-GKXMW,Yes,No,Yes,No,No,No,No,No,No
6038-GCYEC,No,No,Yes,No,Yes,Yes,No,Yes,Yes
8443-ZRDBZ,Yes,Yes,Yes,No,No,No,No,No,No
8614-VGMMV,Yes,Yes,Yes,No,No,No,No,No,No
3594-UVONA,Yes,Yes,Yes,Yes,No,Yes,Yes,Yes,Yes
0004-TLHLJ,Yes,No,Yes,No,No,Yes,No,No,No
4817-VYYWS,Yes,Yes,Yes,No,Yes,No,No,Yes,Yes
5299-SJCZT,Yes,Yes,Yes,No,No,Yes,No,Yes,Yes
5154-VEKBL,No,No,Yes,Yes,No,Yes,Yes,Yes,Yes
1334-FJSVR,No,No,Yes,No,No,No,No,No,No
0618-XWMSS,Yes,No,Yes,Yes,No,No,No,No,No
6689-KXGBO,Yes,No,Yes,No,Yes,No,No,No,No
6615-NGGZJ,Yes,Yes,Yes,No,Yes,No,No,Yes,Yes
4255-DDUOU,Yes,No,No,No,No,No,No,No,No
7239-HZZCX,Yes,No,No,No,No,No,No,No,No
7683-CBDKJ,Yes,No,Yes,Yes,Yes,No,No,Yes,No
0112-QWPNC,Yes,Yes,Yes,Yes,No,Yes,Yes,Yes,Yes
2777-PHDEI,Yes,No,Yes,No,No,No,No,Yes,No
5356-RHIPP,Yes,No,No,No,No,No,No,No,No
0746-JTRFU,No,No,Yes,No,No,No,No,No,No
4628-CTTLA,No,No,Yes,No,Yes,No,No,Yes,No
6559-ILWKJ,No,No,Yes,No,Yes,No,No,Yes,Yes
4228-ZGYUW,Yes,Yes,Yes,No,Yes,No,No,No,Yes
2683-BPJSO,Yes,Yes,Yes,Yes,Yes,No,No,No,No
1087-UDSIH,Yes,No,No,No,No,No,No,No,No
1043-YCUTE,Yes,Yes,No,No,No,No,No,No,No
7734-DBOAI,No,No,Yes,No,No,No,Yes,Yes,No
2114-MGINA,Yes,No,Yes,No,No,No,No,Yes,Yes
4489-SNOJF,Yes,Yes,Yes,Yes,No,Yes,Yes,Yes,No
6996-KNSML,Yes,No,Yes,No,No,Yes,No,No,No
0515-YPMCW,Yes,No,Yes,No,No,No,No,No,No
0378-XSZPU,Yes,No,Yes,Yes,Yes,Yes,No,No,No
1455-UGQVH,Yes,Yes,Yes,No,No,Yes,No,Yes,Yes
7083-YNSKY,Yes,Yes,No,No,No,No,No,No,No
7434-SHXLS,Yes,No,No,No,No,No,No,No,No
4702-IOQDC,Yes,No,Yes,No,No,No,No,No,No
3506-LCJDC,Yes,No,No,No,No,No,No,No,No
0378-TOVMS,Yes,No,Yes,No,No,No,Yes,No,Yes
4355-HBJHH,Yes,Yes,Yes,Yes,No,Yes,No,Yes,Yes
0318-QUUOB,Yes,No,Yes,No,No,No,No,Yes,No
5572-ZDXHY,Yes,No,Yes,No,Yes,No,No,No,Yes
3750-CKVKH,Yes,No,Yes,No,No,No,No,No,No
4547-KQRTM,Yes,Yes,Yes,No,Yes,No,No,No,No
4877-EVATK,Yes,No,No,No,No,No,No,No,No
2462-XIIJB,Yes,Yes,Yes,No,No,Yes,No,Yes,No
7817-BOQPW,Yes,Yes,Yes,No,No,No,No,No,No
1853-UDXBW,Yes,No,Yes,No,No,No,No,No,No
5458-CQJTA,Yes,No,Yes,Yes,No,No,Yes,Yes,Yes
8443-WVPSS,Yes,No,Yes,No,Yes,No,Yes,Yes,Yes
3006-XIMLN,Yes,Yes,Yes,No,No,No,No,Yes,Yes
0362-ZBZWJ,Yes,Yes,Yes,No,No,No,No,No,Yes
4211-MMAZN,Yes,No,No,No,No,No,No,No,No
1541-ETJZO,Yes,Yes,Yes,No,No,Yes,Yes,No,No
8785-EPNCG,Yes,Yes,No,No,No,No,No,No,No
5729-KLZAR,Yes,No,Yes,No,No,No,No,No,Yes
5480-TBGPH,Yes,No,Yes,No,Yes,Yes,No,Yes,Yes
8854-CCVSQ,Yes,Yes,Yes,No,Yes,No,No,No,No
7270-BDIOA,Yes,Yes,Yes,No,No,No,Yes,Yes,No
3765-JXVKY,Yes,No,Yes,No,Yes,No,No,No,No
7330-WZLNC,Yes,Yes,Yes,No,Yes,No,No,Yes,No
4735-ASGMA,Yes,Yes,Yes,No,No,Yes,No,Yes,Yes
9725-SCPZG,Yes,No,Yes,No,No,No,No,Yes,Yes
8008-HAWED,No,No,Yes,No,No,Yes,No,Yes,Yes
1867-BDVFH,Yes,Yes,Yes,No,No,No,No,No,No
9103-TCIHJ,Yes,Yes,Yes,Yes,No,No,No,No,No
8943-URTMR,Yes,No,Yes,No,No,No,No,Yes,No
7762-URZQH,Yes,Yes,Yes,Yes,No,Yes,No,Yes,Yes
4628-WQCQQ,Yes,No,Yes,No,No,Yes,No,Yes,No
6861-OKBCE,Yes,No,No,No,No,No,No,No,No
4759-TRPLW,Yes,No,Yes,No,No,No,No,No,No
9874-QLCLH,Yes,Yes,Yes,Yes,No,Yes,No,Yes,Yes
2794-XIMMO,No,No,Yes,No,Yes,Yes,Yes,Yes,Yes
2983-ZANRP,Yes,No,Yes,No,Yes,No,No,No,No
7845-URHJN,Yes,No,No,No,No,No,No,No,No
8634-CILSZ,Yes,Yes,Yes,No,Yes,No,Yes,Yes,Yes
0345-HKJVM,Yes,No,Yes,No,No,No,No,Yes,Yes
9564-KCLHR,Yes,No,Yes,No,No,No,Yes,No,No
8065-YKXKD,Yes,Yes,Yes,No,No,No,No,No,No
5515-IDEJJ,Yes,No,No,No,No,No,No,No,No
5376-DEQCP,Yes,No,Yes,No,No,No,No,No,No
2722-VOJQL,Yes,Yes,Yes,No,Yes,No,Yes,Yes,Yes
7394-FKDNK,Yes,No,Yes,No,No,No,No,Yes,Yes
6331-LWDTQ,Yes,Yes,Yes,No,No,No,No,Yes,Yes
8718-PTMEZ,No,No,Yes,No,Yes,No,No,No,No
2207-OBZNX,Yes,No,Yes,Yes,No,No,No,No,No
5536-SLHPM,Yes,Yes,Yes,No,No,Yes,No,No,No
9574-RKJIF,Yes,Yes,Yes,Yes,Yes,No,No,Yes,No
0778-NELLA,No,No,Yes,No,No,No,No,Yes,No
4614-NUVZD,Yes,No,Yes,No,No,No,No,No,Yes
9572-MTILT,Yes,Yes,Yes,Yes,Yes,Yes,Yes,Yes,No
5087-SUURX,No,No,Yes,No,No,Yes,No,Yes,No
6330-JKLPC,Yes,Yes,Yes,No,Yes,No,No,No,No
7228-OMTPN,Yes,No,Yes,No,No,No,No,Yes,Yes
2344-JMOGN,Yes,No,Yes,No,Yes,Yes,Yes,Yes,No
3799-ISUZQ,Yes,No,Yes,No,No,No,No,No,No
1794-HBQTJ,Yes,No,Yes,Yes,No,No,No,No,No
5393-RXQSZ,Yes,No,Yes,No,No,No,No,No,Yes
3244-DCJWY,Yes,No,Yes,No,No,No,No,No,No
4797-AXPXK,Yes,No,Yes,Yes,Yes,No,Yes,No,No
0654-HMSHN,Yes,Yes,Yes,No,Yes,Yes,No,Yes,Yes
3374-LXDEV,Yes,Yes,Yes,No,Yes,Yes,Yes,No,No
9985-MWVIX,Yes,No,Yes,No,No,No,No,No,No
2237-ZFSMY,Yes,No,Yes,Yes,No,Yes,Yes,Yes,No
6711-VTNRE,Yes,No,Yes,No,No,Yes,Yes,No,Yes
4548-SDBKE,Yes,Yes,Yes,No,No,No,No,Yes,No
8066-POXGX,No,No,Yes,No,No,No,No,No,Yes
4512-ZUIYL,Yes,No,Yes,No,No,No,No,No,No
2202-CUYXZ,Yes,No,Yes,No,No,Yes,No,Yes,No
5995-OIGLP,Yes,No,Yes,Yes,No,No,Yes,No,No
4250-ZBWLV,Yes,Yes,Yes,No,Yes,Yes,Yes,Yes,Yes
2027-OAQQC,No,No,Yes,No,No,Yes,No,Yes,Yes
1555-DJEQW,Yes,Yes,Yes,Yes,Yes,Yes,Yes,Yes,Yes
9445-SZLCH,Yes,Yes,Yes,No,Yes,Yes,No,Yes,No
9526-BIHHD,No,No,Yes,Yes,No,No,No,No,No
4523-WXCEF,Yes,Yes,Yes,No,Yes,No,No,Yes,Yes
0870-VEMYL,Yes,No,Yes,Yes,No,No,Yes,No,No
4009-ALQFH,Yes,No,Yes,No,Yes,Yes,No,Yes,Yes
8650-RHRKE,No,No,Yes,No,No,Yes,No,No,No
1260-TTRXI,Yes,No,Yes,No,No,No,No,No,Yes
2867-UIMSS,Yes,No,Yes,No,No,No,No,No,Yes
1585-MQSSU,Yes,No,Yes,No,No,No,Yes,No,No
8559-CIZFV,Yes,Yes,Yes,Yes,Yes,No,Yes,Yes,No
4439-JMPMT,Yes,No,Yes,No,No,No,Yes,Yes,No
2575-GFSOE,Yes,No,Yes,No,No,No,No,No,No
7153-OANIO,Yes,No,Yes,No,No,No,No,No,No
6521-YYTYI,Yes,Yes,Yes,No,No,No,No,Yes,Yes
2530-ENDWQ,Yes,Yes,Yes,No,No,No,No,Yes,Yes
9250-WYPLL,Yes,Yes,Yes,No,No,No,No,No,No
1577-HKTFG,Yes,No,No,No,No,No,No,No,No
2869-ADAWR,Yes,Yes,Yes,No,Yes,No,No,Yes,No
6034-ZRYCV,No,No,Yes,No,Yes,Yes,No,Yes,Yes
6302-JGYRJ,Yes,Yes,Yes,No,Yes,No,Yes,Yes,Yes
8413-VONUO,Yes,No,Yes,No,Yes,No,No,Yes,Yes
9223-UCPVT,Yes,No,Yes,No,No,Yes,No,Yes,Yes
9728-FTTVZ,Yes,No,Yes,No,No,No,No,No,No
6110-OHIHY,Yes,No,Yes,No,No,No,No,Yes,No
7016-BPGEU,No,No,Yes,No,No,No,No,No,No
6876-ADESB,Yes,No,Yes,No,No,Yes,No,No,No
7551-DACSP,Yes,No,Yes,No,Yes,Yes,No,No,No
0520-FDVVT,Yes,No,Yes,No,Yes,Yes,No,Yes,Yes
1444-VVSGW,Yes,Yes,Yes,Yes,Yes,Yes,Yes,Yes,Yes
6906-ANDWJ,Yes,Yes,Yes,No,No,No,No,No,No
1062-LHZOD,Yes,No,Yes,No,No,No,No,No,No
9850-OWRHQ,Yes,Yes,Yes,No,No,No,No,No,No
5295-PCJOO,Yes,No,Yes,Yes,No,No,No,No,No
4919-MOAVT,Yes,No,Yes,No,No,No,No,No,No
3090-HAWSU,Yes,Yes,Yes,Yes,No,Yes,Yes,Yes,Yes
9820-RMCQV,Yes,No,Yes,Yes,No,No,No,No,No
5204-QZXPU,No,No,Yes,No,No,Yes,No,Yes,No
4597-ELFTS,Yes,Yes,No,No,No,No,No,No,No
8450-JOVAH,Yes,Yes,Yes,Yes,No,No,No,No,No
0617-AQNWT,No,No,Yes,Yes,No,Yes,Yes,No,Yes
9451-LPGOO,Yes,Yes,Yes,No,No,No,No,No,Yes
1195-OIYEJ,Yes,No,Yes,No,No,No,No,Yes,Yes
1750-CSKKM,Yes,No,Yes,No,No,No,No,Yes,No
6502-MJQAE,Yes,No,Yes,No,No,No,No,No,No
4745-LSPLO,Yes,No,No,No,No,No,No,No,No
4174-LPGTI,Yes,No,Yes,No,Yes,No,Yes,No,Yes
5482-NUPNA,Yes,No,Yes,Yes,Yes,No,Yes,No,No
4929-XIHVW,Yes,No,Yes,No,No,Yes,No,Yes,Yes
1891-QRQSA,Yes,Yes,Yes,Yes,No,Yes,Yes,Yes,Yes
5386-THSLQ,No,No,Yes,No,Yes,Yes,No,Yes,No
2639-UGMAZ,No,No,Yes,Yes,Yes,No,No,Yes,Yes
2504-DSHIH,Yes,Yes,Yes,No,No,No,No,No,Yes
0221-WMXNQ,Yes,No,Yes,Yes,No,No,No,No,No
7529-ZDFXI,Yes,Yes,Yes,No,Yes,No,No,No,Yes
6851-WEFYX,Yes,Yes,Yes,No,No,Yes,No,Yes,Yes
0021-IKXGC,Yes,Yes,Yes,No,No,No,No,No,No
2519-ERQOJ,No,No,Yes,No,No,Yes,Yes,Yes,Yes
5760-WRAHC,Yes,No,Yes,Yes,No,Yes,Yes,No,Yes
4612-SSVHJ,Yes,No,Yes,No,No,No,No,No,Yes
4332-MUOEZ,Yes,No,Yes,Yes,No,Yes,Yes,No,Yes
2469-DTSGX,Yes,Yes,Yes,No,Yes,Yes,Yes,Yes,Yes
7251-LJBQN,Yes,Yes,Yes,No,No,Yes,Yes,Yes,Yes
2682-KEVRP,Yes,No,No,No,No,No,No,No,No
2499-AJYUA,Yes,Yes,Yes,No,Yes,Yes,Yes,Yes,Yes
5671-RQRLP,Yes,Yes,Yes,No,No,No,No,No,No
4785-NKHCX,Yes,No,No,No,No,No,No,No,No
4250-WAROZ,Yes,Yes,Yes,Yes,Yes,No,No,No,Yes
4824-GUCBY,Yes,No,Yes,Yes,Yes,No,No,No,No
4849-PYRLQ,Yes,Yes,Yes,Yes,No,Yes,Yes,No,Yes
7460-ITWWP,Yes,No,Yes,No,No,Yes,No,No,Yes
7868-TMWMZ,Yes,No,Yes,Yes,Yes,Yes,Yes,Yes,Yes
9845-PEEKO,Yes,Yes,Yes,No,Yes,No,No,No,No
1779-PWPMG,Yes,Yes,Yes,Yes,Yes,Yes,Yes,Yes,Yes
2460-NGXBJ,Yes,Yes,Yes,No,No,No,No,No,No
5268-DSMNQ,Yes,Yes,Yes,No,Yes,Yes,No,Yes,No
6242-MBHPK,Yes,No,Yes,Yes,No,No,No,Yes,Yes
1282-IHQAC,No,No,Yes,No,Yes,Yes,No,Yes,No
2692-BUCFV,Yes,No,Yes,No,Yes,Yes,No,Yes,Yes
6896-SRVYQ,Yes,No,Yes,No,No,Yes,No,No,No
0481-SUMCB,Yes,Yes,Yes,No,No,Yes,No,Yes,Yes
3292-PBZEJ,Yes,Yes,Yes,No,Yes,Yes,Yes,Yes,Yes
6267-DCFFZ,Yes,Yes,Yes,No,Yes,No,No,Yes,No
2057-BOYKM,Yes,Yes,Yes,Yes,Yes,Yes,Yes,No,No
8623-ULFNQ,Yes,Yes,Yes,No,No,No,Yes,No,Yes
7789-HKSBS,Yes,Yes,Yes,Yes,No,Yes,No,Yes,Yes
7064-FRRSW,Yes,Yes,Yes,No,Yes,No,No,Yes,Yes
3219-JQRSL,Yes,Yes,Yes,Yes,Yes,Yes,Yes,Yes,Yes
3723-BFBGR,Yes,Yes,Yes,No,Yes,No,No,No,No
7020-OZKXZ,Yes,No,Yes,No,No,Yes,No,No,No
9919-FZDED,Yes,Yes,Yes,Yes,Yes,Yes,No,Yes,Yes
7206-PQBBZ,Yes,No,Yes,No,No,No,No,No,No
2931-VUVJN,Yes,Yes,Yes,Yes,Yes,Yes,Yes,No,No
2878-RMWXY,Yes,Yes,Yes,Yes,Yes,Yes,No,No,Yes
8495-LJDFO,Yes,Yes,Yes,Yes,No,Yes,Yes,Yes,Yes
3398-GCPMU,Yes,Yes,Yes,Yes,Yes,Yes,Yes,Yes,Yes
0015-UOCOJ,Yes,No,Yes,Yes,No,No,No,No,No
5334-AFQJB,Yes,Yes,No,No,No,No,No,No,No
1465-LNTLJ,Yes,No,Yes,No,No,Yes,Yes,No,Yes
4706-DGAHW,Yes,No,Yes,No,No,No,No,No,No
9121-PHQSR,Yes,Yes,Yes,No,No,No,No,Yes,No
0141-YEAYS,Yes,Yes,Yes,No,Yes,Yes,No,No,No
9603-OAIHC,Yes,No,Yes,No,No,No,No,No,No
8406-LNMHF,Yes,No,Yes,Yes,Yes,Yes,No,No,No
9050-IKDZA,Yes,No,Yes,No,No,No,No,Yes,No
6614-YWYSC,Yes,Yes,No,No,No,No,No,No,No
7016-NVRIC,Yes,No,Yes,Yes,No,Yes,No,No,Yes
9825-YCXWZ,Yes,No,Yes,No,No,Yes,Yes,Yes,Yes
2000-DHJUY,Yes,Yes,Yes,Yes,Yes,Yes,Yes,Yes,Yes
4526-ZJJTM,Yes,No,Yes,No,Yes,Yes,No,No,Yes
1855-CFULU,Yes,No,No,No,No,No,No,No,No
2277-DJJDL,Yes,Yes,Yes,No,No,No,Yes,Yes,Yes
1658-TJVOA,Yes,No,Yes,Yes,No,No,No,No,No
3865-QBWSJ,Yes,Yes,Yes,Yes,No,No,No,No,No
5857-TYBCJ,Yes,Yes,Yes,No,No,Yes,No,Yes,No
5897-ZYEKH,Yes,Yes,Yes,Yes,Yes,No,No,Yes,Yes
5456-ITGIC,No,No,Yes,Yes,Yes,Yes,Yes,Yes,Yes
8395-ETZKQ,Yes,No,No,No,No,No,No,No,No
8336-TAVKX,Yes,Yes,Yes,Yes,Yes,Yes,Yes,No,Yes
5150-ITWWB,Yes,Yes,Yes,No,No,No,No,Yes,Yes
9281-OFDMF,Yes,Yes,Yes,No,Yes,No,No,No,Yes
0549-CYCQN,Yes,Yes,Yes,No,Yes,No,No,No,No
5144-TVGLP,Yes,Yes,Yes,No,No,No,No,Yes,Yes
8659-HDIYE,Yes,Yes,Yes,No,Yes,Yes,Yes,No,Yes
0100-DUVFC,Yes,Yes,Yes,No,Yes,Yes,No,Yes,Yes
5019-GQVCR,Yes,Yes,Yes,No,No,No,No,Yes,No
2880-FPNAE,Yes,No,Yes,No,No,Yes,No,No,No
2045-BMBTJ,No,No,Yes,Yes,Yes,Yes,No,Yes,Yes
6741-EGCBI,Yes,Yes,Yes,Yes,No,No,No,No,Yes
1730-ZMAME,Yes,No,Yes,No,No,No,No,No,Yes
9373-WSLOY,No,No,Yes,No,Yes,Yes,Yes,Yes,No
3258-SYSWS,Yes,Yes,Yes,Yes,Yes,Yes,Yes,Yes,Yes
4304-XUMGI,Yes,Yes,Yes,Yes,Yes,Yes,No,No,Yes
7225-CBZPL,Yes,Yes,Yes,No,No,No,No,Yes,Yes
3308-JSGML,No,No,Yes,Yes,No,Yes,Yes,Yes,Yes
7446-YPODE,Yes,Yes,Yes,Yes,Yes,No,No,No,No
8450-UYIBU,No,No,Yes,No,No,Yes,No,Yes,No
8224-DWCKX,Yes,Yes,Yes,No,No,No,No,No,No
5446-DKWYW,Yes,Yes,Yes,No,No,Yes,No,Yes,No
3740-RLMVT,Yes,No,Yes,Yes,Yes,No,Yes,No,No
2186-QZEYA,Yes,Yes,Yes,Yes,Yes,No,No,No,No
9208-OLGAQ,Yes,No,Yes,No,No,Yes,No,No,Yes
3244-CQPHU,Yes,Yes,Yes,Yes,Yes,No,Yes,Yes,Yes
5792-JALQC,Yes,Yes,Yes,Yes,No,Yes,No,No,No
2675-OTVVJ,Yes,Yes,Yes,Yes,No,No,No,Yes,No
2277-VWCNI,Yes,Yes,Yes,No,No,No,No,No,No
5227-JSCFE,No,No,Yes,Yes,Yes,Yes,Yes,No,No
5329-KRDTM,Yes,Yes,Yes,No,Yes,Yes,Yes,Yes,No
8999-XXGNS,Yes,Yes,Yes,No,Yes,Yes,No,Yes,Yes
7524-VRLPL,Yes,Yes,Yes,Yes,No,Yes,Yes,No,Yes
9470-YFUYI,Yes,No,Yes,Yes,Yes,No,Yes,Yes,No
6008-NAIXK,No,No,Yes,No,Yes,Yes,No,Yes,Yes
4007-NHVHI,Yes,Yes,Yes,Yes,Yes,No,No,No,Yes
7515-LODFU,Yes,No,No,No,No,No,No,No,No
6941-KXRRV,Yes,No,Yes,No,Yes,No,No,No,Yes
4501-UYKBC,Yes,Yes,Yes,No,No,Yes,Yes,No,Yes
8565-WUXZU,Yes,No,Yes,Yes,Yes,No,Yes,No,No
3898-GUYTS,Yes,Yes,Yes,Yes,Yes,No,Yes,Yes,No
7852-LECYP,Yes,Yes,Yes,Yes,Yes,No,No,No,Yes
8920-NAVAY,Yes,Yes,Yes,No,Yes,Yes,Yes,Yes,Yes
9699-UBQFS,Yes,Yes,Yes,Yes,Yes,No,No,Yes,No
3528-HFRIQ,No,No,Yes,No,Yes,Yes,No,Yes,Yes
4128-ETESU,Yes,Yes,Yes,No,No,Yes,No,Yes,Yes
3295-YVUSR,Yes,Yes,Yes,No,No,No,No,No,No
8016-NCFVO,Yes,Yes,Yes,Yes,Yes,Yes,Yes,Yes,Yes
2080-CAZNM,Yes,Yes,Yes,No,Yes,Yes,No,Yes,Yes
1028-FFNJK,Yes,Yes,Yes,No,No,No,Yes,Yes,Yes
7668-XCFYV,Yes,Yes,Yes,No,No,No,No,Yes,Yes
5336-UFNZP,Yes,Yes,Yes,No,Yes,Yes,No,Yes,Yes
9309-BZGNT,No,No,Yes,No,No,Yes,No,No,No
8075-GXIUB,Yes,No,No,No,No,No,No,No,No
2144-BFDSO,Yes,Yes,Yes,Yes,Yes,Yes,No,Yes,Yes
8490-BXHEO,Yes,Yes,Yes,No,Yes,No,No,No,No
6726-NNFWD,Yes,No,Yes,No,Yes,Yes,No,No,Yes
8023-QHAIO,Yes,Yes,Yes,No,No,No,Yes,No,No
4291-HYEBC,No,No,Yes,No,Yes,No,No,No,Yes
1217-VASWC,Yes,No,Yes,No,Yes,Yes,No,Yes,Yes
8695-ARGXZ,Yes,Yes,Yes,No,No,No,No,No,No
1480-IVEVR,Yes,Yes,Yes,No,No,Yes,No,No,No
1635-NZATJ,Yes,Yes,No,No,No,No,No,No,No
4627-MIHJH,Yes,Yes,Yes,Yes,No,Yes,Yes,Yes,Yes
3258-SANFR,Yes,No,Yes,No,No,No,No,No,No
4833-QTJNO,Yes,Yes,Yes,Yes,Yes,No,No,No,No
7779-ORAEL,Yes,Yes,Yes,Yes,No,Yes,Yes,No,Yes
6726-WEXXK,Yes,Yes,Yes,Yes,No,Yes,No,No,No
6048-QBXKL,Yes,Yes,Yes,No,Yes,No,No,No,No
2378-VTKDH,Yes,Yes,Yes,No,Yes,Yes,No,Yes,Yes
7994-XIRTR,Yes,No,Yes,No,No,Yes,Yes,No,Yes
6121-TNHBO,Yes,Yes,Yes,Yes,Yes,Yes,Yes,Yes,No
3865-ZYKAD,Yes,Yes,Yes,Yes,Yes,No,No,No,No
3256-EZDBI,No,No,Yes,No,Yes,No,No,No,No
4726-DLWQN,Yes,Yes,Yes,Yes,Yes,No,No,Yes,No
3908-MKIMJ,No,No,Yes,Yes,Yes,Yes,No,No,No
2453-SAFNS,Yes,Yes,Yes,No,Yes,No,Yes,Yes,No
7426-GSWPO,Yes,Yes,Yes,Yes,Yes,No,No,Yes,Yes
0822-QGCXA,Yes,Yes,Yes,No,Yes,Yes,Yes,Yes,Yes
3588-WSTTJ,Yes,Yes,Yes,Yes,No,No,No,Yes,Yes
3259-KNMRR,Yes,Yes,Yes,No,Yes,Yes,No,Yes,Yes
9129-UXERG,Yes,Yes,Yes,No,Yes,No,Yes,Yes,Yes
6229-LSCKB,Yes,No,Yes,No,No,No,No,Yes,No
5820-PTRYM,Yes,Yes,Yes,Yes,Yes,Yes,Yes,No,No
7789-CRUVC,Yes,Yes,Yes,Yes,Yes,Yes,Yes,No,No
6713-OKOMC,No,No,Yes,Yes,No,No,No,No,No
6865-JZNKO,Yes,No,Yes,Yes,Yes,No,No,No,No
7310-EGVHZ,Yes,No,No,No,No,No,No,No,No
9867-JCZSP,Yes,No,No,No,No,No,No,No,No
4671-VJLCL,Yes,Yes,Yes,Yes,Yes,Yes,Yes,Yes,No
4080-IIARD,Yes,Yes,Yes,Yes,Yes,No,Yes,Yes,No
3714-NTNFO,Yes,Yes,Yes,No,No,No,No,No,Yes
5954-BDFSG,Yes,Yes,Yes,No,No,Yes,Yes,Yes,Yes
0526-SXDJP,No,No,Yes,Yes,Yes,Yes,No,No,No
3887-PBQAO,Yes,Yes,No,No,No,No,No,No,No
9919-YLNNG,Yes,No,Yes,No,Yes,Yes,Yes,Yes,Yes
4445-ZJNMU,Yes,Yes,Yes,No,Yes,No,No,Yes,Yes
4767-HZZHQ,Yes,No,Yes,No,Yes,Yes,No,No,No
7233-PAHHL,Yes,Yes,Yes,Yes,No,Yes,Yes,Yes,Yes
6380-ARCEH,Yes,No,No,No,No,No,No,No,No
5712-AHQNN,Yes,No,Yes,No,Yes,Yes,No,Yes,No
3071-VBYPO,Yes,No,Yes,Yes,Yes,No,No,Yes,No
8402-OOOHJ,Yes,No,No,No,No,No,No,No,No
9445-ZUEQE,Yes,Yes,Yes,No,Yes,No,Yes,No,No
4622-YNKIJ,Yes,No,Yes,Yes,No,No,Yes,Yes,No
2876-GZYZC,Yes,Yes,Yes,No,No,No,No,No,Yes
1679-JRFBR,Yes,Yes,Yes,Yes,Yes,Yes,No,Yes,Yes
6551-GNYDG,Yes,No,Yes,No,No,No,No,No,Yes
4648-YPBTM,Yes,Yes,Yes,No,Yes,Yes,Yes,No,Yes
5947-SGKCL,Yes,Yes,Yes,No,Yes,Yes,No,Yes,Yes
0956-SYCWG,Yes,No,No,No,No,No,No,No,No
9680-NIAUV,Yes,Yes,Yes,Yes,Yes,Yes,No,Yes,Yes
9178-JHUVJ,Yes,Yes,No,No,No,No,No,No,No
3645-DEYGF,Yes,No,No,No,No,No,No,No,No
3363-DTIVD,Yes,Yes,Yes,Yes,No,Yes,No,Yes,Yes
6469-MRVET,Yes,No,No,No,No,No,No,No,No
6778-JFCMK,No,No,Yes,Yes,No,No,No,Yes,Yes
3316-UWXUY,Yes,No,Yes,Yes,Yes,No,Yes,No,Yes
0621-JFHOL,No,No,Yes,No,No,No,Yes,No,No
6614-FHDBO,Yes,Yes,Yes,No,Yes,Yes,Yes,Yes,Yes
7576-ASEJU,Yes,No,Yes,Yes,No,No,Yes,Yes,Yes
0959-WHOKV,Yes,Yes,Yes,Yes,Yes,Yes,No,No,Yes
7017-VFHAY,Yes,Yes,Yes,Yes,Yes,Yes,Yes,Yes,Yes
6655-LHBYW,Yes,Yes,Yes,Yes,Yes,Yes,Yes,Yes,Yes
0123-CRBRT,Yes,Yes,Yes,Yes,Yes,Yes,Yes,Yes,Yes
8645-KWHJO,No,No,Yes,No,No,Yes,Yes,Yes,Yes
8229-MYEJZ,Yes,No,Yes,No,Yes,No,No,No,No
8181-YHCMF,No,No,Yes,No,Yes,Yes,Yes,Yes,Yes
4091-TVOCN,Yes,Yes,Yes,Yes,No,Yes,No,Yes,Yes
6745-JEFZB,Yes,Yes,Yes,No,No,No,Yes,Yes,No
9498-FIMXL,Yes,No,No,No,No,No,No,No,No
7520-HQWJU,Yes,Yes,Yes,Yes,Yes,Yes,No,No,No
9639-BUJXT,Yes,No,No,No,No,No,No,No,No
9069-LGEUL,Yes,No,Yes,Yes,No,No,No,No,Yes
7302-ZHMHP,Yes,No,No,No,No,No,No,No,No
6158-HDPXZ,No,No,Yes,No,No,No,No,No,No
2863-IMQDR,Yes,Yes,Yes,Yes,Yes,Yes,Yes,Yes,Yes
5686-CMAWK,Yes,Yes,Yes,No,No,Yes,Yes,No,No
5651-CRHKQ,Yes,No,Yes,No,Yes,Yes,Yes,No,No
8782-LKFPK,Yes,Yes,Yes,No,No,Yes,No,No,Yes
9967-ATRFS,Yes,No,No,No,No,No,No,No,No
3067-SVMTC,Yes,No,Yes,Yes,No,No,Yes,No,No
5973-EJGDP,Yes,Yes,Yes,No,Yes,Yes,Yes,No,No
4360-PNRQB,Yes,Yes,Yes,No,No,No,No,No,No
6152-ONASV,Yes,Yes,Yes,Yes,No,No,Yes,No,No
1910-FMXJM,Yes,No,Yes,No,No,No,No,No,Yes
1090-ESELR,Yes,No,Yes,Yes,Yes,No,Yes,Yes,Yes
4237-CLSMM,Yes,No,No,No,No,No,No,No,No
4719-UMSIY,Yes,No,No,No,No,No,No,No,No
2996-XAUVF,No,No,Yes,No,No,No,Yes,No,Yes
8896-RAZCR,Yes,No,No,No,No,No,No,No,No
4472-LVYGI,No,No,Yes,Yes,No,Yes,Yes,Yes,No
4134-BSXLX,Yes,No,Yes,Yes,Yes,No,Yes,No,No
1135-LMECX,Yes,No,No,No,No,No,No,No,No
2475-MROZF,Yes,Yes,Yes,Yes,Yes,Yes,Yes,No,No
7531-GQHME,Yes,No,No,No,No,No,No,No,No
5174-ITUMV,Yes,Yes,Yes,No,Yes,Yes,No,Yes,Yes
1403-GYAFU,Yes,No,No,No,No,No,No,No,No
5844-QVTAT,Yes,No,Yes,Yes,Yes,Yes,No,No,No
5394-MEITZ,Yes,No,Yes,No,Yes,Yes,Yes,Yes,Yes
2782-LFZVW,Yes,Yes,Yes,No,No,No,No,No,Yes
2866-IKBTM,Yes,No,No,No,No,No,No,No,No
6815-ABQFQ,Yes,Yes,Yes,No,Yes,No,Yes,Yes,Yes
5512-IDZEI,Yes,Yes,No,No,No,No,No,No,No
0459-SPZHJ,Yes,Yes,Yes,Yes,Yes,Yes,No,Yes,Yes
0215-BQKGS,Yes,No,Yes,Yes,Yes,Yes,No,No,No
5173-ZXXXL,Yes,No,No,No,No,No,No,No,No
6516-NKQBO,Yes,No,Yes,Yes,No,Yes,Yes,Yes,Yes
6464-KEXXH,No,No,Yes,No,No,No,No,No,No
5148-HKFIR,Yes,No,No,No,No,No,No,No,No
7665-VIGUD,Yes,No,No,No,No,No,No,No,No
9574-BOSMD,Yes,Yes,No,No,No,No,No,No,No
2391-IPLOP,Yes,Yes,Yes,No,No,Yes,Yes,Yes,No
5183-SNMJQ,Yes,No,Yes,No,No,No,Yes,Yes,Yes
2085-JVGAD,Yes,No,No,No,No,No,No,No,No
8095-WANWK,Yes,No,Yes,No,No,No,No,No,No
0214-JHPFW,No,No,Yes,No,Yes,Yes,Yes,Yes,Yes
5642-MHDQT,Yes,No,No,No,No,No,No,No,No
9092-GDZKO,Yes,Yes,No,No,No,No,No,No,No
2826-UWHIS,Yes,Yes,Yes,No,Yes,No,No,No,No
8262-COGGB,Yes,No,No,No,No,No,No,No,No
2480-JZOSN,Yes,No,No,No,No,No,No,No,No
9450-TRJUU,Yes,Yes,Yes,No,No,No,No,Yes,No
1766-GKNMI,Yes,Yes,Yes,No,No,No,No,No,Yes
1456-TWCGB,Yes,No,Yes,No,Yes,No,No,No,No
1853-ARAAQ,No,No,Yes,No,No,Yes,No,Yes,Yes
4950-HKQTE,Yes,Yes,No,No,No,No,No,No,No
4018-PPNDW,Yes,Yes,No,No,No,No,No,No,No
1635-FJFCC,Yes,No,Yes,No,No,No,No,No,No
5730-DBDSI,Yes,No,No,No,No,No,No,No,No
4013-GUXND,Yes,No,No,No,No,No,No,No,No
1266-NZYUI,Yes,Yes,Yes,Yes,No,Yes,Yes,No,No
7969-FFOWG,Yes,No,No,No,No,No,No,No,No
5175-WLYXL,Yes,Yes,Yes,No,Yes,No,No,No,No
7817-OMJNA,Yes,No,No,No,No,No,No,No,No
3137-NYQQI,Yes,No,Yes,Yes,Yes,No,No,No,Yes
7706-DZNKK,Yes,No,No,No,No,No,No,No,No
5125-CNDSP,No,No,Yes,Yes,Yes,No,Yes,No,No
4992-LTJNE,Yes,Yes,Yes,Yes,No,No,No,No,No
2202-OUTMO,Yes,Yes,Yes,Yes,No,No,Yes,No,No
7131-ZQZNK,No,No,Yes,Yes,No,Yes,Yes,Yes,Yes
4257-GAESD,No,No,Yes,No,No,No,No,Yes,Yes
9926-PJHDQ,Yes,Yes,Yes,No,No,Yes,No,Yes,Yes
5337-IIWKZ,No,No,Yes,No,No,Yes,Yes,Yes,No
9650-VBUOG,Yes,Yes,No,No,No,No,No,No,No
3487-EARAT,Yes,No,Yes,Yes,Yes,Yes,Yes,No,Yes
6092-QZVPP,Yes,No,Yes,Yes,No,Yes,Yes,Yes,Yes
7408-OFWXJ,Yes,Yes,Yes,Yes,Yes,Yes,Yes,Yes,Yes
4795-UXVCJ,Yes,No,No,No,No,No,No,No,No
0979-MOZQI,No,No,Yes,No,No,No,Yes,Yes,No
0323-XWWTN,Yes,Yes,No,No,No,No,No,No,No
1937-OTUKY,Yes,Yes,Yes,Yes,No,Yes,Yes,Yes,No
4661-NJEUX,Yes,No,No,No,No,No,No,No,No
5898-IGSLP,Yes,Yes,Yes,Yes,No,Yes,Yes,No,No
5543-QDCRY,Yes,No,Yes,No,No,No,No,Yes,No
5993-BQHEA,Yes,No,No,No,No,No,No,No,No
0454-OKRCT,Yes,No,Yes,No,Yes,No,Yes,No,No
4198-VFOEA,No,No,Yes,Yes,No,No,Yes,No,No
7567-ECMCM,Yes,No,Yes,No,No,No,No,No,Yes
6231-WFGFH,Yes,No,No,No,No,No,No,No,No
5651-YLPRD,Yes,No,Yes,No,Yes,No,No,Yes,No
4378-BZYFP,Yes,No,No,No,No,No,No,No,No
3429-IFLEM,Yes,No,Yes,Yes,Yes,Yes,Yes,Yes,No
2483-XSSMZ,Yes,No,Yes,Yes,No,No,No,No,No
8165-ZJRNM,Yes,Yes,No,No,No,No,No,No,No
3717-OFRTN,Yes,No,No,No,No,No,No,No,No
8917-FAEMR,Yes,No,No,No,No,No,No,No,No
7047-YXDMZ,Yes,No,No,No,No,No,No,No,No
6614-YOLAC,No,No,Yes,Yes,Yes,No,Yes,Yes,Yes
7649-SIJJF,Yes,Yes,Yes,Yes,Yes,Yes,Yes,No,Yes
1452-XRSJV,Yes,No,Yes,Yes,No,No,No,No,No
3422-WJOYD,Yes,No,Yes,Yes,No,No,Yes,No,No
7147-AYBAA,Yes,No,Yes,No,No,No,No,No,No
8329-GWVPJ,Yes,No,Yes,No,No,No,No,No,No
2632-TACXW,Yes,Yes,No,No,No,No,No,No,No
6445-TNRXS,Yes,Yes,Yes,Yes,Yes,Yes,Yes,Yes,Yes
1915-OAKWD,Yes,No,No,No,No,No,No,No,No
3354-OADJP,Yes,No,Yes,Yes,No,No,Yes,No,No
0810-DHDBD,Yes,Yes,Yes,Yes,No,Yes,Yes,Yes,No
7013-PSXHK,Yes,Yes,Yes,No,No,Yes,Yes,Yes,Yes
3800-LYTRK,Yes,No,Yes,Yes,No,No,Yes,No,No
2111-DWYHN,Yes,No,No,No,No,No,No,No,No
4194-WHFCB,Yes,Yes,Yes,No,Yes,No,Yes,No,Yes
4546-FOKWR,Yes,Yes,Yes,No,No,No,No,No,No
8590-YFFQO,Yes,No,Yes,Yes,Yes,Yes,Yes,No,No
7439-DKZTW,Yes,No,Yes,No,No,No,No,Yes,No
4646-QZXTF,Yes,No,Yes,Yes,No,Yes,Yes,Yes,Yes
9578-FOMUK,Yes,Yes,No,No,No,No,No,No,No
8717-VCTXJ,Yes,No,No,No,No,No,No,No,No
4159-NAAIX,Yes,Yes,Yes,No,Yes,No,No,Yes,Yes
0971-QIFJK,Yes,Yes,No,No,No,No,No,No,No
9397-TZSHA,Yes,Yes,No,No,No,No,No,No,No
3391-JSQEW,Yes,No,Yes,No,Yes,No,No,No,No
8461-EFQYM,Yes,Yes,No,No,No,No,No,No,No
0831-JNISG,Yes,No,No,No,No,No,No,No,No
9553-DLCLU,Yes,Yes,Yes,Yes,Yes,Yes,Yes,Yes,Yes
2446-ZKVAF,Yes,Yes,Yes,No,Yes,No,No,No,No
3522-CDKHF,Yes,No,Yes,Yes,No,No,No,No,No
1430-SFQSA,No,No,Yes,Yes,No,No,Yes,No,No
1346-UFHAX,Yes,Yes,Yes,Yes,No,No,No,No,No
4835-YSJMR,Yes,No,Yes,No,No,No,Yes,No,No
0887-WBJVH,Yes,No,Yes,No,No,No,Yes,Yes,Yes
7670-ZBPOQ,Yes,Yes,Yes,Yes,No,No,Yes,No,No
6807-SIWJI,Yes,Yes,Yes,Yes,Yes,No,No,Yes,Yes
0455-ENTCR,Yes,Yes,Yes,Yes,Yes,No,Yes,Yes,Yes
5542-NKVRU,Yes,No,No,No,No,No,No,No,No
7126-RBHSD,Yes,Yes,Yes,Yes,No,No,No,No,No
6980-IMXXE,Yes,No,No,No,No,No,No,No,No
0040-HALCW,Yes,No,No,No,No,No,No,No,No
2294-DMMUS,Yes,Yes,Yes,No,No,No,No,Yes,Yes
0872-JCPIB,Yes,Yes,Yes,Yes,No,No,No,No,Yes
3055-MJDSB,No,No,Yes,No,No,No,No,No,No
9091-WTUUY,Yes,No,Yes,Yes,No,Yes,Yes,Yes,No
2788-CJQAQ,Yes,No,No,No,No,No,No,No,No
2120-SMPEX,Yes,No,No,No,No,No,No,No,No
6766-HFKLA,Yes,Yes,Yes,No,No,Yes,Yes,Yes,Yes
8480-PPONV,Yes,Yes,Yes,Yes,Yes,Yes,Yes,Yes,Yes
1257-SXUXQ,Yes,No,No,No,No,No,No,No,No
4730-AWNAU,No,No,Yes,Yes,No,Yes,Yes,Yes,Yes
9531-NSBMR,Yes,No,No,No,No,No,No,No,No
4389-UEFCZ,Yes,Yes,Yes,Yes,No,Yes,No,Yes,Yes
2616-FLVQC,Yes,No,No,No,No,No,No,No,No
1907-YLNYW,Yes,No,Yes,Yes,No,Yes,No,No,Yes
8947-YRTDV,Yes,No,Yes,Yes,Yes,Yes,No,No,Yes
6682-VCIXC,No,No,Yes,Yes,Yes,No,Yes,Yes,No
6475-VHUIZ,Yes,No,Yes,No,No,Yes,Yes,No,No
4656-CAURT,Yes,Yes,No,No,No,No,No,No,No
3733-LSYCE,Yes,No,Yes,No,Yes,No,No,No,No
6265-FRMTQ,Yes,No,No,No,No,No,No,No,No
5469-NUJUR,Yes,No,No,No,No,No,No,No,No
2625-TRCZQ,No,No,Yes,No,Yes,No,No,Yes,Yes
4102-HLENU,Yes,Yes,Yes,Yes,Yes,Yes,No,No,No
1084-MNSMJ,Yes,No,Yes,Yes,Yes,Yes,Yes,Yes,Yes
9793-WECQC,Yes,No,Yes,No,Yes,No,No,Yes,Yes
3071-MVJCD,Yes,Yes,Yes,Yes,Yes,Yes,Yes,Yes,No
1131-SUEKT,Yes,No,Yes,No,Yes,No,Yes,Yes,Yes
2592-YKDIF,Yes,No,No,No,No,No,No,No,No
7521-YXVZY,Yes,No,No,No,No,No,No,No,No
1830-GGFNM,Yes,Yes,Yes,Yes,Yes,Yes,Yes,No,No
5302-BDJNT,Yes,Yes,Yes,No,No,Yes,Yes,Yes,No
5223-UZAVK,Yes,No,Yes,Yes,Yes,No,No,Yes,Yes
9350-VLHMB,Yes,Yes,Yes,No,Yes,No,No,No,Yes
6718-BDGHG,Yes,Yes,Yes,No,No,No,Yes,Yes,No
1735-XMJVH,Yes,No,No,No,No,No,No,No,No
6890-PFRQX,Yes,Yes,Yes,Yes,No,Yes,No,Yes,No
5899-OUVKV,Yes,No,Yes,No,Yes,No,No,Yes,Yes
8681-ICONS,Yes,No,No,No,No,No,No,No,No
3070-BDOQC,Yes,No,Yes,No,Yes,Yes,No,Yes,Yes
4283-IVYCI,Yes,No,Yes,Yes,No,No,Yes,No,Yes
8205-MQUGY,Yes,No,Yes,Yes,No,No,No,No,No
8970-ANWXO,Yes,Yes,Yes,No,No,No,Yes,Yes,Yes
9495-SKLKD,Yes,Yes,Yes,No,Yes,Yes,No,No,Yes
8695-WDYEA,Yes,No,Yes,Yes,No,No,No,No,No
6543-JXSOO,Yes,No,Yes,Yes,Yes,No,Yes,No,No
8605-ITULD,Yes,No,No,No,No,No,No,No,No
7041-TXQJH,No,No,Yes,No,No,Yes,No,No,Yes
8819-WFGGJ,No,No,Yes,Yes,No,Yes,No,Yes,Yes
7898-PDWQE,Yes,Yes,Yes,Yes,Yes,Yes,Yes,No,Yes
9314-IJWSQ,Yes,Yes,Yes,No,No,No,No,Yes,No
5799-JRCZO,Yes,No,No,No,No,No,No,No,No
1925-GMVBW,Yes,No,No,No,No,No,No,No,No
0640-YJTPY,Yes,No,No,No,No,No,No,No,No
9764-REAFF,Yes,No,No,No,No,No,No,No,No
4881-GQJTW,Yes,No,No,No,No,No,No,No,No
2091-GPPIQ,Yes,Yes,Yes,No,Yes,No,Yes,Yes,Yes
2245-ADZFJ,Yes,Yes,Yes,No,Yes,No,Yes,Yes,Yes
4672-FOTSD,Yes,Yes,Yes,Yes,Yes,No,Yes,No,No
3070-FNFZQ,Yes,No,No,No,No,No,No,No,No
2812-SFXMJ,Yes,No,No,No,No,No,No,No,No
5014-WUQMG,Yes,No,Yes,Yes,Yes,Yes,No,No,Yes
1971-DTCZB,Yes,Yes,Yes,Yes,Yes,Yes,Yes,Yes,Yes
4939-KYYPY,Yes,Yes,Yes,No,No,Yes,Yes,No,No
6022-KOUQO,No,No,Yes,No,No,No,Yes,No,No
2361-UPSND,Yes,No,Yes,Yes,Yes,No,Yes,No,Yes
1498-DQNRX,Yes,No,No,No,No,No,No,No,No
2581-VKIRT,Yes,Yes,Yes,Yes,Yes,No,Yes,No,No
6625-FLENO,Yes,No,No,No,No,No,No,No,No
2967-MXRAV,Yes,No,No,No,No,No,No,No,No
3500-NSDOA,Yes,Yes,Yes,No,Yes,No,Yes,No,Yes
8388-DMKAE,Yes,No,No,No,No,No,No,No,No
5451-MHQOF,Yes,Yes,No,No,No,No,No,No,No
4836-WNFNO,Yes,Yes,No,No,No,No,No,No,No
9225-BZLNZ,Yes,Yes,Yes,Yes,Yes,Yes,No,Yes,Yes
0354-VXMJC,Yes,No,No,No,No,No,No,No,No
8332-OSJDW,Yes,Yes,No,No,No,No,No,No,No
1696-MZVAU,No,No,Yes,No,No,No,No,No,No
7359-WWYJV,Yes,Yes,Yes,Yes,Yes,Yes,Yes,Yes,Yes
3795-GWTRD,Yes,No,Yes,Yes,Yes,Yes,Yes,Yes,No
6961-MJKBO,Yes,No,No,No,No,No,No,No,No
8932-CZHRQ,Yes,Yes,Yes,Yes,Yes,Yes,No,No,Yes
8345-MVDYC,Yes,No,Yes,Yes,No,Yes,Yes,Yes,Yes
1015-OWJKI,Yes,No,No,No,No,No,No,No,No
8887-IPQNC,Yes,No,Yes,No,No,No,No,No,No
8646-JCOMS,Yes,Yes,Yes,No,Yes,Yes,Yes,No,No
3963-RYFNS,Yes,Yes,Yes,Yes,Yes,Yes,Yes,Yes,Yes
7801-CEDNV,Yes,No,Yes,Yes,No,No,No,No,No
3658-QQJYD,Yes,No,Yes,Yes,Yes,No,No,Yes,Yes
6950-TWMYB,Yes,No,Yes,No,Yes,No,Yes,No,No
5356-KZCKT,Yes,Yes,No,No,No,No,No,No,No
3902-MIVLE,Yes,Yes,Yes,Yes,No,Yes,Yes,No,Yes
0409-WTMPL,Yes,Yes,Yes,Yes,Yes,Yes,No,Yes,Yes
3144-KMTWZ,Yes,Yes,Yes,No,Yes,Yes,No,No,Yes
2007-QVGAW,Yes,No,No,No,No,No,No,No,No
5207-PLSTK,Yes,No,Yes,Yes,No,No,No,No,No
2155-AMQRX,Yes,Yes,Yes,No,No,No,Yes,No,No
2474-LCNUE,Yes,Yes,Yes,No,No,No,Yes,Yes,Yes
6650-VJONK,Yes,No,Yes,No,No,No,No,No,No
5442-PPTJY,Yes,No,No,No,No,No,No,No,No
1663-MHLHE,Yes,No,No,No,No,No,No,No,No
8958-JPTRR,Yes,Yes,No,No,No,No,No,No,No
1265-HVPZB,Yes,No,Yes,Yes,Yes,Yes,No,Yes,No
4115-UMJFQ,No,No,Yes,No,Yes,Yes,No,No,No
5296-BFCYD,Yes,No,No,No,No,No,No,No,No
3946-JEWRQ,Yes,Yes,Yes,No,No,No,No,Yes,Yes
7217-JYHOQ,Yes,No,Yes,Yes,Yes,No,Yes,No,Yes
8563-OYMQY,Yes,No,Yes,No,Yes,Yes,No,No,Yes
1022-RKXDR,Yes,Yes,No,No,No,No,No,No,No
2272-UOINI,Yes,No,Yes,Yes,Yes,No,Yes,Yes,Yes
3750-YHRYO,Yes,No,No,No,No,No,No,No,No
0129-QMPDR,Yes,No,No,No,No,No,No,No,No
2792-VPPET,Yes,No,No,No,No,No,No,No,No
7297-DVYGA,Yes,No,No,No,No,No,No,No,No
7243-LCGGZ,Yes,No,No,No,No,No,No,No,No
7442-YGZFK,Yes,Yes,Yes,No,No,No,No,No,No
5882-CMAZQ,No,No,Yes,No,Yes,No,Yes,No,No
3511-APPBJ,Yes,No,Yes,Yes,No,Yes,No,Yes,Yes
2430-RRYUW,Yes,No,Yes,Yes,Yes,No,No,No,No
5110-CHOPY,No,No,Yes,Yes,No,Yes,No,Yes,Yes
7892-QVYKW,Yes,Yes,Yes,No,No,No,No,No,Yes
4703-MQYKT,Yes,No,No,No,No,No,No,No,No
3190-FZATL,Yes,No,No,No,No,No,No,No,No
7710-JSYOA,Yes,Yes,Yes,No,Yes,No,Yes,No,Yes
9885-MFVSU,No,No,Yes,Yes,No,No,Yes,Yes,No
8022-BECSI,Yes,No,No,No,No,No,No,No,No
9993-LHIEB,Yes,No,Yes,Yes,No,Yes,Yes,No,Yes
3977-QCRSL,Yes,No,No,No,No,No,No,No,No
0017-DINOC,No,No,Yes,Yes,No,No,Yes,Yes,No
1492-QGCLU,Yes,Yes,Yes,Yes,No,Yes,Yes,Yes,Yes
5155-AZQPB,Yes,Yes,Yes,No,No,No,No,No,No
5989-PGKJB,Yes,No,Yes,No,Yes,No,No,No,Yes
3778-FOAQW,Yes,No,No,No,No,No,No,No,No
3546-GHEAE,Yes,No,No,No,No,No,No,No,No
4872-JCVCA,No,No,Yes,Yes,Yes,Yes,Yes,No,No
5346-BZCHP,Yes,No,No,No,No,No,No,No,No
5153-RTHKF,Yes,Yes,Yes,No,No,No,No,Yes,No
5986-WWXDV,Yes,No,No,No,No,No,No,No,No
3061-BCKYI,Yes,No,No,No,No,No,No,No,No
7746-QYVCO,Yes,No,Yes,Yes,Yes,No,No,No,No
5934-TSSAU,Yes,No,Yes,No,No,Yes,No,No,No
6784-XYJAE,Yes,Yes,Yes,No,No,Yes,No,No,No
6661-EIPZC,No,No,Yes,No,No,No,Yes,No,No
2911-WDXMV,Yes,Yes,Yes,No,No,Yes,No,No,No
7422-WNBTY,Yes,Yes,Yes,No,Yes,Yes,No,No,Yes
0842-IWYCP,Yes,No,Yes,No,No,No,No,No,No
3744-ZBHON,Yes,No,No,No,No,No,No,No,No
8383-SGHJU,Yes,Yes,Yes,Yes,No,No,Yes,No,No
7707-PYBBH,Yes,No,Yes,Yes,Yes,No,Yes,No,No
0673-IGUQO,Yes,No,No,No,No,No,No,No,No
4123-FCVCB,Yes,Yes,Yes,No,No,No,Yes,Yes,Yes
8974-OVACP,Yes,No,No,No,No,No,No,No,No
1391-UBDAR,Yes,No,Yes,No,No,Yes,No,No,No
1345-GKDZZ,Yes,No,No,No,No,No,No,No,No
5628-FCGYG,Yes,Yes,Yes,No,No,No,No,No,Yes
7978-DKUQH,Yes,No,Yes,No,No,Yes,No,No,No
4335-UPJSI,Yes,No,No,No,No,No,No,No,No
6635-CPNUN,Yes,Yes,Yes,No,Yes,Yes,No,Yes,No
6418-PIQSP,Yes,No,Yes,Yes,No,Yes,Yes,Yes,Yes
8220-OCUFY,Yes,No,Yes,Yes,No,Yes,Yes,No,No
3995-WFCSM,Yes,No,Yes,No,No,Yes,No,No,Yes
5970-GHJAW,Yes,No,No,No,No,No,No,No,No
6922-NCEDI,Yes,No,No,No,No,No,No,No,No
6131-IUNXN,Yes,No,No,No,No,No,No,No,No
5802-ADBRC,Yes,Yes,Yes,Yes,No,Yes,No,Yes,Yes
8076-FEZKJ,Yes,No,No,No,No,No,No,No,No
9917-KWRBE,Yes,Yes,Yes,Yes,Yes,Yes,No,Yes,No
8069-RHUXK,No,No,Yes,Yes,No,No,Yes,No,No
2908-WGAXL,Yes,Yes,No,No,No,No,No,No,No
9554-DFKIC,Yes,Yes,Yes,Yes,No,No,No,No,No
1813-JLKWR,Yes,No,No,No,No,No,No,No,No
9537-VHDTA,Yes,No,Yes,Yes,No,No,No,No,No
4957-TIALW,Yes,No,Yes,Yes,Yes,Yes,Yes,No,No
0219-QAERP,Yes,No,No,No,No,No,No,No,No
2135-DQWAQ,Yes,No,Yes,No,Yes,No,No,Yes,No
9339-FIIJL,Yes,Yes,Yes,No,Yes,Yes,Yes,Yes,Yes
7579-KKLOE,Yes,Yes,Yes,Yes,Yes,Yes,Yes,Yes,Yes
2577-GVSIL,Yes,Yes,Yes,No,No,No,Yes,Yes,Yes
6463-HHXJR,Yes,Yes,Yes,Yes,Yes,Yes,No,Yes,No
1104-FEJAM,Yes,Yes,Yes,No,Yes,No,No,No,Yes
4981-FLTMF,Yes,Yes,Yes,Yes,Yes,No,Yes,No,No
3113-IWHLC,Yes,No,Yes,Yes,No,Yes,No,No,No
0020-INWCK,Yes,Yes,Yes,No,Yes,Yes,No,No,Yes
2789-HQBOU,Yes,No,Yes,No,No,No,No,No,Yes
3450-WXOAT,Yes,No,Yes,No,No,No,No,No,No
2616-UUTFK,Yes,Yes,Yes,Yes,Yes,Yes,No,Yes,No
4559-UWIHT,Yes,Yes,Yes,No,Yes,Yes,No,No,No
9570-KYEUA,Yes,Yes,Yes,Yes,No,Yes,Yes,No,Yes
0730-BGQGF,Yes,Yes,Yes,Yes,Yes,Yes,Yes,Yes,Yes
9314-QDMDW,Yes,No,Yes,No,Yes,No,No,Yes,No
6114-TCFID,No,No,Yes,Yes,Yes,No,Yes,No,No
6734-GMPVK,Yes,Yes,Yes,No,Yes,Yes,No,Yes,Yes
1226-JZNKR,Yes,No,No,No,No,No,No,No,No
5197-PYEPU,Yes,Yes,Yes,Yes,Yes,No,No,Yes,No
3694-DELSO,No,No,Yes,Yes,No,No,No,Yes,No
0142-GVYSN,Yes,No,No,No,No,No,No,No,No
1049-FYSYG,No,No,Yes,No,Yes,Yes,No,No,No
8314-DPQHL,No,No,Yes,Yes,No,Yes,Yes,No,Yes
8884-MRNSU,Yes,No,No,No,No,No,No,No,No
2171-UDMFD,Yes,No,No,No,No,No,No,No,No
1475-VWVDO,Yes,No,Yes,No,No,Yes,No,No,No
1357-MVDOZ,Yes,No,Yes,No,No,Yes,No,Yes,No
5968-HYJRZ,Yes,Yes,No,No,No,No,No,No,No
2585-KTFRE,Yes,No,Yes,Yes,Yes,No,Yes,No,Yes
7994-UYIVZ,Yes,Yes,Yes,No,No,No,No,No,Yes
7717-BICXI,Yes,No,No,No,No,No,No,No,No
3200-MNQTF,Yes,Yes,Yes,Yes,Yes,Yes,Yes,No,No
0320-DWVTU,Yes,No,Yes,Yes,Yes,Yes,Yes,No,Yes
7878-JGDKK,Yes,No,Yes,No,No,No,No,No,No
1552-TKMXS,Yes,No,No,No,No,No,No,No,No
5702-SKUOB,Yes,No,No,No,No,No,No,No,No
6061-GWWAV,Yes,No,Yes,Yes,Yes,Yes,No,Yes,No
0679-TDGAK,Yes,No,Yes,Yes,No,No,Yes,Yes,Yes
9067-SQTNS,Yes,No,No,No,No,No,No,No,No
1776-SPBWV,Yes,No,No,No,No,No,No,No,No
5829-NVSQN,Yes,No,Yes,Yes,No,Yes,Yes,No,Yes
8869-LIHMK,Yes,Yes,Yes,Yes,Yes,Yes,Yes,Yes,Yes
5788-YPOEG,Yes,No,Yes,Yes,Yes,Yes,Yes,Yes,Yes
0784-ZQJZX,Yes,No,No,No,No,No,No,No,No
3133-PZNSR,Yes,Yes,Yes,Yes,Yes,No,Yes,No,Yes
0739-UUAJR,No,No,Yes,Yes,No,Yes,No,Yes,Yes
0654-PQKDW,Yes,No,Yes,Yes,No,Yes,Yes,Yes,No
7963-SHNDT,No,No,Yes,Yes,Yes,No,Yes,No,No
8129-GMVGI,Yes,No,No,No,No,No,No,No,No
3547-LQRIK,Yes,Yes,No,No,No,No,No,No,No
5380-XPJNZ,Yes,No,No,No,No,No,No,No,No
8263-QMNTJ,Yes,Yes,Yes,Yes,Yes,Yes,Yes,Yes,Yes
3227-WLKLI,Yes,Yes,Yes,Yes,Yes,Yes,Yes,Yes,Yes
3969-JQABI,Yes,No,Yes,Yes,Yes,No,No,Yes,No
3750-RNQKR,Yes,No,No,No,No,No,No,No,No
1265-BCFEO,Yes,Yes,Yes,No,No,Yes,Yes,Yes,Yes
2262-SLNVK,Yes,No,Yes,No,No,No,No,No,No
7730-CLDSV,Yes,Yes,Yes,No,Yes,Yes,Yes,No,Yes
1135-HIORI,Yes,Yes,Yes,No,Yes,Yes,Yes,Yes,Yes
0820-FNRNX,Yes,Yes,Yes,No,Yes,Yes,Yes,No,No
0880-FVFWF,Yes,Yes,Yes,Yes,Yes,No,No,No,No
9953-ZMKSM,Yes,Yes,No,No,No,No,No,No,No
4986-MXSFP,Yes,No,No,No,No,No,No,No,No
3027-YNWZU,Yes,Yes,No,No,No,No,No,No,No
3301-LSLWQ,Yes,Yes,Yes,Yes,No,No,No,No,Yes
3166-PNEOF,Yes,Yes,Yes,Yes,No,Yes,Yes,Yes,Yes
5140-FOMCQ,Yes,Yes,Yes,Yes,Yes,Yes,No,Yes,Yes
4878-BUNFV,Yes,No,No,No,No,No,No,No,No
9674-EHPPG,No,No,Yes,Yes,No,Yes,Yes,No,No
5472-CVMDX,No,No,Yes,Yes,No,Yes,Yes,No,No
4231-LZUYM,Yes,Yes,No,No,No,No,No,No,No
1169-SAOCL,Yes,Yes,Yes,No,Yes,No,Yes,Yes,Yes
3948-KXDUF,Yes,Yes,Yes,Yes,Yes,Yes,Yes,No,No
2323-ARSVR,Yes,No,Yes,Yes,Yes,Yes,Yes,Yes,Yes
0815-MFZGM,Yes,No,Yes,No,No,Yes,Yes,Yes,Yes
9086-YJYXS,Yes,Yes,Yes,No,No,Yes,No,Yes,Yes
6351-SCJKT,No,No,Yes,Yes,No,Yes,Yes,No,No
1194-SPVSP,Yes,No,No,No,No,No,No,No,No
8929-KSWIH,Yes,No,Yes,No,No,Yes,Yes,Yes,Yes
1810-MVMAI,Yes,Yes,Yes,Yes,Yes,Yes,Yes,No,No
1429-UYJSV,Yes,No,No,No,No,No,No,No,No
6366-XIVKZ,Yes,No,Yes,Yes,No,Yes,No,No,Yes
3470-OBUET,Yes,Yes,Yes,Yes,Yes,No,Yes,Yes,No
2770-NSVDG,No,No,Yes,No,No,Yes,No,No,No
4860-YZGZM,Yes,No,No,No,No,No,No,No,No
7037-MTYVW,Yes,Yes,Yes,Yes,No,Yes,Yes,Yes,Yes
3904-UKFRE,Yes,Yes,Yes,Yes,No,No,No,No,No
0519-DRGTI,Yes,No,No,No,No,No,No,No,No
5804-JMYIO,Yes,No,No,No,No,No,No,No,No
6484-LATFU,Yes,Yes,No,No,No,No,No,No,No
0536-ACXIP,Yes,Yes,Yes,Yes,Yes,Yes,No,Yes,Yes
3638-DIMPH,Yes,No,Yes,No,No,No,No,No,No
9743-DQKQW,No,No,Yes,No,No,No,No,No,No
1215-VFYVK,No,No,Yes,Yes,No,Yes,Yes,No,Yes
9371-BITHB,Yes,No,No,No,No,No,No,No,No
1897-OKVMW,Yes,Yes,Yes,Yes,Yes,Yes,Yes,Yes,Yes
7771-CFQRQ,Yes,No,Yes,No,Yes,No,Yes,No,Yes
3617-XLSGQ,Yes,Yes,Yes,Yes,Yes,Yes,No,Yes,Yes
8148-NLEGT,Yes,Yes,No,No,No,No,No,No,No
4003-OCTMP,Yes,No,Yes,Yes,No,No,Yes,No,Yes
6652-YFFJO,Yes,No,Yes,No,No,No,No,Yes,Yes
2668-TZSPS,Yes,No,No,No,No,No,No,No,No
6505-OZNPG,No,No,Yes,Yes,Yes,Yes,Yes,Yes,Yes
9619-GSATL,Yes,No,Yes,No,Yes,No,Yes,No,No
0484-FFVBJ,Yes,No,Yes,No,No,No,No,Yes,Yes
1930-QPBVZ,Yes,No,Yes,Yes,Yes,No,Yes,No,Yes
5312-IRCFR,Yes,Yes,Yes,No,Yes,Yes,No,No,Yes
3345-JHUEO,Yes,No,No,No,No,No,No,No,No
6898-MDLZW,Yes,No,Yes,No,Yes,No,Yes,No,No
6765-MBQNU,Yes,Yes,No,No,No,No,No,No,No
9786-IJYDL,Yes,Yes,Yes,Yes,Yes,Yes,Yes,Yes,Yes
1303-SRDOK,Yes,No,Yes,No,No,No,No,No,No
3769-MHZNV,Yes,No,No,No,No,No,No,No,No
4177-JPDFU,No,No,Yes,No,Yes,No,Yes,No,No
4770-UEZOX,Yes,No,Yes,No,Yes,No,No,No,No
8896-BQTTI,Yes,Yes,No,No,No,No,No,No,No
3352-RICWQ,Yes,No,No,No,No,No,No,No,No
1728-BQDMA,Yes,No,Yes,No,No,No,No,No,No
7351-MHQVU,No,No,Yes,Yes,Yes,No,Yes,No,Yes
9224-VTYID,Yes,Yes,Yes,Yes,Yes,Yes,Yes,Yes,Yes
9500-IWPXQ,Yes,Yes,Yes,Yes,Yes,Yes,Yes,No,Yes
5762-TJXGK,No,No,Yes,Yes,Yes,Yes,No,Yes,Yes
3853-LYGAM,Yes,Yes,Yes,No,No,Yes,Yes,No,Yes
5751-USDBL,Yes,No,Yes,Yes,No,Yes,Yes,Yes,Yes
3911-RSNHI,No,No,Yes,No,Yes,Yes,Yes,Yes,Yes
1867-TJHTS,Yes,Yes,Yes,Yes,No,No,No,No,No
8809-XKHMD,Yes,Yes,Yes,Yes,Yes,No,Yes,No,Yes
2122-SZZZD,Yes,No,No,No,No,No,No,No,No
3889-VWBID,Yes,No,Yes,Yes,Yes,No,Yes,Yes,Yes
0496-AHOOK,Yes,No,Yes,Yes,No,No,Yes,Yes,Yes
9909-DFRJA,Yes,No,Yes,Yes,No,Yes,Yes,No,Yes
4962-CHQPW,Yes,No,No,No,No,No,No,No,No
1834-WULEG,Yes,No,No,No,No,No,No,No,No
9097-ZUBYC,Yes,No,Yes,No,No,No,Yes,No,No
1814-WFGVS,No,No,Yes,Yes,No,Yes,Yes,Yes,No
6568-POCUI,Yes,No,Yes,No,No,No,Yes,Yes,Yes
5197-LQXXH,Yes,Yes,Yes,No,Yes,Yes,Yes,Yes,Yes
7682-AZNDK,Yes,No,Yes,No,Yes,Yes,No,Yes,No
3745-HRPHI,No,No,Yes,No,No,Yes,Yes,Yes,Yes
4393-OBCRR,Yes,No,No,No,No,No,No,No,No
4717-GHADL,Yes,Yes,Yes,No,Yes,No,Yes,Yes,Yes
6972-SNKKW,Yes,No,No,No,No,No,No,No,No
3481-JHUZH,Yes,Yes,Yes,No,Yes,No,No,No,No
5960-MVTUK,No,No,Yes,No,No,No,Yes,No,No
6817-WTYHE,Yes,No,Yes,No,No,No,No,No,No
0750-EKNGL,Yes,No,No,No,No,No,No,No,No
8173-RXAYP,Yes,No,No,No,No,No,No,No,No
6734-JDTTV,Yes,No,No,No,No,No,No,No,No
1536-YHDOE,Yes,Yes,Yes,Yes,No,No,Yes,No,No
6818-DJXAA,Yes,No,Yes,No,No,Yes,Yes,Yes,No
1245-HARPS,Yes,No,No,No,No,No,No,No,No
6322-PJJDJ,Yes,No,Yes,No,Yes,No,No,Yes,Yes
1085-LDWAM,Yes,No,No,No,No,No,No,No,No
7586-ZATGZ,Yes,Yes,Yes,No,No,No,No,Yes,No
9143-CANJF,Yes,No,Yes,Yes,No,No,Yes,No,No
7284-BUYEC,No,No,Yes,No,Yes,No,No,Yes,Yes
2229-VWQJH,Yes,No,Yes,No,No,Yes,No,No,No
9643-AVVWI,Yes,No,Yes,No,Yes,No,Yes,No,No
9122-UMROB,Yes,No,No,No,No,No,No,No,No
2402-TAIRZ,Yes,No,Yes,No,Yes,Yes,No,No,No
9139-TWBAS,No,No,Yes,Yes,Yes,Yes,No,Yes,No
7644-OMVMY,Yes,No,No,No,No,No,No,No,No
4573-JKNAE,Yes,No,No,No,No,No,No,No,No
9817-APLHW,Yes,Yes,No,No,No,No,No,No,No
8380-MQINP,Yes,No,No,No,No,No,No,No,No
0840-DFEZH,Yes,Yes,Yes,No,No,No,No,No,No
8690-ZVLCL,Yes,Yes,Yes,Yes,Yes,Yes,Yes,Yes,Yes
4616-EWBNJ,Yes,No,No,No,No,No,No,No,No
8871-JLMHM,Yes,Yes,Yes,No,Yes,Yes,Yes,No,No
3474-BAFSJ,No,No,Yes,No,Yes,Yes,Yes,Yes,Yes
3865-ZFZIB,Yes,No,No,No,No,No,No,No,No
1370-GGAWX,Yes,Yes,Yes,No,Yes,Yes,No,No,Yes
5307-UVGNB,No,No,Yes,Yes,Yes,Yes,No,No,Yes
0396-HUJBP,Yes,No,No,No,No,No,No,No,No
0621-TSSMU,Yes,No,No,No,No,No,No,No,No
7636-PEPNS,Yes,No,Yes,No,No,No,No,No,No
9052-DHNKM,Yes,Yes,Yes,Yes,Yes,No,No,No,No
4854-SSLTN,Yes,No,Yes,Yes,Yes,No,Yes,No,No
0369-ZGOVK,Yes,No,Yes,No,No,No,No,No,No
7872-BAAZR,Yes,No,No,No,No,No,No,No,No
9391-LMANN,Yes,No,Yes,Yes,Yes,Yes,No,No,Yes
1698-XFZCI,Yes,Yes,Yes,Yes,Yes,Yes,No,Yes,Yes
3508-VLHCZ,Yes,Yes,Yes,Yes,Yes,Yes,Yes,Yes,Yes
2831-EBWRN,Yes,No,Yes,No,No,No,No,No,No
6060-QBMGV,Yes,No,No,No,No,No,No,No,No
0975-UYDTX,Yes,Yes,Yes,Yes,Yes,Yes,Yes,Yes,Yes
4682-BLBUC,Yes,No,Yes,No,Yes,Yes,Yes,Yes,No
2916-BQZLN,Yes,Yes,Yes,Yes,No,Yes,No,No,No
0378-CJKPV,Yes,Yes,Yes,Yes,Yes,Yes,Yes,Yes,Yes
4311-QTTAI,Yes,No,No,No,No,No,No,No,No
4318-RAJVY,Yes,No,No,No,No,No,No,No,No
2254-DLXRI,Yes,Yes,Yes,No,Yes,No,No,No,No
5062-CJJKH,Yes,No,Yes,No,Yes,Yes,No,No,No
6212-ATMLK,Yes,Yes,Yes,No,No,No,No,Yes,Yes
6999-CHVCF,Yes,Yes,Yes,Yes,Yes,Yes,No,No,Yes
6506-EYCNH,Yes,No,No,No,No,No,No,No,No
4795-WRNVT,Yes,No,Yes,Yes,Yes,No,No,Yes,No
7860-UXCRM,Yes,No,Yes,Yes,Yes,Yes,Yes,Yes,No
9552-TGUZV,Yes,No,Yes,Yes,No,No,No,No,No
7925-PNRGI,Yes,Yes,Yes,Yes,Yes,Yes,Yes,Yes,No
8039-EQPIM,No,No,Yes,Yes,No,Yes,Yes,Yes,Yes
3209-ZPKFI,Yes,Yes,Yes,No,Yes,No,No,No,No
1591-XWLGB,Yes,No,No,No,No,No,No,No,No
5296-PSYVW,Yes,Yes,No,No,No,No,No,No,No
6319-QSUSR,Yes,No,No,No,No,No,No,No,No
9451-WLYRI,Yes,No,No,No,No,No,No,No,No
8219-VYBVI,Yes,Yes,No,No,No,No,No,No,No
6878-GGDWG,Yes,No,No,No,No,No,No,No,No
0795-GMVQO,Yes,Yes,Yes,Yes,Yes,Yes,No,Yes,Yes
2259-OUUSZ,No,No,Yes,No,No,Yes,Yes,No,No
1353-GHZOS,Yes,No,Yes,Yes,No,No,No,Yes,No
2842-BCQGE,Yes,Yes,Yes,No,No,No,No,No,No
7244-QWYHG,No,No,Yes,Yes,No,No,Yes,Yes,No
7032-LMBHI,Yes,Yes,Yes,Yes,No,No,No,Yes,No
7346-MEDWM,Yes,Yes,Yes,No,Yes,Yes,No,No,No
4227-OJHAL,Yes,Yes,Yes,Yes,Yes,Yes,No,Yes,No
4993-JCRGJ,Yes,Yes,Yes,No,No,Yes,Yes,No,No
3724-BSCVH,Yes,No,No,No,No,No,No,No,No
9209-NWPGU,Yes,No,Yes,Yes,No,No,Yes,Yes,No
7010-ZMVBF,Yes,No,No,No,No,No,No,No,No
8885-QSQBX,Yes,No,Yes,Yes,No,No,No,No,No
9351-HXDMR,Yes,Yes,Yes,Yes,No,Yes,Yes,Yes,Yes
3537-HPKQT,Yes,Yes,Yes,No,Yes,No,No,No,No
5821-MMEIL,Yes,No,No,No,No,No,No,No,No
6968-URWQU,Yes,No,Yes,No,No,No,No,Yes,No
1335-MXCSE,Yes,No,Yes,No,No,Yes,Yes,No,No
3453-RTHJQ,Yes,No,Yes,No,No,No,No,No,No
7868-BGSZA,Yes,Yes,Yes,Yes,No,Yes,No,Yes,Yes
7973-DZRKH,Yes,Yes,Yes,Yes,No,Yes,Yes,No,No
9773-PEQBZ,Yes,Yes,Yes,No,Yes,No,No,No,No
7785-RDVIG,Yes,No,No,No,No,No,No,No,No
8573-JGCZW,Yes,No,No,No,No,No,No,No,No
6701-YVNQG,Yes,Yes,Yes,Yes,Yes,Yes,Yes,Yes,Yes
3620-EHIMZ,Yes,No,No,No,No,No,No,No,No
9169-BSVIN,Yes,Yes,Yes,No,No,Yes,No,Yes,Yes
6872-HXFNF,Yes,Yes,Yes,No,No,Yes,Yes,No,No
8805-JNRAZ,Yes,No,Yes,No,Yes,No,No,No,No
2223-GDSHL,Yes,Yes,Yes,Yes,Yes,Yes,Yes,Yes,Yes
9470-RTWDV,Yes,Yes,Yes,No,No,Yes,Yes,Yes,Yes
8104-OSKWT,Yes,Yes,Yes,Yes,No,No,No,No,No
2592-HODOV,Yes,No,No,No,No,No,No,No,No
7995-ZHHNZ,Yes,Yes,Yes,Yes,No,No,No,No,No
1093-YSWCA,Yes,No,No,No,No,No,No,No,No
6339-TBELP,Yes,Yes,Yes,No,No,Yes,Yes,No,No
4647-MUZON,Yes,No,Yes,No,No,Yes,No,Yes,Yes
8285-ABVLB,Yes,No,No,No,No,No,No,No,No
6629-LADHQ,Yes,No,Yes,Yes,No,No,No,No,No
4797-MIWUM,Yes,No,No,No,No,No,No,No,No
9861-PDSZP,Yes,Yes,Yes,No,Yes,Yes,Yes,Yes,Yes
6704-UTUKK,No,No,Yes,No,No,No,No,Yes,Yes
7421-ZLUPA,No,No,Yes,No,Yes,No,No,No,No
4778-IZARL,Yes,No,Yes,Yes,Yes,Yes,Yes,Yes,Yes
0432-CAJZV,Yes,No,Yes,No,No,No,No,Yes,Yes
7634-WSWDB,No,No,Yes,Yes,No,No,No,No,Yes
0743-HRVFF,No,No,Yes,No,No,Yes,Yes,Yes,Yes
7754-IXRMC,Yes,No,Yes,No,No,No,No,No,No
9473-CBZOP,Yes,Yes,Yes,Yes,No,Yes,No,No,No
0266-GMEAO,Yes,Yes,Yes,Yes,Yes,Yes,Yes,Yes,Yes
5574-NXZIU,Yes,No,Yes,Yes,Yes,Yes,Yes,Yes,Yes
5862-BRIXZ,No,No,Yes,Yes,No,Yes,Yes,Yes,Yes
5404-GGUKR,Yes,No,Yes,No,Yes,No,No,No,No
2434-EEVDB,Yes,Yes,Yes,Yes,No,Yes,No,Yes,No
0757-WCUUZ,Yes,Yes,Yes,No,No,Yes,No,No,Yes
9140-CZQZZ,Yes,No,Yes,Yes,Yes,No,Yes,Yes,Yes
5606-AMZBO,Yes,Yes,Yes,Yes,No,No,No,No,No
1453-RZFON,Yes,No,Yes,Yes,No,No,No,No,No
8263-OKETD,Yes,Yes,Yes,No,Yes,No,Yes,No,Yes
2476-YGEFM,Yes,Yes,Yes,No,No,No,No,No,No
5214-NLTIT,Yes,Yes,Yes,No,No,Yes,No,No,Yes
3345-PBBFH,Yes,No,Yes,No,Yes,No,No,No,No
6627-CFOSN,Yes,Yes,Yes,Yes,Yes,Yes,No,No,Yes
3982-JGSFD,Yes,No,No,No,No,No,No,No,No
1574-DYCWE,Yes,No,No,No,No,No,No,No,No
2466-FCCPT,Yes,No,No,No,No,No,No,No,No
9138-EFSMO,Yes,No,Yes,No,No,No,No,No,Yes
8626-XHBIE,Yes,Yes,No,No,No,No,No,No,No
2208-UGTGR,Yes,Yes,Yes,No,Yes,No,No,Yes,Yes
8670-MEFCP,Yes,Yes,Yes,Yes,Yes,Yes,Yes,Yes,Yes
9142-XMYJH,Yes,No,No,No,No,No,No,No,No
2465-BLLEU,Yes,No,No,No,No,No,No,No,No
5049-MUBWG,Yes,No,Yes,Yes,No,No,Yes,Yes,Yes
0769-MURVM,No,No,Yes,Yes,Yes,Yes,Yes,Yes,Yes
7030-FZTFM,Yes,Yes,Yes,No,Yes,Yes,Yes,Yes,Yes
5120-ZBLAI,Yes,Yes,Yes,No,No,Yes,No,Yes,Yes
1194-BHJYC,No,No,Yes,Yes,No,Yes,Yes,Yes,Yes
6248-BSHKG,Yes,No,No,No,No,No,No,No,No
3470-BTGQO,Yes,No,Yes,No,No,No,No,No,No
1209-VFFOC,No,No,Yes,Yes,Yes,Yes,Yes,No,Yes
4553-DVPZG,Yes,Yes,Yes,No,No,Yes,No,Yes,Yes
2027-WKXMW,Yes,Yes,Yes,No,Yes,Yes,Yes,Yes,Yes
2961-VNFKL,Yes,Yes,No,No,No,No,No,No,No
3146-JTQHR,Yes,No,No,No,No,No,No,No,No
6427-FEFIG,Yes,Yes,Yes,Yes,No,Yes,No,Yes,Yes
0017-IUDMW,Yes,Yes,Yes,Yes,Yes,Yes,Yes,Yes,Yes
4385-ZKVNW,Yes,No,Yes,No,Yes,No,Yes,No,No
9027-YFHQJ,Yes,Yes,No,No,No,No,No,No,No
7602-DBTOU,Yes,No,No,No,No,No,No,No,No
9625-RZFUK,Yes,No,No,No,No,No,No,No,No
1020-JPQOW,Yes,Yes,Yes,No,Yes,Yes,Yes,No,No
8207-VVMYB,Yes,Yes,No,No,No,No,No,No,No
9732-EQMWY,Yes,No,Yes,No,Yes,Yes,No,Yes,Yes
5269-NRGDP,Yes,No,Yes,No,No,Yes,Yes,Yes,Yes
2121-JAFOM,Yes,Yes,Yes,Yes,Yes,Yes,Yes,Yes,Yes
2819-GWENI,Yes,No,No,No,No,No,No,No,No
8582-KRHPJ,No,No,Yes,Yes,Yes,No,No,No,No
2228-BZDEE,Yes,No,No,No,No,No,No,No,No
2789-CZANW,Yes,Yes,Yes,Yes,Yes,No,Yes,Yes,Yes
7596-LDUXP,Yes,No,Yes,Yes,No,No,No,Yes,No
2192-OZITF,Yes,Yes,Yes,Yes,No,No,Yes,No,Yes
3284-SVCRO,Yes,Yes,No,No,No,No,No,No,No
2931-SVLTV,Yes,Yes,Yes,Yes,Yes,No,Yes,Yes,Yes
7504-UWHNB,Yes,No,Yes,No,No,No,No,No,No
2582-FFFZR,No,No,Yes,No,No,Yes,No,Yes,Yes
1431-AIDJQ,Yes,No,Yes,No,Yes,Yes,Yes,Yes,Yes
0958-YHXGP,Yes,No,Yes,No,No,No,No,No,No
4194-FJARJ,Yes,Yes,Yes,Yes,No,No,Yes,No,No
5325-UWTWJ,Yes,Yes,Yes,Yes,Yes,No,Yes,No,No
2200-DSAAL,Yes,Yes,Yes,No,Yes,Yes,No,Yes,Yes
4302-ZYFEL,Yes,No,No,No,No,No,No,No,No
4366-CTOUZ,Yes,No,Yes,No,Yes,No,Yes,Yes,Yes
6671-NGWON,Yes,No,No,No,No,No,No,No,No
0096-BXERS,Yes,Yes,Yes,No,No,No,No,No,No
3806-YAZOV,Yes,No,No,No,No,No,No,No,No
6253-WRFHY,Yes,No,Yes,No,No,No,No,Yes,Yes
9133-AYJZG,Yes,Yes,Yes,No,Yes,No,No,Yes,Yes
8680-CGLTP,Yes,No,Yes,Yes,Yes,No,Yes,No,No
8430-TWCBX,Yes,No,No,No,No,No,No,No,No
4737-HOBAX,Yes,Yes,Yes,No,No,Yes,Yes,Yes,Yes
3372-CDXFJ,Yes,Yes,No,No,No,No,No,No,No
2718-YSKCS,Yes,No,No,No,No,No,No,No,No
9896-UYMIE,Yes,Yes,Yes,Yes,Yes,Yes,Yes,Yes,Yes
6980-CDGFC,Yes,No,No,No,No,No,No,No,No
7691-XVTZH,Yes,Yes,Yes,No,No,Yes,No,Yes,No
1930-BZLHI,Yes,No,No,No,No,No,No,No,No
3525-DVKFN,Yes,No,No,No,No,No,No,No,No
0228-MAUWC,Yes,Yes,Yes,No,No,Yes,Yes,No,No
4915-BFSXL,Yes,Yes,Yes,Yes,No,Yes,No,Yes,No
3714-XPXBW,Yes,Yes,Yes,Yes,Yes,Yes,Yes,Yes,No
0848-ZGQIJ,Yes,No,Yes,No,Yes,No,No,Yes,Yes
3621-CHYVB,No,No,Yes,Yes,No,Yes,Yes,No,Yes
5372-FBKBN,Yes,No,No,No,No,No,No,No,No
0420-TXVSG,Yes,Yes,Yes,Yes,Yes,Yes,No,No,No
6217-TOWGS,Yes,Yes,Yes,No,Yes,No,No,Yes,Yes
1045-LTCYT,Yes,No,No,No,No,No,No,No,No
8652-YHIYU,Yes,Yes,Yes,No,No,No,Yes,No,No
9950-MTGYX,Yes,No,No,No,No,No,No,No,No
0667-NSRGI,Yes,Yes,Yes,No,No,Yes,Yes,No,Yes
8242-JSVBO,Yes,No,Yes,No,No,No,No,No,No
8259-DZLIZ,Yes,Yes,Yes,No,Yes,No,No,No,No
0225-ZORZP,Yes,No,Yes,No,Yes,No,No,No,Yes
5006-MXVRN,Yes,No,No,No,No,No,No,No,No
6917-FIJHC,Yes,Yes,No,No,No,No,No,No,No
7797-EJMDP,Yes,No,Yes,Yes,No,No,Yes,No,Yes
8671-KKKOS,No,No,Yes,Yes,Yes,No,No,Yes,No
7305-ZWMAJ,Yes,No,No,No,No,No,No,No,No
6578-KRMAW,Yes,No,Yes,Yes,Yes,Yes,No,No,Yes
5360-LJCNJ,Yes,Yes,Yes,No,Yes,Yes,No,Yes,Yes
7216-KAOID,Yes,No,No,No,No,No,No,No,No
6145-NNPNO,Yes,No,Yes,No,No,No,No,No,No
5827-MWCZK,Yes,Yes,Yes,No,Yes,No,Yes,Yes,No
5914-XRFQB,Yes,Yes,Yes,Yes,Yes,Yes,Yes,Yes,Yes
5944-UGLLK,No,No,Yes,No,No,Yes,Yes,Yes,Yes
2697-NQBPF,Yes,Yes,Yes,No,Yes,No,Yes,Yes,Yes
3181-MIZBN,Yes,No,No,No,No,No,No,No,No
0825-CPPQH,Yes,No,No,No,No,No,No,No,No
9084-OAYKL,Yes,No,No,No,No,No,No,No,No
1494-EJZDW,Yes,No,No,No,No,No,No,No,No
1834-ABKHQ,Yes,No,Yes,No,No,Yes,No,No,No
1741-WTPON,Yes,Yes,Yes,Yes,Yes,Yes,Yes,Yes,Yes
0813-TAXXS,Yes,Yes,Yes,No,No,Yes,No,Yes,Yes
9499-XPZXM,Yes,Yes,Yes,Yes,Yes,No,Yes,No,No
4338-EYCER,Yes,No,Yes,No,No,No,No,Yes,No
3007-FDPEA,Yes,No,No,No,No,No,No,No,No
8513-OLYGY,Yes,Yes,Yes,Yes,Yes,Yes,Yes,Yes,Yes
8705-DWKTI,Yes,No,Yes,No,No,Yes,No,No,Yes
6112-KTHFQ,Yes,No,No,No,No,No,No,No,No
9068-FHQHD,Yes,No,No,No,No,No,No,No,No
1269-FOYWN,Yes,No,No,No,No,No,No,No,No
5985-TBABQ,Yes,Yes,Yes,Yes,No,No,No,Yes,Yes
9800-ONTFE,Yes,Yes,Yes,No,No,No,No,No,No
6743-HHQPF,No,No,Yes,No,No,No,No,No,No
8455-HIRAQ,Yes,No,Yes,No,No,No,No,No,No
0980-FEXWF,Yes,No,Yes,No,No,Yes,No,No,No
8218-FFJDS,Yes,Yes,Yes,Yes,Yes,No,Yes,Yes,Yes
2832-SCUCO,Yes,No,No,No,No,No,No,No,No
1928-BXYIV,Yes,Yes,Yes,Yes,Yes,No,No,No,No
5181-OABFK,Yes,No,Yes,Yes,Yes,Yes,No,No,No
7550-WIQVA,Yes,Yes,Yes,Yes,Yes,Yes,No,Yes,Yes
7508-DQAKK,Yes,Yes,Yes,Yes,Yes,Yes,Yes,Yes,Yes
5073-RZGBK,Yes,Yes,Yes,Yes,Yes,Yes,Yes,No,Yes
2192-CKRLV,No,No,Yes,Yes,Yes,Yes,No,No,Yes
3154-HMWUU,Yes,No,No,No,No,No,No,No,No
1319-YLZJG,Yes,No,Yes,Yes,Yes,Yes,No,No,No
8544-JNBOX,Yes,No,No,No,No,No,No,No,No
3646-ITDGM,Yes,No,No,No,No,No,No,No,No
8727-XDPUD,No,No,Yes,No,No,No,No,Yes,No
0018-NYROU,Yes,No,Yes,No,No,No,No,No,No
7501-VTYLJ,Yes,No,Yes,No,Yes,No,No,No,No
5895-QSXOD,Yes,No,Yes,No,No,No,No,No,No
9814-AOUDH,Yes,No,No,No,No,No,No,No,No
6175-IRFIT,Yes,No,Yes,No,No,No,No,No,Yes
1622-HSHSF,Yes,No,No,No,No,No,No,No,No
6749-UTDVX,Yes,Yes,Yes,No,Yes,Yes,No,Yes,Yes
5542-DHSXL,Yes,No,Yes,Yes,Yes,No,No,No,No
4182-BGSIQ,Yes,No,No,No,No,No,No,No,No
3717-LNXKW,Yes,Yes,Yes,Yes,No,No,No,Yes,No
6729-FZWSY,Yes,No,No,No,No,No,No,No,No
7814-LEEVE,Yes,No,No,No,No,No,No,No,No
8631-WUXGY,Yes,No,Yes,No,Yes,Yes,No,Yes,Yes
0921-OHLVP,Yes,Yes,Yes,No,No,No,No,No,Yes
2360-RDGRO,Yes,Yes,Yes,Yes,No,Yes,No,Yes,Yes
0584-BJQGZ,Yes,Yes,Yes,Yes,Yes,Yes,Yes,Yes,No
9058-MJLZC,Yes,No,Yes,Yes,No,No,No,Yes,Yes
1337-BOZWO,No,No,Yes,No,Yes,Yes,No,Yes,No
6344-SFJVH,No,No,Yes,No,No,No,No,No,No
7321-ZNSLA,No,No,Yes,Yes,Yes,No,Yes,No,No
8727-JQFHV,Yes,No,No,No,No,No,No,No,No
1384-RCUXW,Yes,Yes,Yes,No,Yes,No,No,No,No
4973-RLZVI,Yes,No,Yes,Yes,Yes,Yes,Yes,Yes,No
4393-RYCRE,Yes,No,Yes,Yes,Yes,Yes,No,Yes,Yes
8639-NHQEI,Yes,Yes,Yes,Yes,Yes,No,No,Yes,No
3720-DBRWL,Yes,No,Yes,Yes,Yes,Yes,Yes,Yes,Yes
3420-YJLQT,Yes,Yes,Yes,No,Yes,No,No,No,No
6582-PLFUU,Yes,No,No,No,No,No,No,No,No
0264-CNITK,Yes,No,No,No,No,No,No,No,No
0089-IIQKO,Yes,Yes,Yes,No,No,No,Yes,Yes,Yes
5966-EMAZU,Yes,Yes,Yes,Yes,No,Yes,Yes,Yes,Yes
8180-AKMJV,Yes,No,Yes,No,No,No,No,No,No
9842-EFSYY,No,No,Yes,Yes,Yes,Yes,No,Yes,Yes
2272-WUSPA,Yes,Yes,Yes,Yes,Yes,Yes,No,Yes,Yes
1223-UNPKS,Yes,No,No,No,No,No,No,No,No
3446-QDSZF,Yes,No,Yes,No,No,No,No,Yes,No
1627-AFWVJ,Yes,No,No,No,No,No,No,No,No
8313-AFGBW,Yes,No,Yes,No,Yes,Yes,No,Yes,Yes
3097-IDVPU,Yes,Yes,Yes,No,No,No,No,No,No
9593-CVZKR,Yes,Yes,No,No,No,No,No,No,No
5236-XMZJY,Yes,No,Yes,Yes,Yes,Yes,No,No,No
5846-ABOBJ,Yes,Yes,No,No,No,No,No,No,No
0909-SDHNU,No,No,Yes,Yes,No,No,No,No,No
3557-HTYWR,Yes,Yes,Yes,Yes,Yes,No,Yes,No,Yes
7326-RIGQZ,Yes,No,Yes,No,No,No,No,No,No
1561-BWHIN,Yes,No,No,No,No,No,No,No,No
7252-NTGSS,Yes,No,Yes,No,No,No,No,No,No
3262-EIDHV,Yes,Yes,Yes,Yes,No,Yes,Yes,Yes,Yes
7191-ADRGF,No,No,Yes,No,Yes,Yes,No,Yes,Yes
5018-LXQQG,Yes,No,Yes,Yes,No,No,Yes,No,Yes
8050-WYBND,No,No,Yes,No,No,Yes,No,Yes,Yes
2821-WARNZ,Yes,No,No,No,No,No,No,No,No
9402-ROUMJ,Yes,Yes,Yes,Yes,No,Yes,Yes,No,Yes
2507-QZPQS,Yes,Yes,Yes,No,Yes,No,Yes,No,Yes
7159-NOKYQ,Yes,Yes,Yes,No,Yes,Yes,No,No,Yes
8779-YIQQA,Yes,No,No,No,No,No,No,No,No
0277-BKSQP,Yes,No,Yes,No,No,No,No,Yes,No
0363-SVHYR,Yes,Yes,Yes,Yes,Yes,Yes,Yes,Yes,Yes
6591-QGOYB,Yes,Yes,Yes,Yes,Yes,Yes,Yes,Yes,No
7811-JIVPF,Yes,No,Yes,No,No,Yes,No,No,No
9258-CNWAC,Yes,Yes,Yes,Yes,Yes,Yes,Yes,Yes,Yes
6374-AFWOX,Yes,No,Yes,Yes,Yes,Yes,Yes,No,No
6034-YMTOB,Yes,No,Yes,No,No,No,Yes,No,No
4903-CNOZC,Yes,Yes,Yes,No,Yes,Yes,No,No,Yes
4188-FRABG,Yes,Yes,Yes,Yes,Yes,Yes,Yes,Yes,No
0620-DLSLK,Yes,No,Yes,No,No,No,No,Yes,No
3850-OKINF,Yes,Yes,Yes,Yes,No,No,No,Yes,No
1156-ZFYDO,Yes,No,No,No,No,No,No,No,No
3727-OVPRY,Yes,Yes,No,No,No,No,No,No,No
5562-YJQGT,Yes,No,No,No,No,No,No,No,No
8092-NLTGF,Yes,Yes,No,No,No,No,No,No,No
4801-KFYKL,Yes,No,No,No,No,No,No,No,No
3472-OAOOR,No,No,Yes,Yes,Yes,No,No,No,No
4188-PCPIG,Yes,No,Yes,Yes,Yes,No,Yes,Yes,No
0128-MKWSG,No,No,Yes,Yes,No,No,Yes,No,Yes
5727-MYATE,Yes,Yes,Yes,Yes,Yes,Yes,Yes,Yes,Yes
7570-WELNY,Yes,Yes,Yes,Yes,Yes,No,No,No,No
6907-FLBER,Yes,Yes,Yes,No,Yes,No,No,No,No
1676-MQAOA,Yes,No,Yes,Yes,Yes,Yes,Yes,Yes,No
6050-IJRHS,Yes,Yes,Yes,No,Yes,Yes,No,Yes,Yes
8591-TKMZH,Yes,Yes,Yes,Yes,Yes,No,Yes,Yes,Yes
7349-ALMUX,Yes,No,Yes,Yes,Yes,Yes,Yes,No,No
3511-BFTJW,No,No,Yes,Yes,Yes,Yes,No,No,No
3976-NLDEZ,Yes,No,No,No,No,No,No,No,No
2282-YGNOR,Yes,No,Yes,Yes,No,Yes,Yes,No,No
4060-LDNLU,Yes,Yes,Yes,No,No,No,No,Yes,Yes
3589-PPVKW,Yes,No,Yes,No,No,No,No,No,No
4299-SIMNS,Yes,Yes,Yes,Yes,No,No,No,No,No
7841-FCRQD,Yes,No,Yes,No,Yes,No,Yes,No,No
8486-AYEQH,Yes,Yes,Yes,No,No,No,No,No,No
2495-KZNFB,Yes,Yes,Yes,Yes,No,No,No,No,Yes
4274-DRSQT,Yes,Yes,Yes,No,Yes,No,No,Yes,No
2885-HIJDH,Yes,Yes,Yes,Yes,No,Yes,Yes,Yes,Yes
6507-DTJZV,Yes,No,Yes,No,No,No,No,Yes,Yes
9479-HYNYL,Yes,No,Yes,No,Yes,Yes,Yes,Yes,Yes
0756-MPZRL,No,No,Yes,No,No,Yes,Yes,No,No
2927-CVULT,Yes,Yes,Yes,Yes,Yes,Yes,Yes,No,Yes
8745-PVESG,No,No,Yes,Yes,No,Yes,Yes,No,No
1941-HOSAM,Yes,No,Yes,No,No,No,No,Yes,Yes
6171-ZTVYB,Yes,Yes,Yes,Yes,Yes,No,Yes,No,No
1470-PSXNM,Yes,Yes,Yes,No,Yes,Yes,No,Yes,No
5338-YHWYT,Yes,No,Yes,Yes,Yes,No,Yes,No,No
1270-XKUCC,Yes,No,No,No,No,No,No,No,No
5583-EJXRD,No,No,Yes,Yes,Yes,Yes,Yes,No,Yes
9788-HNGUT,Yes,Yes,Yes,Yes,Yes,Yes,Yes,Yes,Yes
9495-REDIY,No,No,Yes,Yes,No,No,No,Yes,No
1172-VIYBP,Yes,Yes,Yes,Yes,Yes,No,No,No,Yes
6559-PDZLR,Yes,No,Yes,No,No,Yes,Yes,Yes,Yes
1460-UZPRJ,Yes,No,No,No,No,No,No,No,No
0485-ZBSLN,Yes,Yes,No,No,No,No,No,No,No
9701-CDXHR,Yes,No,Yes,No,No,No,No,No,No
2162-FRZAA,No,No,Yes,No,Yes,Yes,Yes,No,No
5118-MUEYH,Yes,Yes,Yes,No,Yes,No,Yes,Yes,Yes
3936-QQFLL,Yes,No,No,No,No,No,No,No,No
9715-WZCLW,Yes,Yes,Yes,Yes,No,No,No,Yes,Yes
9786-YWNHU,Yes,No,Yes,Yes,Yes,Yes,Yes,No,No
3563-SVYLG,Yes,No,Yes,Yes,Yes,Yes,Yes,No,No
4998-IKFSE,Yes,Yes,Yes,No,No,Yes,No,Yes,Yes
2481-SBOYW,Yes,Yes,No,No,No,No,No,No,No
1833-TCXKK,Yes,Yes,Yes,No,Yes,Yes,No,Yes,Yes
3026-ATZYV,Yes,No,Yes,Yes,Yes,No,No,Yes,Yes
9289-LBQVU,Yes,Yes,Yes,No,Yes,No,Yes,No,Yes
3458-IDMFK,Yes,No,No,No,No,No,No,No,No
3002-WQZWT,Yes,Yes,Yes,No,No,No,No,No,No
8990-ZXLSU,Yes,No,Yes,No,No,No,No,No,No
1757-TCATG,Yes,No,No,No,No,No,No,No,No
4776-XSKYQ,No,No,Yes,No,No,No,Yes,No,No
6586-MYGKD,Yes,Yes,Yes,Yes,No,No,Yes,Yes,Yes
3863-QSTYI,Yes,No,Yes,No,No,Yes,Yes,Yes,No
1716-LSAMB,Yes,No,Yes,Yes,No,No,Yes,No,No
6546-OPBBH,Yes,Yes,No,No,No,No,No,No,No
5919-VCZYM,Yes,No,No,No,No,No,No,No,No
7964-VEXDG,Yes,Yes,Yes,Yes,No,No,No,No,No
8457-XIGKN,Yes,No,No,No,No,No,No,No,No
8750-QWZAJ,Yes,No,No,No,No,No,No,No,No
6918-UMQCG,Yes,No,Yes,No,No,No,No,Yes,No
5982-FPVQN,Yes,Yes,Yes,No,Yes,Yes,No,No,Yes
8215-NGSPE,Yes,No,No,No,No,No,No,No,No
1998-VHJHK,Yes,No,No,No,No,No,No,No,No
4508-OEBEY,Yes,No,Yes,Yes,Yes,Yes,Yes,No,Yes
6051-PTVNS,Yes,No,No,No,No,No,No,No,No
8049-WJCLQ,Yes,No,Yes,No,No,Yes,No,Yes,No
9670-BPNXF,Yes,No,Yes,Yes,Yes,No,Yes,No,No
2087-QAREY,Yes,No,Yes,No,Yes,Yes,No,No,No
2320-TZRRH,Yes,No,No,No,No,No,No,No,No
3096-GKWEB,Yes,Yes,Yes,No,No,No,No,Yes,Yes
4396-KLSEH,Yes,No,No,No,No,No,No,No,No
2824-MYYBN,Yes,Yes,Yes,No,No,No,No,Yes,Yes
6260-XLACS,Yes,No,No,No,No,No,No,No,No
3566-CAAYU,No,No,Yes,No,Yes,Yes,Yes,No,Yes
9103-CXVOK,Yes,No,No,No,No,No,No,No,No
4475-NVTLU,Yes,No,No,No,No,No,No,No,No
9386-LDCZR,Yes,No,Yes,Yes,Yes,Yes,Yes,No,No
5399-ZIMKF,Yes,No,Yes,No,Yes,No,No,No,No
5602-BVFMK,Yes,No,No,No,No,No,No,No,No
8204-TIFGJ,Yes,No,No,No,No,No,No,No,No
1089-XZWHH,Yes,No,No,No,No,No,No,No,No
9648-BCHKM,Yes,Yes,No,No,No,No,No,No,No
8707-HOEDG,Yes,Yes,Yes,No,Yes,Yes,Yes,Yes,Yes
7167-PCEYD,Yes,No,No,No,No,No,No,No,No
6408-WHTEF,Yes,Yes,Yes,Yes,Yes,Yes,Yes,Yes,Yes
9251-AWQGT,Yes,No,No,No,No,No,No,No,No
7989-VCQOH,Yes,No,Yes,Yes,No,Yes,Yes,Yes,Yes
3580-GICBM,Yes,Yes,No,No,No,No,No,No,No
7636-XUHWW,Yes,No,No,No,No,No,No,No,No
1431-CYWMH,Yes,No,No,No,No,No,No,No,No
6349-JDHQP,Yes,No,No,No,No,No,No,No,No
5847-MXBEO,Yes,No,No,No,No,No,No,No,No
8679-LZBMD,Yes,No,Yes,No,No,No,No,Yes,Yes
0289-IVARM,Yes,No,Yes,Yes,Yes,Yes,No,No,No
4291-TPNFG,Yes,Yes,Yes,Yes,Yes,Yes,Yes,No,Yes
1818-ESQMW,Yes,No,Yes,No,No,Yes,Yes,No,Yes
2805-AUFQN,Yes,No,No,No,No,No,No,No,No
7048-GXDAY,Yes,Yes,Yes,Yes,Yes,No,No,Yes,Yes
7129-CAKJW,Yes,Yes,Yes,No,No,Yes,No,No,No
3570-YUEKJ,Yes,No,Yes,No,Yes,No,No,No,No
8464-EETCQ,Yes,No,No,No,No,No,No,No,No
2419-FSORS,Yes,Yes,Yes,No,Yes,Yes,Yes,Yes,Yes
0374-IOEGQ,Yes,No,Yes,No,No,No,No,No,No
1752-OZXFY,Yes,No,Yes,Yes,No,No,No,Yes,No
6933-VLYFX,No,No,Yes,Yes,No,Yes,Yes,Yes,Yes
5055-MGMGF,Yes,Yes,Yes,Yes,No,Yes,No,Yes,Yes
2971-SGAFL,Yes,Yes,Yes,Yes,No,Yes,No,Yes,Yes
9391-YZEJW,Yes,Yes,Yes,No,No,No,No,Yes,Yes
0281-CNTZX,Yes,No,No,No,No,No,No,No,No
9873-MNDKV,Yes,No,Yes,No,No,No,No,No,No
9631-RXVJM,Yes,No,No,No,No,No,No,No,No
7526-IVLYU,Yes,No,No,No,No,No,No,No,No
2122-YWVYA,Yes,No,Yes,Yes,No,No,No,No,No
2296-DKZFP,Yes,No,Yes,Yes,Yes,Yes,No,No,Yes
1455-HFBXA,Yes,Yes,Yes,Yes,No,Yes,Yes,No,No
0082-LDZUE,Yes,No,Yes,No,No,No,No,No,No
5144-PQCDZ,Yes,No,No,No,No,No,No,No,No
9711-FJTBX,Yes,No,Yes,No,Yes,Yes,Yes,No,No
2908-ZTPNF,No,No,Yes,No,Yes,No,Yes,No,No
4430-YHXGG,Yes,Yes,No,No,No,No,No,No,No
2049-BAFNW,No,No,Yes,No,No,Yes,Yes,No,No
3842-QTGDL,Yes,No,Yes,Yes,Yes,No,No,No,No
7163-OCEQI,Yes,Yes,Yes,No,No,Yes,Yes,Yes,Yes
9782-LGXMC,Yes,No,Yes,Yes,No,Yes,Yes,No,No
4853-OITSN,Yes,Yes,Yes,Yes,No,No,No,No,Yes
0239-OXEXL,Yes,Yes,Yes,Yes,Yes,No,No,No,No
3721-CNZHX,Yes,No,No,No,No,No,No,No,No
5656-JAMLX,Yes,No,No,No,No,No,No,No,No
3462-BJQQA,Yes,Yes,Yes,No,Yes,No,No,Yes,No
9503-XJUME,Yes,No,No,No,No,No,No,No,No
2724-FJDYW,No,No,Yes,No,No,Yes,Yes,Yes,Yes
3460-TJBWI,Yes,Yes,No,No,No,No,No,No,No
2325-NBPZG,Yes,No,Yes,Yes,No,No,No,No,No
0440-MOGPM,Yes,Yes,Yes,No,Yes,Yes,No,Yes,Yes
3752-CQSJI,Yes,No,No,No,No,No,No,No,No
3363-EWLGO,Yes,No,No,No,No,No,No,No,No
0708-LGSMF,Yes,Yes,Yes,Yes,No,No,No,No,Yes
8331-ZXFOE,Yes,Yes,Yes,Yes,Yes,Yes,Yes,No,No
5081-NWSUP,Yes,No,Yes,No,Yes,No,Yes,No,Yes
8085-MSNLK,Yes,Yes,Yes,Yes,Yes,Yes,Yes,Yes,Yes
9691-HKOVS,Yes,Yes,Yes,Yes,Yes,Yes,Yes,Yes,Yes
9881-VCZEP,Yes,Yes,Yes,No,Yes,No,No,No,No
7711-GQBZC,Yes,Yes,No,No,No,No,No,No,No
8573-CGOCC,Yes,No,No,No,No,No,No,No,No
6286-SUUWT,Yes,No,No,No,No,No,No,No,No
5438-QMDDL,Yes,No,Yes,No,Yes,No,No,No,Yes
3317-VLGQT,Yes,No,Yes,No,No,No,No,No,Yes
5774-QPLTF,Yes,No,No,No,No,No,No,No,No
3069-SSVSN,No,No,Yes,No,No,No,No,No,No
5222-IMUKT,Yes,No,Yes,No,No,No,No,Yes,Yes
6685-XSHHU,Yes,No,No,No,No,No,No,No,No
3845-FXCYS,Yes,No,No,No,No,No,No,No,No
3154-CFSZG,Yes,No,Yes,Yes,No,Yes,No,No,Yes
4377-VDHYI,Yes,No,Yes,Yes,Yes,No,No,No,Yes
2925-VDZHY,Yes,Yes,Yes,Yes,Yes,Yes,Yes,Yes,Yes
7328-ZJAJO,Yes,No,No,No,No,No,No,No,No
0909-SELIE,Yes,Yes,Yes,Yes,Yes,Yes,Yes,No,Yes
3417-TSCIC,No,No,Yes,No,No,No,No,No,No
6537-OTKMY,No,No,Yes,No,No,Yes,No,Yes,Yes
2330-PQGDQ,Yes,Yes,Yes,No,Yes,No,Yes,No,No
8597-CTXVJ,Yes,Yes,Yes,Yes,Yes,No,Yes,No,No
5995-LFTLE,Yes,Yes,No,No,No,No,No,No,No
7054-DMVAS,Yes,No,Yes,Yes,Yes,No,No,Yes,No
3428-MMGUB,Yes,Yes,Yes,No,No,Yes,No,Yes,No
6549-BTYPG,No,No,Yes,No,Yes,Yes,Yes,Yes,Yes
9933-QRGTX,Yes,No,Yes,Yes,No,No,Yes,Yes,Yes
5066-GFJMM,Yes,No,No,No,No,No,No,No,No
9746-UGFAC,Yes,No,No,No,No,No,No,No,No
0625-AFOHS,Yes,No,No,No,No,No,No,No,No
7208-PSIHR,Yes,Yes,Yes,No,No,Yes,Yes,Yes,Yes
3422-GALYP,Yes,Yes,Yes,No,Yes,No,No,No,No
0327-WFZSY,Yes,Yes,Yes,No,No,Yes,No,Yes,Yes
9541-PWTWO,Yes,Yes,Yes,No,No,Yes,Yes,Yes,Yes
0186-CAERR,Yes,Yes,Yes,Yes,Yes,Yes,Yes,Yes,Yes
5872-OEQNH,No,No,Yes,Yes,No,Yes,No,No,Yes
9921-QFQUL,Yes,Yes,Yes,No,No,Yes,No,No,Yes
7798-JVXYM,Yes,No,Yes,No,No,No,Yes,Yes,Yes
3384-CTMSF,Yes,Yes,Yes,No,Yes,Yes,No,Yes,Yes
6856-RAURS,Yes,Yes,Yes,No,No,No,No,No,No
9717-IOAAF,Yes,Yes,No,No,No,No,No,No,No
1535-VTJOQ,Yes,Yes,No,No,No,No,No,No,No
1302-TPUBN,Yes,No,No,No,No,No,No,No,No
6656-GULJQ,Yes,Yes,Yes,Yes,No,Yes,Yes,Yes,Yes
8510-TMWYB,Yes,Yes,Yes,No,Yes,Yes,No,No,No
1428-IEDPR,Yes,Yes,Yes,Yes,No,Yes,Yes,Yes,Yes
2486-WYVVE,Yes,Yes,Yes,No,No,Yes,Yes,Yes,Yes
3926-YZVVX,Yes,No,Yes,No,No,No,Yes,No,No
3266-FTKHB,Yes,No,No,No,No,No,No,No,No
2346-LOCWC,Yes,No,No,No,No,No,No,No,No
7560-QJAVJ,Yes,No,Yes,Yes,No,Yes,Yes,Yes,Yes
2809-ZMYOQ,Yes,Yes,Yes,No,No,Yes,No,Yes,Yes
7601-WFVZV,Yes,No,No,No,No,No,No,No,No
4609-KNNWG,Yes,No,No,No,No,No,No,No,No
9529-OFXHY,Yes,Yes,Yes,Yes,No,No,No,Yes,No
9494-MRNYX,Yes,Yes,Yes,No,No,No,No,No,No
7196-LIWRH,Yes,No,No,No,No,No,No,No,No
9330-VOFSZ,Yes,Yes,Yes,No,Yes,Yes,Yes,Yes,Yes
3644-QXEHN,Yes,No,Yes,No,No,Yes,No,Yes,Yes
3985-HOYPM,Yes,No,No,No,No,No,No,No,No
4310-KEDTB,No,No,Yes,No,No,Yes,No,No,No
6103-QCKFX,Yes,No,Yes,Yes,No,No,Yes,No,No
7781-EWARA,No,No,Yes,No,Yes,Yes,Yes,Yes,Yes
1794-SWWKL,Yes,Yes,Yes,No,No,Yes,Yes,No,No
6166-YIPFO,No,No,Yes,Yes,Yes,Yes,Yes,Yes,Yes
9332-GYWLO,Yes,No,Yes,No,No,No,No,Yes,No
7233-IOQNP,No,No,Yes,Yes,No,No,Yes,No,No
9828-QHFBK,Yes,No,Yes,Yes,No,No,No,No,No
5012-YSPJJ,Yes,No,Yes,No,No,Yes,Yes,No,No
4891-NLUBA,No,No,Yes,No,Yes,Yes,Yes,Yes,Yes
0661-KQHNK,Yes,No,No,No,No,No,No,No,No
6215-NQCPY,Yes,Yes,Yes,Yes,No,No,No,Yes,Yes
9626-WEQRM,No,No,Yes,Yes,No,No,No,No,No
2188-SXWVT,Yes,No,Yes,Yes,Yes,No,No,No,No
7696-AMHOD,Yes,No,Yes,No,Yes,Yes,No,Yes,Yes
6340-DACFT,Yes,No,No,No,No,No,No,No,No
4955-VCWBI,Yes,No,No,No,No,No,No,No,No
8317-BVKSO,Yes,No,No,No,No,No,No,No,No
2257-BOVXD,Yes,Yes,Yes,No,No,No,Yes,Yes,No
4816-OKWNX,Yes,No,Yes,No,Yes,Yes,Yes,Yes,Yes
3315-IKYZQ,No,No,Yes,Yes,No,Yes,Yes,Yes,No
8006-PYCSW,Yes,No,No,No,No,No,No,No,No
8249-THVEC,Yes,No,No,No,No,No,No,No,No
8722-PRFDV,Yes,No,Yes,Yes,No,Yes,No,Yes,Yes
4020-KIUDI,Yes,No,No,No,No,No,No,No,No
1705-GUHPV,Yes,Yes,No,No,No,No,No,No,No
2832-KJCRD,Yes,Yes,Yes,No,No,Yes,Yes,Yes,Yes
4940-KHCWD,No,No,Yes,Yes,Yes,No,Yes,No,No
0305-SQECB,No,No,Yes,Yes,No,No,Yes,No,No
7605-SNLQG,Yes,No,Yes,No,No,Yes,No,No,No
0064-SUDOG,Yes,No,No,No,No,No,No,No,No
8292-FRFZQ,No,No,Yes,Yes,Yes,No,Yes,No,No
7103-IPXPJ,Yes,Yes,Yes,No,No,No,Yes,Yes,Yes
4342-HFXWS,Yes,No,Yes,Yes,No,Yes,Yes,Yes,No
3545-CNWRG,Yes,Yes,Yes,No,Yes,No,No,Yes,Yes
1785-BPHTP,Yes,No,Yes,No,No,Yes,No,Yes,No
2509-TFPJU,Yes,Yes,No,No,No,No,No,No,No
6898-RBTLU,Yes,Yes,Yes,No,Yes,No,Yes,Yes,Yes
2256-YLYLP,Yes,No,Yes,No,No,Yes,Yes,Yes,Yes
2740-JFBOK,Yes,Yes,No,No,No,No,No,No,No
6500-JVEGC,Yes,Yes,Yes,Yes,Yes,Yes,No,Yes,No
9928-BZVLZ,No,No,Yes,Yes,No,Yes,Yes,No,Yes
9739-JLPQJ,Yes,Yes,Yes,Yes,Yes,Yes,Yes,Yes,Yes
0970-QXPXW,Yes,No,No,No,No,No,No,No,No
3640-JQGJG,Yes,No,Yes,No,No,No,No,No,No
9546-KDTRB,Yes,Yes,No,No,No,No,No,No,No
1320-GVNHT,Yes,Yes,Yes,Yes,Yes,Yes,No,Yes,Yes
8725-JEDFD,Yes,No,Yes,No,No,No,No,No,No
5626-MGTUK,Yes,Yes,Yes,Yes,No,No,No,Yes,No
0270-THENM,Yes,Yes,Yes,Yes,Yes,Yes,Yes,No,No
2710-WYVXG,Yes,No,Yes,Yes,Yes,No,Yes,No,Yes
8148-WOCMK,Yes,No,No,No,No,No,No,No,No
7815-PDTHL,Yes,No,No,No,No,No,No,No,No
9173-IVZVP,Yes,No,No,No,No,No,No,No,No
8217-QYOHV,Yes,No,Yes,Yes,No,No,Yes,No,No
5060-TQUQN,Yes,Yes,Yes,No,Yes,No,Yes,No,No
4534-WGCIR,Yes,Yes,No,No,No,No,No,No,No
3508-CFVZL,Yes,Yes,Yes,Yes,Yes,Yes,Yes,Yes,Yes
5297-MDOIR,Yes,No,Yes,Yes,No,Yes,No,No,No
4926-UMJZD,Yes,No,Yes,No,No,No,Yes,No,No
6341-AEVKX,Yes,No,Yes,Yes,No,Yes,Yes,Yes,Yes
2363-BJLSL,Yes,No,Yes,No,Yes,Yes,Yes,Yes,Yes
0530-IJVDB,Yes,Yes,Yes,Yes,Yes,Yes,Yes,Yes,Yes
2215-ZAFGX,Yes,Yes,Yes,No,No,No,No,Yes,No
1304-SEGFY,Yes,Yes,Yes,No,No,Yes,No,Yes,Yes
2904-GGUAZ,Yes,Yes,Yes,Yes,Yes,No,No,No,No
5136-GFPMB,Yes,Yes,Yes,No,No,Yes,No,No,Yes
2371-KFUOG,Yes,No,Yes,Yes,Yes,No,No,Yes,Yes
0463-ZSDNT,Yes,No,Yes,No,No,No,No,No,Yes
2405-LBMUW,No,No,Yes,Yes,Yes,No,Yes,No,Yes
2898-MRKPI,Yes,Yes,Yes,No,Yes,No,No,Yes,Yes
9364-YKUVW,Yes,No,No,No,No,No,No,No,No
5351-QESIO,No,No,Yes,No,No,No,No,No,No
8468-FZTOE,Yes,No,Yes,Yes,Yes,Yes,Yes,No,Yes
6447-GORXK,No,No,Yes,No,No,No,No,No,No
7398-LXGYX,Yes,Yes,Yes,Yes,No,Yes,No,No,No
3186-AJIEK,Yes,No,Yes,Yes,No,Yes,Yes,Yes,Yes
7495-OOKFY,Yes,Yes,Yes,No,Yes,No,No,No,No
1658-BYGOY,Yes,Yes,Yes,No,No,No,No,Yes,Yes
3445-HXXGF,No,No,Yes,No,Yes,Yes,No,No,Yes
2656-FMOKZ,Yes,Yes,Yes,No,No,No,No,No,No
9514-JDSKI,No,No,Yes,No,Yes,No,No,Yes,No
3488-PGMQJ,Yes,No,Yes,No,Yes,No,No,No,No
9057-MSWCO,No,No,Yes,Yes,No,No,No,No,No
4895-TMWIR,Yes,No,No,No,No,No,No,No,No
5099-BAILX,Yes,Yes,Yes,No,Yes,Yes,Yes,Yes,Yes
4913-EHYUI,Yes,Yes,Yes,Yes,No,Yes,No,Yes,Yes
5644-PDMZC,Yes,Yes,Yes,No,Yes,No,No,No,Yes
0823-HSCDJ,No,No,Yes,No,Yes,No,No,Yes,Yes
5244-IRFIH,Yes,Yes,Yes,No,No,No,No,Yes,Yes
6683-VLCTZ,Yes,Yes,Yes,No,No,Yes,No,Yes,Yes
0781-LKXBR,Yes,Yes,Yes,No,No,Yes,No,Yes,Yes
4750-ZRXIU,Yes,Yes,Yes,No,No,No,No,No,Yes
9369-XFEHK,Yes,Yes,Yes,No,Yes,No,No,No,No
1374-DMZUI,Yes,Yes,Yes,No,No,No,No,Yes,Yes
1236-WFCDV,Yes,No,Yes,No,No,No,No,Yes,Yes
1271-SJBGZ,No,No,Yes,No,No,Yes,Yes,No,Yes
8999-BOHSE,Yes,No,Yes,No,No,No,No,Yes,Yes
5293-WXJAK,Yes,Yes,Yes,No,No,Yes,Yes,Yes,Yes
8399-YNDCH,Yes,No,Yes,No,No,Yes,No,Yes,No
5565-FILXA,Yes,Yes,Yes,No,No,No,No,Yes,Yes
4187-CINZD,Yes,No,Yes,No,Yes,No,No,Yes,Yes
6818-WOBHJ,Yes,Yes,Yes,No,Yes,No,No,No,Yes
3372-KWFBM,Yes,Yes,Yes,No,No,No,No,Yes,No
5419-CONWX,Yes,No,Yes,No,Yes,Yes,No,Yes,Yes
5357-TZHPP,Yes,Yes,Yes,No,No,No,No,No,Yes
3254-YRILK,Yes,Yes,Yes,No,Yes,No,No,Yes,No
0529-ONKER,Yes,Yes,Yes,No,No,No,No,No,No
5240-IJOQT,Yes,Yes,Yes,No,No,No,No,No,No
9391-EOYLI,Yes,No,Yes,No,No,No,No,No,Yes
4248-QPAVC,Yes,Yes,Yes,Yes,No,Yes,No,No,No
4690-LLKUA,Yes,No,Yes,No,No,No,No,No,No
9490-DFPMD,Yes,Yes,Yes,No,No,No,No,Yes,No
7279-BUYWN,Yes,Yes,Yes,Yes,Yes,Yes,No,Yes,Yes
4510-PYUSH,Yes,No,Yes,Yes,Yes,No,No,No,No
7776-QWNFX,Yes,No,Yes,No,Yes,No,No,No,No
9497-QCMMS,Yes,Yes,Yes,No,No,No,No,Yes,Yes
4795-KTRTH,Yes,Yes,Yes,No,Yes,No,No,No,No
9061-TIHDA,Yes,Yes,Yes,No,No,No,No,Yes,Yes
2528-HFYZX,Yes,No,Yes,No,Yes,No,No,No,No
1587-FKLZB,Yes,Yes,Yes,No,No,Yes,No,Yes,Yes
5440-FLBQG,Yes,Yes,Yes,No,Yes,Yes,Yes,Yes,Yes
1846-XWOQN,Yes,No,Yes,No,No,No,No,No,No
3757-NJYBX,Yes,Yes,Yes,No,Yes,Yes,No,Yes,Yes
8245-UMPYT,Yes,Yes,Yes,No,No,No,No,Yes,Yes
5130-IEKQT,Yes,Yes,Yes,No,Yes,Yes,No,Yes,Yes
0354-WYROK,Yes,No,Yes,No,No,Yes,Yes,Yes,Yes
4283-FUTGF,Yes,Yes,Yes,No,No,Yes,No,No,No
2397-BRLOM,Yes,No,Yes,No,No,No,No,Yes,No
4102-OQUPX,Yes,Yes,Yes,No,No,No,No,No,No
2815-CPTUL,Yes,No,Yes,No,No,No,No,No,No
9685-WKZGT,Yes,Yes,Yes,No,No,No,No,No,No
6022-UGGSO,Yes,No,Yes,No,Yes,No,No,No,No
5277-ZLOOR,Yes,Yes,Yes,No,No,No,No,Yes,No
4248-HCETZ,Yes,No,Yes,No,Yes,Yes,No,No,No
4803-AXVYP,Yes,Yes,Yes,No,No,No,Yes,Yes,Yes
7890-VYYWG,No,No,Yes,No,No,No,No,Yes,No
3902-FOIGH,Yes,Yes,Yes,No,Yes,No,No,Yes,Yes
2636-ALXXZ,Yes,No,Yes,No,No,No,No,No,No
5178-LMXOP,Yes,Yes,Yes,No,No,No,No,Yes,Yes
4706-AXVKM,Yes,Yes,Yes,No,No,No,No,No,Yes
7579-OOPEC,Yes,No,Yes,No,Yes,No,No,No,No
4433-JCGCG,Yes,Yes,Yes,No,No,Yes,No,Yes,Yes
4424-TKOPW,Yes,Yes,Yes,No,No,No,No,Yes,Yes
1833-VGRUM,Yes,Yes,Yes,No,No,No,No,No,No
4039-HEUNW,Yes,Yes,Yes,No,Yes,No,No,Yes,Yes
2403-BCASL,Yes,Yes,Yes,No,Yes,Yes,Yes,Yes,Yes
0324-BRPCJ,Yes,Yes,Yes,No,Yes,No,No,Yes,Yes
5482-PLVPE,No,No,Yes,No,No,No,No,No,No
2034-CGRHZ,Yes,Yes,Yes,No,Yes,Yes,No,Yes,Yes
5485-WUYWF,Yes,No,Yes,Yes,No,Yes,No,Yes,No
2632-UCGVD,Yes,Yes,Yes,No,No,No,Yes,Yes,Yes
7481-ATQQS,Yes,Yes,Yes,No,No,Yes,No,No,Yes
3714-JTVOV,Yes,No,Yes,Yes,No,No,No,No,No
9058-CBREO,Yes,Yes,Yes,No,No,No,No,No,No
8063-GBATB,Yes,Yes,Yes,No,No,No,No,No,Yes
9300-AGZNL,Yes,Yes,Yes,No,No,No,No,Yes,Yes
3070-DVEYC,Yes,Yes,Yes,No,No,No,No,No,No
5707-ORNDZ,Yes,Yes,Yes,Yes,No,No,No,No,No
2302-ANTDP,Yes,Yes,Yes,Yes,Yes,Yes,Yes,Yes,Yes
3957-LXOLK,Yes,Yes,Yes,No,Yes,Yes,No,Yes,Yes
4713-LZDRV,Yes,No,Yes,No,No,No,No,No,Yes
8258-GSTJK,Yes,Yes,Yes,No,No,No,No,No,No
2995-UPRYS,Yes,No,Yes,No,Yes,No,Yes,Yes,Yes
6892-XPFPU,Yes,Yes,Yes,No,Yes,Yes,No,Yes,Yes
0643-OKLRP,Yes,Yes,Yes,Yes,No,No,No,No,No
5143-EGQFK,No,No,Yes,No,No,No,Yes,No,No
6005-OBZPH,Yes,Yes,Yes,No,Yes,No,No,Yes,No
7932-WPTDS,No,No,Yes,No,No,No,No,No,No
0196-VULGZ,Yes,Yes,Yes,No,No,No,No,No,Yes
4631-OACRM,Yes,No,Yes,No,No,No,No,No,Yes
5028-HTLJB,Yes,No,No,No,No,No,No,No,No
4369-HTUIF,Yes,No,Yes,Yes,No,No,No,Yes,No
6877-LGWXO,Yes,No,Yes,No,No,No,No,No,Yes
5567-WSELE,Yes,Yes,Yes,No,No,No,No,Yes,Yes
5649-TJHOV,No,No,Yes,No,No,No,No,No,Yes
9253-QXKBE,Yes,Yes,Yes,No,No,No,No,Yes,Yes
8775-LHDJH,Yes,Yes,Yes,No,Yes,No,No,Yes,No
5385-SUIRI,Yes,Yes,Yes,Yes,No,Yes,No,Yes,Yes
6328-ZPBGN,Yes,Yes,Yes,No,No,No,No,Yes,Yes
6769-DYBQN,Yes,No,Yes,Yes,No,No,No,No,Yes
2446-BEGGB,Yes,Yes,Yes,No,Yes,No,No,Yes,Yes
1496-GGSUK,No,No,Yes,No,No,No,No,No,No
1977-STDKI,Yes,No,Yes,No,Yes,No,No,No,No
9286-DOJGF,Yes,Yes,Yes,No,No,No,No,No,No
9661-MHUMO,Yes,No,Yes,No,No,No,Yes,No,No
8884-ADFVN,Yes,Yes,Yes,No,No,Yes,No,Yes,Yes
3551-HUAZH,Yes,Yes,Yes,No,No,No,No,No,No
7235-NXZCP,Yes,Yes,Yes,No,No,No,No,No,No
3319-DWOEP,Yes,No,Yes,No,No,Yes,No,Yes,Yes
2272-QAGFO,Yes,Yes,Yes,No,No,No,No,No,No
3990-QYKBE,Yes,Yes,Yes,No,No,No,No,Yes,Yes
9274-CNFMO,Yes,Yes,Yes,No,No,No,No,No,No
5868-YWPDW,Yes,No,Yes,No,Yes,No,No,No,Yes
7240-FQLHE,Yes,Yes,Yes,No,No,No,Yes,Yes,Yes
6664-FPDAC,Yes,Yes,Yes,No,Yes,Yes,Yes,Yes,Yes
1980-KXVPM,Yes,Yes,Yes,No,No,No,No,No,No
3668-QPYBK,Yes,No,Yes,Yes,Yes,No,No,No,No
9237-HQITU,Yes,No,Yes,No,No,No,No,No,No
7892-POOKP,Yes,Yes,Yes,No,No,Yes,Yes,Yes,Yes
7760-OYPDY,Yes,No,Yes,No,No,No,No,Yes,No
9191-MYQKX,Yes,No,Yes,No,No,Yes,No,No,No
6207-WIOLX,No,No,Yes,Yes,Yes,Yes,No,Yes,Yes
0867-MKZVY,Yes,Yes,Yes,Yes,No,No,No,No,No
3376-BMGFE,Yes,No,Yes,No,No,No,No,No,No
7825-ECJRF,Yes,No,Yes,Yes,No,Yes,Yes,Yes,Yes
9408-SSNVZ,Yes,No,Yes,No,No,No,No,No,No
0742-MOABM,Yes,No,Yes,No,No,No,Yes,No,No
6432-TWQLB,Yes,Yes,Yes,No,Yes,No,Yes,No,No
9512-UIBFX,Yes,No,Yes,No,No,Yes,No,Yes,Yes
2321-OMBXY,Yes,No,Yes,Yes,Yes,No,Yes,Yes,Yes
0122-OAHPZ,Yes,Yes,Yes,No,No,No,No,No,No
1343-EHPYB,Yes,Yes,Yes,No,Yes,Yes,No,Yes,Yes
4572-DVCGN,Yes,No,Yes,No,No,No,No,No,Yes
2957-LOLHO,Yes,No,Yes,No,No,No,No,No,No
7752-XUSCI,Yes,Yes,Yes,No,Yes,Yes,No,Yes,Yes
0880-TKATG,Yes,Yes,Yes,No,No,Yes,No,Yes,Yes
0447-BEMNG,No,No,Yes,Yes,No,Yes,No,No,Yes
9412-GHEEC,Yes,Yes,Yes,No,No,Yes,Yes,Yes,Yes
9282-IZGQK,Yes,Yes,Yes,No,No,No,No,No,Yes
0939-YAPAF,Yes,Yes,Yes,No,No,Yes,No,Yes,Yes
4710-FDUIZ,Yes,Yes,Yes,No,Yes,No,No,Yes,Yes
4580-TMHJU,Yes,No,Yes,No,No,No,No,Yes,No
0970-ETWGE,Yes,No,Yes,No,No,No,No,Yes,Yes
0887-HJGAR,Yes,No,Yes,No,No,No,No,No,No
2276-YDAVZ,Yes,Yes,Yes,No,No,No,No,No,No
5138-WVKYJ,Yes,Yes,Yes,Yes,No,No,No,Yes,Yes
7379-POKDZ,Yes,No,Yes,No,No,No,No,No,No
2037-XJFUP,Yes,No,Yes,No,No,Yes,No,Yes,Yes
3009-JWMPU,Yes,Yes,Yes,No,No,Yes,No,Yes,Yes
4853-RULSV,Yes,Yes,Yes,Yes,No,No,Yes,Yes,Yes
4124-MMETB,Yes,Yes,Yes,No,No,No,No,Yes,Yes
5073-WXOYN,No,No,Yes,No,Yes,No,No,Yes,Yes
9851-KIELU,Yes,No,Yes,Yes,Yes,Yes,Yes,Yes,Yes
3804-RVTGV,Yes,Yes,Yes,No,Yes,Yes,No,Yes,Yes
4315-MURBD,Yes,No,Yes,Yes,No,No,Yes,Yes,Yes
6400-BWQKW,Yes,Yes,Yes,Yes,No,No,No,No,No
8357-EQXFO,Yes,No,Yes,No,No,Yes,No,Yes,Yes
8436-BJUMM,Yes,Yes,Yes,No,No,No,No,Yes,No
9948-YPTDG,Yes,No,Yes,Yes,Yes,No,No,No,No
4883-QICIH,Yes,No,Yes,No,No,No,No,No,No
9878-TNQGW,Yes,No,Yes,No,No,No,No,No,Yes
4607-CHPCA,Yes,No,Yes,No,No,No,No,Yes,Yes
4081-DYXAV,No,No,Yes,No,No,No,No,Yes,Yes
6270-OMFIW,Yes,No,Yes,No,Yes,No,No,Yes,Yes
5673-FSSMF,Yes,Yes,Yes,No,No,No,No,No,Yes
9866-QEVEE,Yes,Yes,Yes,No,No,No,No,No,Yes
9897-KXHCM,Yes,No,Yes,No,No,No,No,No,Yes
1689-MRZQR,Yes,No,Yes,No,No,No,No,Yes,No
5552-ZNFSJ,Yes,No,Yes,No,No,No,No,No,No
7321-PKUYW,Yes,Yes,Yes,No,No,No,Yes,Yes,No
5027-XWQHA,Yes,No,Yes,No,No,No,No,No,No
0201-OAMXR,Yes,Yes,Yes,Yes,Yes,Yes,Yes,Yes,Yes
6393-WRYZE,Yes,Yes,Yes,No,No,No,No,Yes,Yes
9415-DPEWS,Yes,Yes,Yes,No,No,No,Yes,Yes,No
3249-ZPQRG,Yes,Yes,Yes,No,Yes,No,No,No,No
3164-AALRN,Yes,No,Yes,No,No,Yes,No,Yes,Yes
4704-ERYFC,Yes,No,Yes,No,No,No,No,No,No
6960-HVYXR,Yes,Yes,Yes,No,No,No,No,No,No
1571-SAVHK,Yes,Yes,Yes,No,No,No,Yes,Yes,Yes
5208-HFSBT,Yes,No,Yes,No,Yes,No,Yes,No,No
3703-VAVCL,Yes,No,Yes,No,No,Yes,Yes,No,Yes
3186-BAXNB,Yes,No,Yes,No,Yes,No,Yes,Yes,No
7459-RRWQZ,Yes,Yes,Yes,Yes,No,No,No,No,Yes
3092-IGHWF,Yes,Yes,Yes,No,Yes,Yes,No,No,No
6352-TWCAU,Yes,Yes,Yes,No,No,No,No,Yes,No
1899-VXWXM,Yes,Yes,Yes,No,Yes,Yes,No,Yes,Yes
2058-DCJBE,Yes,No,Yes,No,No,No,No,No,No
6839-ITVZJ,Yes,Yes,Yes,No,Yes,No,Yes,No,No
6097-EQISJ,Yes,Yes,Yes,No,Yes,Yes,No,Yes,Yes
7530-HDYDS,Yes,No,Yes,No,Yes,Yes,Yes,No,No
5922-ABDVO,Yes,Yes,Yes,No,No,Yes,No,No,Yes
9172-ANCRX,Yes,Yes,Yes,Yes,No,No,No,Yes,Yes
2485-ITVKB,No,No,Yes,No,No,No,No,No,Yes
1612-EOHDH,Yes,No,Yes,No,No,No,No,No,No
4143-HHPMK,Yes,No,Yes,No,Yes,No,No,No,Yes
3946-MHCZW,Yes,No,Yes,No,No,Yes,No,No,No
5054-IEXZT,Yes,No,Yes,No,Yes,No,No,No,No
8901-HJXTF,No,No,Yes,No,Yes,No,No,No,No
5419-KLXBN,Yes,No,Yes,No,Yes,Yes,No,Yes,No
9828-AOQLM,Yes,No,Yes,No,No,No,No,No,No
3074-GQWYX,Yes,Yes,Yes,No,No,No,No,No,No
6845-RGTYS,Yes,Yes,Yes,Yes,Yes,Yes,No,Yes,No
8305-VHZBZ,Yes,No,No,No,No,No,No,No,No
6173-ITPWD,Yes,Yes,Yes,No,Yes,Yes,No,No,No
3177-LASXD,Yes,No,Yes,No,No,No,No,No,No
4897-QSUYC,Yes,No,No,No,No,No,No,No,No
2955-BJZHG,Yes,No,Yes,No,No,No,No,Yes,No
3106-ULWFW,Yes,Yes,Yes,No,No,No,No,No,Yes
0925-VYDLG,Yes,Yes,Yes,No,No,No,No,No,No
4349-GFQHK,Yes,Yes,Yes,No,No,Yes,No,No,No
8035-BUYVG,No,No,Yes,Yes,Yes,Yes,No,No,No
7927-AUXBZ,Yes,No,Yes,No,No,No,Yes,Yes,No
7619-ODSGN,Yes,Yes,Yes,Yes,No,No,No,No,No
2482-CZGBB,Yes,No,Yes,No,No,No,No,No,No
6204-IEUXJ,Yes,No,Yes,No,No,Yes,Yes,No,No
0320-JDNQG,Yes,No,Yes,Yes,No,No,Yes,Yes,Yes
7180-PISOG,Yes,Yes,Yes,No,No,No,No,No,No
3211-ILJTT,Yes,No,Yes,No,No,No,No,No,No
0235-KGSLC,Yes,No,Yes,No,No,Yes,No,Yes,No
2884-GBPFB,Yes,No,Yes,No,No,No,No,No,No
5236-PERKL,Yes,Yes,Yes,Yes,Yes,Yes,No,Yes,Yes
2519-FAKOD,Yes,Yes,Yes,No,No,Yes,No,Yes,Yes
1323-OOEPC,Yes,Yes,Yes,No,Yes,No,No,Yes,Yes
4701-MLJPN,Yes,No,Yes,No,No,Yes,Yes,No,No
8931-GJJIQ,Yes,Yes,Yes,No,No,No,No,No,Yes
0203-HHYIJ,Yes,Yes,No,No,No,No,No,No,No
0407-BDJKB,Yes,Yes,Yes,No,Yes,Yes,No,Yes,No
4074-SJFFA,Yes,No,Yes,No,No,No,No,No,Yes
4910-GMJOT,Yes,Yes,Yes,No,No,No,No,Yes,Yes
4446-BZKHU,Yes,Yes,Yes,No,Yes,Yes,No,Yes,Yes
0137-OCGAB,Yes,Yes,Yes,No,Yes,No,No,No,No
7593-JNWRU,Yes,No,Yes,No,No,No,No,No,No
7341-LXCAF,Yes,Yes,Yes,No,No,No,No,No,No
9462-MJUAW,Yes,Yes,Yes,No,No,No,No,No,No
6857-VWJDT,Yes,Yes,Yes,No,No,No,No,Yes,Yes
5577-OTWWW,Yes,No,No,No,No,No,No,No,No
4404-HIBDJ,Yes,No,Yes,Yes,Yes,Yes,Yes,Yes,No
7295-JOMMD,Yes,No,Yes,No,No,Yes,Yes,Yes,Yes
6023-YEBUP,Yes,Yes,Yes,No,No,Yes,No,Yes,Yes
7209-JCUDS,Yes,No,Yes,No,No,Yes,No,Yes,Yes
3763-GCZHZ,Yes,Yes,Yes,No,Yes,No,Yes,Yes,Yes
4831-EOBFE,Yes,No,Yes,Yes,No,No,No,Yes,Yes
2002-MZHWP,Yes,No,No,No,No,No,No,No,No
2004-OCQXK,Yes,No,Yes,No,No,No,No,No,Yes
2672-HUYVI,Yes,No,Yes,No,No,No,No,Yes,Yes
0148-DCDOS,Yes,Yes,Yes,No,No,No,No,Yes,Yes
5696-QURRL,Yes,No,Yes,No,No,No,No,No,No
7854-EDSSA,Yes,Yes,Yes,Yes,Yes,No,No,No,No
8869-TORSS,Yes,No,Yes,Yes,No,Yes,Yes,No,No
1481-ZUWZA,Yes,Yes,Yes,Yes,Yes,No,No,No,Yes
7613-LLQFO,Yes,Yes,Yes,No,No,No,No,Yes,No
6127-ISGTU,Yes,Yes,Yes,No,No,No,No,Yes,No
8740-XLHDR,No,No,Yes,Yes,Yes,Yes,Yes,No,No
2858-MOFSQ,Yes,Yes,Yes,No,No,Yes,No,No,No
7005-CCBKV,Yes,No,Yes,No,Yes,No,No,No,Yes
2386-LAHRK,Yes,No,Yes,No,No,No,No,Yes,No
6032-IGALN,No,No,Yes,No,No,No,No,No,No
8809-RIHDD,Yes,Yes,Yes,No,Yes,Yes,No,Yes,Yes
2919-HBCJO,Yes,No,Yes,No,Yes,No,No,No,No
3030-YZADT,Yes,No,Yes,No,No,No,No,No,No
8393-DLHGA,Yes,No,Yes,No,Yes,No,No,Yes,Yes
2834-SPCJV,Yes,No,Yes,Yes,No,No,No,Yes,No
3523-QRQLL,Yes,No,Yes,No,Yes,No,No,Yes,Yes
4013-UBXWQ,Yes,Yes,Yes,No,No,No,Yes,Yes,Yes
5519-NPHVG,Yes,Yes,Yes,No,No,No,No,Yes,Yes
8849-GYOKR,Yes,Yes,Yes,Yes,Yes,No,No,Yes,Yes
0461-CVKMU,Yes,No,Yes,No,Yes,Yes,Yes,No,No
7786-WBJYI,Yes,Yes,Yes,No,Yes,No,No,No,No
0337-CNPZE,Yes,Yes,Yes,No,Yes,Yes,No,Yes,Yes
1513-XNPPH,Yes,No,Yes,No,No,Yes,Yes,No,Yes
6347-DCUIK,Yes,Yes,Yes,No,No,No,No,No,No
1120-BMWUB,Yes,No,Yes,No,Yes,No,Yes,No,No
9124-LHCJQ,Yes,Yes,Yes,No,No,No,No,No,Yes
2235-ZGKPT,Yes,Yes,Yes,No,No,No,No,No,No
3891-PUQOD,Yes,No,Yes,No,No,Yes,No,No,Yes
7526-BEZQB,Yes,Yes,Yes,No,No,No,No,Yes,Yes
4951-UKAAQ,Yes,Yes,Yes,No,Yes,No,No,No,Yes
2947-DOMLJ,Yes,No,Yes,Yes,No,No,No,No,No
4510-HIMLV,Yes,No,Yes,No,No,No,No,No,No
3834-XUIFC,Yes,Yes,Yes,No,No,No,No,No,Yes
3746-EUBYR,Yes,Yes,Yes,No,No,No,No,No,No
9474-PHLYD,Yes,No,Yes,No,No,Yes,No,No,Yes
7594-RQHXR,Yes,No,Yes,No,No,No,No,No,Yes
6331-EWIEB,Yes,Yes,Yes,No,No,No,No,Yes,No
3208-YPIOE,Yes,Yes,Yes,No,No,No,No,No,No
9986-BONCE,Yes,No,No,No,No,No,No,No,No
4083-EUGRJ,Yes,No,No,No,No,No,No,No,No
6410-LEFEN,Yes,No,Yes,No,No,No,No,No,No
5899-MQZZL,Yes,Yes,Yes,No,No,No,No,No,No
3144-AUDBS,Yes,No,Yes,No,No,No,Yes,No,No
1965-DDBWU,Yes,Yes,Yes,No,No,No,Yes,No,Yes
2391-SOORI,Yes,No,Yes,Yes,No,No,No,No,No
2645-QTLMB,Yes,No,Yes,No,Yes,No,No,Yes,Yes
0684-AOSIH,Yes,No,Yes,Yes,No,No,No,Yes,Yes
1725-IQNIY,Yes,No,Yes,Yes,Yes,Yes,Yes,Yes,Yes
2930-UOTMB,Yes,Yes,Yes,Yes,No,Yes,Yes,No,No
2656-TABEH,Yes,Yes,Yes,No,Yes,No,No,Yes,Yes
5089-IFSDP,Yes,Yes,Yes,Yes,Yes,Yes,No,Yes,Yes
1396-QWFBJ,Yes,No,Yes,No,Yes,No,No,No,No
7359-PTSXY,Yes,No,Yes,No,No,No,No,No,No
5759-RCVCB,No,No,Yes,No,No,No,No,Yes,No
6372-RFVNS,Yes,No,Yes,No,No,No,No,Yes,No
8515-OCTJS,Yes,Yes,No,No,No,No,No,No,No
8868-WOZGU,Yes,Yes,Yes,No,Yes,Yes,No,Yes,Yes
7625-XCQRH,Yes,Yes,Yes,No,No,No,No,No,No
2565-JSLRY,Yes,Yes,No,No,No,No,No,No,No
2984-MIIZL,Yes,No,Yes,No,No,Yes,No,No,No
3329-WDIOK,No,No,Yes,No,Yes,No,No,Yes,Yes
2873-ZLIWT,Yes,Yes,Yes,No,No,Yes,Yes,No,No
3415-TAILE,Yes,No,Yes,No,No,No,No,Yes,Yes
1915-IOFGU,Yes,No,Yes,No,No,No,No,No,No
4282-YMKNA,Yes,Yes,Yes,No,No,No,No,No,No
2876-VBBBL,Yes,No,No,No,No,No,No,No,No
2748-MYRVK,Yes,Yes,Yes,No,Yes,No,No,Yes,Yes
4229-CZMLL,Yes,Yes,Yes,No,No,No,No,No,No
3663-MITLP,Yes,No,Yes,No,Yes,Yes,No,Yes,Yes
9025-ZRPVR,Yes,No,No,No,No,No,No,No,No
3737-GCSPV,Yes,Yes,Yes,Yes,No,No,Yes,Yes,No
3519-ZKXGG,Yes,Yes,Yes,No,No,No,No,No,No
3066-RRJIO,Yes,No,Yes,No,No,No,No,No,No
1567-DSCIC,Yes,Yes,Yes,No,Yes,Yes,No,Yes,No
9170-CCKOU,Yes,Yes,Yes,Yes,Yes,Yes,No,No,No
3814-MLAXC,Yes,Yes,Yes,No,No,No,Yes,No,No
1226-UDFZR,Yes,No,Yes,No,Yes,No,No,No,No
2187-LZGPL,No,No,Yes,No,Yes,No,No,No,Yes
1455-ESIQH,Yes,No,Yes,No,No,No,No,Yes,Yes
6121-VZNQB,Yes,No,No,No,No,No,No,No,No
2592-SEIFQ,No,No,Yes,No,No,No,No,No,No
8642-GVWRF,Yes,No,Yes,No,Yes,Yes,No,No,No
3400-ESFUW,Yes,No,Yes,Yes,Yes,No,Yes,No,No
2057-ZBLPD,Yes,Yes,Yes,No,No,No,No,No,Yes
9837-BMCLM,Yes,No,Yes,No,No,No,No,Yes,No
0137-UDEUO,Yes,No,No,No,No,No,No,No,No
6087-MVHJH,Yes,Yes,Yes,No,No,Yes,No,No,Yes
6711-FLDFB,Yes,Yes,Yes,No,No,No,No,No,No
1264-BYWMS,Yes,Yes,Yes,No,No,No,No,Yes,Yes
3934-HXCFZ,Yes,Yes,Yes,Yes,Yes,Yes,No,Yes,No
9647-ERGBE,Yes,Yes,Yes,No,No,Yes,No,Yes,Yes
3428-XZMAZ,Yes,No,Yes,No,No,No,No,No,No
4290-BSXUX,Yes,Yes,Yes,No,No,No,Yes,No,No
4760-XOHVN,Yes,No,No,No,No,No,No,No,No
5219-YIPTK,Yes,Yes,Yes,No,Yes,Yes,No,Yes,Yes
3540-RZJYU,Yes,No,Yes,Yes,No,No,No,Yes,No
3393-FMZPV,Yes,Yes,Yes,No,Yes,No,No,Yes,Yes
6305-YLBMM,Yes,No,Yes,No,Yes,Yes,Yes,Yes,Yes
4274-OWWYO,Yes,No,Yes,No,Yes,No,No,No,No
0637-KVDLV,Yes,Yes,Yes,No,No,No,No,No,No
8740-CRYFY,Yes,No,Yes,No,No,No,No,Yes,No
1678-FYZOW,Yes,No,Yes,No,No,No,No,Yes,No
8627-EHGIP,No,No,Yes,No,Yes,Yes,No,Yes,Yes
0607-DAAHE,Yes,No,No,No,No,No,No,No,No
3721-CNEYS,Yes,No,Yes,No,No,No,No,No,No
8993-PHFWD,No,No,Yes,No,No,No,No,No,No
1565-RHDJD,Yes,Yes,Yes,No,Yes,Yes,No,No,No
6635-MYYYZ,Yes,No,Yes,Yes,Yes,Yes,Yes,Yes,Yes
5378-IKEEG,No,No,Yes,No,No,No,No,Yes,No
6413-XKKPU,Yes,No,Yes,Yes,No,Yes,No,Yes,No
3669-LVWZB,No,No,Yes,No,Yes,No,No,Yes,Yes
3943-KDREE,Yes,Yes,Yes,No,No,No,No,No,No
9239-ZBZZV,No,No,Yes,No,No,Yes,No,Yes,Yes
8292-TYSPY,Yes,No,Yes,No,No,Yes,Yes,No,No
4140-WJAWW,Yes,No,No,No,No,No,No,No,No
6101-IMRMM,Yes,No,Yes,No,No,Yes,No,Yes,Yes
2955-PSXOE,Yes,No,No,No,No,No,No,No,No
5673-TIYIB,No,No,Yes,No,Yes,Yes,Yes,No,No
1602-IJQQE,Yes,Yes,Yes,No,No,No,No,No,No
1644-IRKSF,Yes,No,Yes,No,No,Yes,No,Yes,Yes
1383-EZRWL,Yes,No,No,No,No,No,No,No,No
5980-NOPLP,Yes,Yes,Yes,No,No,No,No,Yes,Yes
1902-XBTFB,Yes,No,Yes,No,Yes,Yes,No,Yes,No
8780-IXSTS,Yes,Yes,Yes,No,Yes,No,No,Yes,No
2082-CEFLT,Yes,No,Yes,No,No,No,No,No,No
1213-NGCUN,Yes,No,Yes,No,No,No,Yes,No,No
3521-SYVOR,Yes,No,Yes,No,No,No,No,Yes,Yes
5649-VUKMC,Yes,No,Yes,No,No,Yes,No,Yes,Yes
0877-SDMBN,Yes,Yes,Yes,Yes,No,Yes,No,Yes,Yes
9689-PTNPG,Yes,No,Yes,No,No,No,No,Yes,No
0843-WTBXE,Yes,Yes,Yes,No,No,No,No,Yes,No
1597-FZREH,Yes,No,Yes,No,No,Yes,Yes,Yes,Yes
6141-OOXUQ,Yes,No,No,No,No,No,No,No,No
7503-ZGUZJ,Yes,Yes,Yes,No,No,No,No,Yes,No
3803-KMQFW,Yes,No,No,No,No,No,No,No,No
4929-BSTRX,Yes,No,Yes,No,No,No,No,Yes,No
5271-YNWVR,Yes,Yes,Yes,Yes,Yes,Yes,Yes,Yes,Yes
4667-OHGKG,Yes,No,No,No,No,No,No,No,No
4818-DRBQT,Yes,Yes,Yes,No,Yes,No,No,No,No
1493-AMTIE,Yes,No,No,No,No,No,No,No,No
6424-ELEYH,Yes,Yes,Yes,No,No,No,No,No,No
4391-RESHN,Yes,Yes,Yes,No,No,Yes,Yes,Yes,Yes
0601-WZHJF,No,No,Yes,No,No,No,No,Yes,Yes
5196-SGOAK,Yes,No,Yes,No,Yes,No,No,No,No
9840-DVNDC,Yes,No,Yes,No,No,No,No,Yes,No
4817-QRJSX,Yes,Yes,Yes,No,Yes,No,No,No,No
3422-LYEPQ,Yes,No,Yes,No,No,No,No,No,No
9507-EXLTT,Yes,No,Yes,No,No,No,No,Yes,No
3538-WZPHD,No,No,Yes,No,Yes,No,No,No,No
8610-WFCJF,Yes,Yes,Yes,No,No,No,No,Yes,Yes
7881-INRLC,Yes,Yes,Yes,No,Yes,No,No,Yes,Yes
0117-LFRMW,No,No,Yes,Yes,Yes,Yes,No,No,No
6172-FECYY,Yes,Yes,Yes,No,No,No,No,Yes,No
4192-GORJT,Yes,No,Yes,No,No,Yes,No,Yes,Yes
7951-QKZPL,Yes,Yes,No,No,No,No,No,No,No
3640-PHQXK,Yes,Yes,Yes,No,No,Yes,No,No,Yes
9033-EOXWV,Yes,Yes,Yes,No,No,No,Yes,Yes,Yes
1522-VVDMG,Yes,No,Yes,No,Yes,No,Yes,Yes,No
9661-ACXBS,Yes,Yes,Yes,Yes,No,Yes,No,Yes,Yes
5095-AESKG,Yes,Yes,Yes,No,Yes,No,No,No,Yes
1871-MOWRM,Yes,No,Yes,Yes,No,No,Yes,No,No
0519-XUZJU,Yes,No,Yes,No,No,No,No,No,No
7568-PODML,No,No,Yes,No,No,No,No,Yes,Yes
3063-QFSZL,Yes,No,Yes,No,No,No,No,No,Yes
9249-FXSCK,Yes,Yes,Yes,Yes,Yes,No,Yes,Yes,Yes
3982-XWFZQ,Yes,Yes,Yes,No,No,No,No,No,No
6776-TLWOI,Yes,No,No,No,No,No,No,No,No
4077-CROMM,Yes,Yes,Yes,No,No,Yes,Yes,Yes,Yes
2842-JTCCU,Yes,No,Yes,No,No,No,No,No,No
8878-HMWBV,Yes,No,Yes,No,No,Yes,No,No,No
6615-ZGEDR,Yes,No,No,No,No,No,No,No,No
8079-XRJRS,Yes,Yes,Yes,Yes,Yes,Yes,No,No,No
7851-FLGGQ,No,No,Yes,No,Yes,No,Yes,No,Yes
3058-HJCUY,Yes,Yes,Yes,No,No,Yes,Yes,Yes,Yes
0807-ZABDG,Yes,No,Yes,Yes,No,No,Yes,No,No
5748-RNCJT,Yes,Yes,Yes,No,No,Yes,Yes,Yes,Yes
2100-BDNSN,Yes,Yes,Yes,No,No,Yes,Yes,Yes,No
0488-GSLFR,Yes,No,Yes,No,No,No,No,No,No
5708-EVONK,Yes,Yes,Yes,Yes,Yes,No,No,No,Yes
2754-VDLTR,Yes,Yes,Yes,No,No,No,No,Yes,Yes
5712-PTIWW,Yes,No,Yes,No,No,Yes,Yes,No,No
2856-HYAPG,Yes,No,Yes,No,No,No,No,No,No
1031-IIDEO,Yes,No,Yes,No,No,No,No,No,No
4701-AHWMW,No,No,Yes,No,No,Yes,Yes,Yes,Yes
4592-IWTJI,No,No,Yes,Yes,No,No,No,No,No
4662-EKDPQ,Yes,Yes,Yes,No,No,No,No,No,Yes
9259-PACGQ,Yes,Yes,Yes,Yes,Yes,No,Yes,No,No
2810-FTLEM,Yes,No,Yes,Yes,No,No,No,No,No
1925-TIBLE,Yes,Yes,Yes,No,No,No,No,Yes,No
1447-GIQMR,Yes,No,Yes,No,No,No,No,No,No
8182-PNAGI,Yes,No,Yes,No,No,No,Yes,No,No
2180-DXNEG,Yes,No,Yes,No,No,Yes,No,Yes,Yes
9863-JZAIC,Yes,No,Yes,No,No,No,No,Yes,No
2446-PLQVO,Yes,No,Yes,No,No,No,No,No,No
8784-CGILN,Yes,Yes,Yes,No,No,No,Yes,Yes,Yes
6618-RYATB,Yes,Yes,Yes,No,No,Yes,No,No,No
9079-YEXQJ,Yes,Yes,Yes,No,Yes,Yes,Yes,Yes,Yes
0402-CQAJN,Yes,Yes,Yes,No,Yes,Yes,No,Yes,Yes
4501-EQDRN,Yes,No,Yes,No,No,No,No,No,No
2990-HWIML,Yes,No,Yes,No,No,No,No,Yes,Yes
7603-USHJS,Yes,Yes,Yes,No,No,No,No,No,No
5876-HZVZM,Yes,No,Yes,Yes,Yes,No,No,No,No
5570-PTWEH,Yes,Yes,Yes,No,No,No,No,No,No
6394-MFYNG,Yes,Yes,Yes,No,Yes,Yes,No,Yes,Yes
8155-IBNHG,Yes,Yes,Yes,No,No,No,No,No,No
2108-XWMPY,No,No,Yes,Yes,Yes,No,No,No,No
6304-IJFSQ,Yes,No,Yes,No,Yes,No,No,No,No
1122-JWTJW,Yes,No,Yes,No,No,No,No,No,No
0639-TSIQW,Yes,Yes,Yes,Yes,Yes,Yes,No,Yes,No
8012-SOUDQ,Yes,Yes,Yes,No,Yes,No,No,Yes,No
4667-QONEA,Yes,No,Yes,Yes,Yes,Yes,Yes,No,Yes
0191-ZHSKZ,Yes,No,Yes,Yes,Yes,No,No,Yes,Yes
1131-QQZEB,Yes,Yes,No,No,No,No,No,No,No
5046-NUHWD,No,No,Yes,Yes,No,Yes,No,No,Yes
4716-HHKQH,Yes,Yes,Yes,No,Yes,No,Yes,Yes,Yes
4847-TAJYI,Yes,No,Yes,No,No,No,No,Yes,Yes
3167-SNQPL,Yes,Yes,Yes,No,Yes,No,No,Yes,Yes
5701-YVSVF,Yes,No,Yes,No,No,No,Yes,Yes,No
6035-BXTTY,Yes,No,Yes,No,Yes,No,Yes,No,No
4654-DLAMQ,Yes,No,Yes,Yes,Yes,Yes,No,No,Yes
3351-NGXYI,Yes,Yes,Yes,Yes,No,No,No,No,No
0224-RLWWD,Yes,No,Yes,No,No,No,No,No,No
3951-NJCVI,Yes,Yes,Yes,No,No,No,No,Yes,Yes
5628-RKIFK,Yes,Yes,Yes,Yes,No,No,No,Yes,Yes
3780-DDGSE,Yes,No,Yes,No,Yes,No,Yes,Yes,Yes
4109-CYRBD,Yes,Yes,Yes,No,No,No,No,No,No
1297-VQDRP,Yes,Yes,Yes,No,No,Yes,Yes,Yes,Yes
7025-WCBNE,Yes,Yes,Yes,No,Yes,No,Yes,No,No
6797-UCJHZ,Yes,Yes,Yes,No,Yes,Yes,No,Yes,Yes
6952-OMNWB,Yes,Yes,Yes,No,No,Yes,No,No,No
6919-ELBGL,Yes,Yes,Yes,Yes,Yes,Yes,Yes,Yes,Yes
7508-SMHXL,Yes,Yes,Yes,No,Yes,No,No,Yes,No
6630-UJZMY,Yes,Yes,Yes,No,No,No,No,Yes,No
8883-GRDWQ,Yes,No,Yes,Yes,No,No,Yes,No,No
2176-LVPNX,Yes,Yes,Yes,Yes,Yes,Yes,Yes,Yes,Yes
1641-RQDAY,Yes,Yes,Yes,No,Yes,No,No,Yes,Yes
8089-UZWLX,Yes,Yes,Yes,No,No,Yes,No,Yes,Yes
1543-LLLFT,Yes,Yes,Yes,No,Yes,Yes,Yes,Yes,No
9220-ZNKJI,Yes,No,Yes,No,No,Yes,Yes,Yes,No
5651-WYIPH,Yes,No,Yes,No,Yes,No,No,No,No
9290-SHCMB,Yes,No,Yes,No,No,Yes,No,Yes,Yes
2277-BKJKN,Yes,No,Yes,No,Yes,Yes,No,Yes,Yes
8016-ZMGMO,Yes,Yes,Yes,No,Yes,Yes,No,Yes,No
2811-POVEX,Yes,No,Yes,No,Yes,Yes,No,No,Yes
7905-NJMXS,Yes,Yes,Yes,Yes,Yes,No,Yes,No,No
9957-YODKZ,Yes,Yes,Yes,No,No,Yes,No,No,No
3223-DWFIO,Yes,No,Yes,No,No,No,No,No,No
0993-OSGPT,Yes,No,Yes,No,Yes,Yes,Yes,No,No
9906-NHHVC,No,No,Yes,No,Yes,Yes,No,Yes,Yes
6374-NTQLP,Yes,No,Yes,Yes,No,Yes,Yes,Yes,Yes
5935-FCCNB,Yes,Yes,Yes,No,No,No,No,Yes,Yes
9705-IOVQQ,Yes,Yes,Yes,No,Yes,No,No,Yes,Yes
2070-XYMFH,Yes,Yes,Yes,No,No,Yes,No,No,No
7105-MXJLL,Yes,No,Yes,No,No,Yes,No,No,Yes
1636-NTNCO,No,No,Yes,No,Yes,No,No,Yes,Yes
1845-CSBRZ,Yes,Yes,Yes,No,No,No,No,Yes,No
8309-IEYJD,Yes,No,Yes,No,No,No,No,No,No
7361-YPXFS,Yes,Yes,Yes,No,Yes,Yes,Yes,No,No
6557-BZXLQ,Yes,No,Yes,No,No,No,No,No,No
7375-WMVMT,Yes,No,Yes,No,Yes,Yes,Yes,No,Yes
7322-OCWHC,Yes,Yes,Yes,Yes,Yes,Yes,Yes,No,No
5732-IKGQH,Yes,No,Yes,Yes,No,Yes,Yes,Yes,Yes
9168-INPSZ,Yes,Yes,Yes,No,No,Yes,Yes,Yes,Yes
9796-MVYXX,No,No,Yes,Yes,No,Yes,Yes,No,No
2573-GYRUU,Yes,Yes,Yes,No,No,Yes,No,No,Yes
1197-BVMVG,Yes,Yes,Yes,No,No,No,No,No,No
9796-BPKIW,Yes,No,Yes,No,No,No,No,No,No
9137-NOQKA,Yes,No,No,No,No,No,No,No,No
6463-MVYRY,Yes,No,Yes,Yes,No,Yes,Yes,Yes,No
8628-MFKAX,Yes,Yes,Yes,Yes,Yes,Yes,Yes,Yes,Yes
9508-ILZDG,Yes,Yes,Yes,No,Yes,No,Yes,Yes,No
4295-YURET,Yes,No,Yes,Yes,No,No,Yes,Yes,Yes
2452-KDRRH,Yes,Yes,Yes,No,No,Yes,No,Yes,Yes
2761-XECQW,No,No,Yes,No,Yes,Yes,No,No,Yes
7740-BTPUX,Yes,Yes,Yes,No,Yes,Yes,Yes,Yes,Yes
4176-RELJR,Yes,Yes,No,No,No,No,No,No,No
6860-YRJZP,Yes,Yes,Yes,No,No,No,No,No,No
9844-FELAJ,Yes,Yes,Yes,No,Yes,Yes,Yes,Yes,Yes
3629-ZNKXA,Yes,No,Yes,No,Yes,Yes,No,Yes,Yes
4827-LTQRJ,Yes,Yes,Yes,Yes,Yes,No,Yes,Yes,Yes
1125-SNVCK,Yes,No,Yes,No,No,No,No,No,No
6773-LQTVT,No,No,Yes,No,Yes,Yes,No,No,No
3982-DQLUS,Yes,Yes,Yes,Yes,Yes,No,No,No,No
3756-VNWDH,Yes,Yes,Yes,Yes,No,No,No,Yes,Yes
2921-XWDJH,Yes,No,Yes,Yes,No,No,No,No,Yes
1568-BEKZM,Yes,Yes,Yes,Yes,Yes,Yes,Yes,Yes,Yes
6185-TASNN,Yes,No,Yes,No,No,No,No,No,No
1925-LFCZZ,No,No,Yes,No,No,Yes,No,Yes,Yes
9819-FBNSV,Yes,No,Yes,No,No,No,No,No,No
5699-BNCAS,Yes,Yes,No,No,No,No,No,No,No
5288-AHOUP,Yes,No,Yes,No,No,No,No,No,Yes
4415-WNGVR,Yes,No,Yes,Yes,No,Yes,Yes,Yes,Yes
1080-BWSYE,Yes,Yes,No,No,No,No,No,No,No
3786-WOVKF,Yes,Yes,Yes,Yes,Yes,No,No,Yes,Yes
9278-VZKCD,Yes,Yes,Yes,Yes,Yes,Yes,No,Yes,Yes
6173-GOLSU,Yes,Yes,Yes,No,No,No,No,Yes,Yes
8720-RQSBJ,Yes,No,Yes,No,No,No,No,No,No
7130-CTCUS,Yes,No,Yes,Yes,Yes,No,No,No,No
3657-COGMW,Yes,Yes,Yes,Yes,Yes,Yes,No,Yes,Yes
4334-HOWRP,No,No,Yes,Yes,Yes,Yes,Yes,Yes,Yes
2688-BHGOG,Yes,No,Yes,No,No,No,No,No,Yes
0916-QOFDP,Yes,Yes,Yes,No,No,No,No,Yes,Yes
3836-FZSDJ,Yes,Yes,No,No,No,No,No,No,No
0187-QSXOE,Yes,No,Yes,No,No,No,No,Yes,Yes
4395-PZMSN,Yes,No,Yes,No,Yes,No,No,No,Yes
5451-YHYPW,Yes,Yes,Yes,Yes,Yes,Yes,Yes,Yes,Yes
7044-YAACC,Yes,No,Yes,No,No,No,No,No,No
2674-MLXMN,Yes,Yes,Yes,No,Yes,No,No,Yes,Yes
7576-JMYWV,Yes,Yes,Yes,Yes,Yes,No,Yes,Yes,Yes
1608-GMEWB,Yes,Yes,Yes,No,No,No,No,Yes,Yes
9518-XXBXE,Yes,No,Yes,Yes,No,No,No,No,No
8065-BVEPF,Yes,No,Yes,No,Yes,Yes,No,Yes,Yes
8755-IWJHN,Yes,Yes,Yes,No,Yes,Yes,No,No,Yes
8024-XNAFQ,Yes,Yes,Yes,Yes,Yes,Yes,Yes,No,Yes
7813-ZGGAW,Yes,Yes,Yes,No,No,Yes,Yes,Yes,No
8760-ZRHKE,Yes,Yes,Yes,Yes,Yes,No,No,Yes,No
3339-EAQNV,Yes,Yes,Yes,No,Yes,No,No,Yes,Yes
8875-AKBYH,Yes,Yes,Yes,No,No,No,No,Yes,No
1394-SUIUH,Yes,No,Yes,Yes,Yes,No,Yes,No,No
5117-IFGPS,Yes,Yes,Yes,No,No,No,No,No,Yes
3320-VEOYC,Yes,Yes,Yes,No,No,No,No,Yes,Yes
9758-MFWGD,No,No,Yes,No,Yes,No,No,No,No
1360-JYXKQ,Yes,No,Yes,No,No,Yes,Yes,Yes,Yes
6925-BAYGL,Yes,Yes,No,No,No,No,No,No,No
4135-FRWKJ,Yes,Yes,Yes,Yes,No,Yes,Yes,Yes,No
6551-ZCOTS,Yes,Yes,No,No,No,No,No,No,No
4119-ZYPZY,Yes,Yes,Yes,No,Yes,No,Yes,Yes,Yes
3001-UNBTL,Yes,Yes,Yes,No,No,Yes,No,Yes,Yes
0786-IVLAW,Yes,Yes,Yes,No,Yes,Yes,No,Yes,Yes
4282-ACRXS,No,No,Yes,No,No,No,No,No,No
5419-JKZNQ,Yes,Yes,Yes,No,No,No,No,No,No
1409-PHXTF,Yes,Yes,Yes,No,Yes,Yes,Yes,Yes,Yes
6723-WSNTY,Yes,Yes,Yes,No,Yes,Yes,Yes,Yes,Yes
6435-VWCCY,Yes,Yes,Yes,Yes,Yes,No,No,Yes,No
0248-PGHBZ,Yes,No,Yes,Yes,Yes,No,Yes,Yes,No
5985-BEHZK,Yes,Yes,Yes,No,Yes,Yes,No,Yes,Yes
9279-CJEOJ,Yes,Yes,Yes,No,No,No,No,Yes,Yes
8029-XYPWT,Yes,Yes,Yes,Yes,Yes,Yes,Yes,Yes,Yes
6646-JPPHA,Yes,No,Yes,Yes,Yes,No,No,No,No
7658-UYUQS,Yes,No,Yes,No,No,Yes,No,Yes,No
8133-ANHHJ,Yes,Yes,Yes,Yes,Yes,Yes,Yes,No,Yes
1707-HABPF,Yes,No,Yes,No,Yes,Yes,No,Yes,No
6847-KJLTS,Yes,Yes,Yes,No,No,No,Yes,Yes,Yes
4619-EVPHY,Yes,No,Yes,No,No,No,No,Yes,Yes
4462-CYWMH,Yes,Yes,Yes,No,Yes,No,No,No,Yes
2522-WLNSF,Yes,No,Yes,No,No,Yes,Yes,Yes,No
0795-XCCTE,Yes,Yes,No,No,No,No,No,No,No
1580-BMCMR,Yes,No,Yes,Yes,No,No,No,No,Yes
4199-QHJNM,Yes,Yes,Yes,No,Yes,No,Yes,Yes,Yes
2384-OVPSA,Yes,No,No,No,No,No,No,No,No
5539-HIVAK,Yes,Yes,No,No,No,No,No,No,No
4583-PARNH,Yes,No,Yes,No,No,Yes,Yes,No,Yes
1421-HCERK,Yes,Yes,Yes,Yes,Yes,Yes,Yes,Yes,No
1697-NVVGY,Yes,No,Yes,Yes,No,Yes,No,Yes,No
4976-LNFVV,No,No,Yes,No,Yes,Yes,No,No,No
2077-MPJQO,Yes,Yes,Yes,No,No,No,No,No,No
4118-CEVPF,Yes,Yes,Yes,Yes,Yes,Yes,Yes,Yes,Yes
9693-XMUOB,No,No,Yes,No,Yes,No,No,Yes,Yes
9943-VSZUV,Yes,Yes,Yes,No,No,No,No,No,No
0282-NVSJS,No,No,Yes,No,No,No,Yes,No,No
4750-UKWJK,Yes,No,No,No,No,No,No,No,No
4884-ZTHVF,Yes,No,Yes,No,Yes,No,No,Yes,No
6383-ZTSIW,Yes,No,Yes,Yes,Yes,No,No,Yes,Yes
0118-JPNOY,Yes,No,Yes,Yes,No,No,No,Yes,No
0644-OQMDK,Yes,No,Yes,No,No,No,No,No,No
0439-IFYUN,Yes,No,Yes,No,Yes,No,No,No,No
5188-HGMLP,Yes,Yes,Yes,No,No,No,No,No,No
5331-RGMTT,Yes,Yes,Yes,No,No,Yes,No,Yes,Yes
5298-GSTLM,Yes,Yes,Yes,Yes,No,No,No,Yes,Yes
5119-NZPTV,Yes,No,Yes,No,No,No,No,No,No
0230-UBYPQ,No,No,Yes,Yes,No,No,Yes,No,No
3798-EPWRR,Yes,No,Yes,No,No,No,No,No,No
5481-NTDOH,Yes,Yes,Yes,Yes,No,Yes,No,Yes,Yes
0749-IRGQE,No,No,Yes,No,No,No,No,Yes,Yes
7471-MQPOS,Yes,Yes,Yes,No,Yes,Yes,Yes,No,Yes
6120-RJKLU,Yes,No,Yes,Yes,No,Yes,Yes,Yes,Yes
2267-WTPYD,Yes,Yes,Yes,No,Yes,Yes,No,No,Yes
8065-QBYTO,Yes,Yes,Yes,Yes,Yes,No,Yes,Yes,No
6211-WHMYA,No,No,Yes,No,Yes,No,Yes,Yes,No
2451-YMUXS,Yes,Yes,Yes,Yes,Yes,No,Yes,No,No
4690-PKDQG,Yes,Yes,Yes,No,Yes,Yes,No,Yes,No
5981-ZVXOT,Yes,Yes,Yes,Yes,Yes,Yes,No,Yes,Yes
7590-VHVEG,No,No,Yes,No,Yes,No,No,No,No
1452-KIOVK,Yes,Yes,Yes,No,Yes,No,No,Yes,No
8191-XWSZG,Yes,No,No,No,No,No,No,No,No
6322-HRPFA,Yes,No,Yes,Yes,Yes,No,Yes,No,No
6234-RAAPL,Yes,Yes,Yes,Yes,Yes,No,Yes,Yes,No
7410-OIEDU,Yes,No,Yes,Yes,No,Yes,No,No,No
0731-EBJQB,Yes,No,No,No,No,No,No,No,No
8028-PNXHQ,Yes,Yes,No,No,No,No,No,No,No
5630-AHZIL,Yes,No,Yes,Yes,No,No,Yes,No,Yes
5590-ZSKRV,Yes,No,Yes,Yes,Yes,No,No,No,No
0318-ZOPWS,Yes,No,No,No,No,No,No,No,No
2796-NNUFI,Yes,No,No,No,No,No,No,No,No
6067-NGCEU,Yes,Yes,Yes,Yes,Yes,Yes,No,Yes,Yes
3212-KXOCR,Yes,No,No,No,No,No,No,No,No
3679-XASPY,Yes,No,No,No,No,No,No,No,No
6728-DKUCO,Yes,Yes,Yes,Yes,Yes,No,No,Yes,Yes
5256-SKJGO,No,No,Yes,No,Yes,No,Yes,Yes,Yes
9560-BBZXK,No,No,Yes,Yes,No,No,No,No,No
1091-SOZGA,Yes,Yes,Yes,No,No,Yes,No,Yes,Yes
3774-VBNXY,Yes,No,No,No,No,No,No,No,No
2636-SJDOU,Yes,Yes,Yes,Yes,Yes,No,No,No,No
6837-BJYDQ,Yes,No,No,No,No,No,No,No,No
3466-BYAVD,Yes,No,Yes,No,Yes,Yes,Yes,No,Yes
3780-YVMFA,Yes,No,Yes,No,No,No,Yes,Yes,Yes
3077-RSNTJ,Yes,No,No,No,No,No,No,No,No
7554-NEWDD,Yes,Yes,No,No,No,No,No,No,No
8992-VONJD,Yes,No,Yes,Yes,Yes,No,No,No,No
2907-ILJBN,Yes,No,No,No,No,No,No,No,No
1159-WFSGR,Yes,No,No,No,No,No,No,No,No
7654-YWJUF,Yes,No,Yes,Yes,No,Yes,Yes,No,No
1744-JHKYS,Yes,Yes,No,No,No,No,No,No,No
8017-UVSZU,Yes,Yes,Yes,No,Yes,No,No,No,No
7100-FQPRV,Yes,Yes,Yes,Yes,No,No,Yes,No,Yes
2984-RGEYA,Yes,No,No,No,No,No,No,No,No
6168-YBYNP,Yes,Yes,Yes,No,Yes,Yes,Yes,Yes,Yes
9142-KZXOP,Yes,No,Yes,No,No,No,No,No,No
6348-SNFUS,No,No,Yes,Yes,Yes,Yes,Yes,No,Yes
7157-SMCFK,Yes,No,No,No,No,No,No,No,No
0230-WEQUW,No,No,Yes,Yes,Yes,Yes,Yes,Yes,No
6496-JDSSB,Yes,No,Yes,No,No,No,No,Yes,No
5961-VUSRV,Yes,No,No,No,No,No,No,No,No
6341-JVQGF,Yes,No,Yes,Yes,No,Yes,Yes,Yes,Yes
4811-JBUVU,Yes,Yes,Yes,No,No,No,Yes,No,Yes
7083-MIOPC,Yes,No,No,No,No,No,No,No,No
7605-BDWDC,No,No,Yes,Yes,Yes,No,Yes,No,Yes
1950-KSVVJ,Yes,Yes,Yes,Yes,Yes,Yes,Yes,Yes,Yes
6292-TOSSS,Yes,Yes,No,No,No,No,No,No,No
7633-MVPUY,Yes,No,Yes,Yes,Yes,No,Yes,No,No
1563-IWQEX,Yes,No,No,No,No,No,No,No,No
8266-VBFQL,Yes,No,Yes,No,No,Yes,Yes,No,Yes
2240-HSJQD,Yes,Yes,Yes,No,Yes,No,No,No,No
9880-TDQAC,No,No,Yes,No,Yes,Yes,Yes,Yes,Yes
2088-IEBAU,Yes,Yes,Yes,Yes,Yes,Yes,Yes,Yes,Yes
7982-VCELR,Yes,No,Yes,No,Yes,No,No,Yes,Yes
6885-PKOAM,Yes,Yes,Yes,Yes,Yes,Yes,Yes,Yes,Yes
5924-SNGKP,Yes,No,No,No,No,No,No,No,No
8966-SNIZF,Yes,No,No,No,No,No,No,No,No
6243-OZGFH,No,No,Yes,No,No,No,No,Yes,Yes
8984-EYLLL,Yes,Yes,Yes,No,Yes,No,Yes,Yes,Yes
9571-EDEBV,Yes,Yes,Yes,No,No,Yes,No,Yes,Yes
3520-FJGCV,Yes,Yes,Yes,Yes,Yes,Yes,Yes,Yes,Yes
6122-EFVKN,No,No,Yes,Yes,No,No,Yes,No,No
2805-EDJPQ,Yes,Yes,Yes,No,Yes,Yes,Yes,No,Yes
6862-CQUMB,Yes,No,Yes,No,Yes,No,No,Yes,Yes
1708-PBBOA,No,No,Yes,Yes,Yes,Yes,Yes,No,Yes
5495-GPSRW,Yes,No,No,No,No,No,No,No,No
7916-VCCPB,Yes,No,Yes,No,Yes,No,No,No,No
7663-ZTEGJ,Yes,Yes,Yes,No,Yes,Yes,Yes,No,Yes
3935-TBRZZ,Yes,Yes,No,No,No,No,No,No,No
8734-DKSTZ,Yes,Yes,Yes,No,No,No,No,No,Yes
7781-HVGMK,No,No,Yes,Yes,Yes,Yes,Yes,Yes,Yes
2181-UAESM,Yes,No,Yes,Yes,No,Yes,No,No,No
4980-URKXC,Yes,No,No,No,No,No,No,No,No
3577-AMVUX,Yes,No,Yes,No,No,Yes,Yes,No,No
0206-TBWLC,Yes,Yes,Yes,Yes,Yes,Yes,Yes,Yes,Yes
6614-VBEGU,Yes,No,Yes,No,Yes,No,No,Yes,Yes
5968-XQIVE,Yes,Yes,Yes,No,Yes,No,No,Yes,No
1304-BCCFO,Yes,No,Yes,No,No,Yes,No,Yes,Yes
4431-EDMIQ,Yes,No,Yes,Yes,Yes,Yes,Yes,Yes,No
5168-MQQCA,Yes,Yes,Yes,No,Yes,Yes,Yes,Yes,Yes
3649-JPUGY,Yes,Yes,Yes,No,Yes,Yes,Yes,Yes,Yes
3957-HHLMR,Yes,Yes,Yes,Yes,No,No,No,No,Yes
5736-YEJAX,Yes,Yes,Yes,Yes,Yes,Yes,Yes,Yes,No
5791-KAJFD,Yes,Yes,Yes,Yes,No,Yes,No,No,Yes
1154-HYWWO,Yes,No,Yes,Yes,Yes,No,Yes,Yes,No
7319-VENRZ,Yes,No,Yes,No,No,Yes,Yes,Yes,No
5781-RFZRP,Yes,Yes,Yes,Yes,Yes,No,Yes,Yes,No
0742-LAFQK,Yes,Yes,Yes,Yes,Yes,Yes,No,No,Yes
0795-LAFGP,Yes,Yes,Yes,Yes,Yes,Yes,Yes,Yes,Yes
8208-EUMTE,No,No,Yes,Yes,Yes,Yes,Yes,Yes,No
1710-RCXUS,Yes,Yes,Yes,No,Yes,No,No,No,Yes
0374-FIUCA,Yes,No,No,No,No,No,No,No,No
5839-SUYVZ,Yes,No,Yes,No,No,No,Yes,No,No
4723-BEGSG,Yes,Yes,Yes,Yes,No,Yes,Yes,Yes,Yes
8672-OAUPW,Yes,No,Yes,No,No,No,Yes,No,No
2804-ETQDK,Yes,No,No,No,No,No,No,No,No
9396-ZSFLL,Yes,Yes,Yes,No,No,No,No,No,No
1775-KWJKQ,Yes,Yes,Yes,Yes,Yes,Yes,Yes,Yes,Yes
7954-MLBUN,Yes,No,Yes,No,No,Yes,Yes,Yes,Yes
2077-DDHJK,Yes,Yes,Yes,Yes,Yes,Yes,Yes,No,No
8404-VLQFB,Yes,Yes,No,No,No,No,No,No,No
8100-PNJMH,Yes,Yes,Yes,Yes,Yes,Yes,Yes,Yes,Yes
3030-ZKIWL,Yes,No,No,No,No,No,No,No,No
8755-OGKNA,Yes,No,No,No,No,No,No,No,No
2800-VEQXM,Yes,No,Yes,No,No,Yes,No,No,No
2324-AALNO,Yes,Yes,No,No,No,No,No,No,No
5760-IFJOZ,Yes,Yes,Yes,No,Yes,Yes,No,Yes,Yes
1536-HBSWP,Yes,No,Yes,No,No,No,Yes,No,No
5313-FPXWG,Yes,Yes,No,No,No,No,No,No,No
6663-JOCQO,Yes,Yes,Yes,Yes,Yes,No,Yes,No,Yes
8338-QIUNR,Yes,Yes,Yes,Yes,No,Yes,Yes,No,No
0114-IGABW,No,No,Yes,No,Yes,Yes,Yes,Yes,Yes
4697-LUPSU,Yes,No,No,No,No,No,No,No,No
8434-VGEQQ,Yes,No,No,No,No,No,No,No,No
6621-YOBKI,Yes,No,No,No,No,No,No,No,No
8224-IVVPA,Yes,No,Yes,Yes,Yes,No,No,No,No
0030-FNXPP,Yes,No,No,No,No,No,No,No,No
4718-DHSMV,No,No,Yes,No,No,No,No,Yes,No
8728-SKJLR,Yes,No,Yes,No,No,No,Yes,No,No
3758-CKOQL,Yes,Yes,Yes,Yes,Yes,Yes,Yes,No,Yes
6286-ZHAOK,Yes,Yes,No,No,No,No,No,No,No
3807-XHCJH,Yes,No,No,No,No,No,No,No,No
8859-AXJZP,Yes,Yes,No,No,No,No,No,No,No
3174-AKMAS,Yes,No,Yes,No,Yes,No,Yes,Yes,No
8098-TDCBU,Yes,Yes,No,No,No,No,No,No,No
3551-GAEGL,No,No,Yes,Yes,No,No,No,No,No
3196-NVXLZ,Yes,Yes,Yes,No,No,No,No,Yes,No
0036-IHMOT,Yes,No,Yes,No,Yes,Yes,Yes,Yes,Yes
9146-JRIOX,Yes,Yes,No,No,No,No,No,No,No
4625-LAMOB,Yes,No,No,No,No,No,No,No,No
0392-BZIUW,Yes,Yes,Yes,Yes,No,Yes,No,Yes,Yes
6549-NNDYT,No,No,Yes,Yes,No,No,No,No,No
2316-ESMLS,No,No,Yes,Yes,No,No,Yes,No,No
7905-TVXTA,Yes,No,Yes,Yes,No,No,Yes,Yes,No
5275-PMFUT,No,No,Yes,Yes,Yes,Yes,Yes,Yes,Yes
9777-IQHWP,Yes,Yes,Yes,Yes,No,Yes,No,No,Yes
4713-ZBURT,Yes,Yes,Yes,No,No,Yes,No,Yes,Yes
3050-GBUSH,No,No,Yes,No,No,No,No,Yes,No
5170-PTRKA,No,No,Yes,Yes,No,No,Yes,No,No
0048-LUMLS,Yes,No,Yes,No,No,No,No,Yes,Yes
7997-EASSD,Yes,Yes,Yes,No,No,No,Yes,No,No
0730-KOAVE,Yes,Yes,Yes,Yes,Yes,No,No,No,Yes
0678-RLHVP,Yes,Yes,Yes,No,Yes,Yes,No,Yes,Yes
1051-GEJLJ,Yes,No,No,No,No,No,No,No,No
0379-DJQHR,Yes,No,Yes,Yes,Yes,Yes,No,Yes,Yes
3865-YIOTT,Yes,Yes,Yes,Yes,No,Yes,No,Yes,Yes
6024-RUGGH,Yes,Yes,No,No,No,No,No,No,No
5149-TGWDZ,Yes,No,Yes,No,Yes,Yes,Yes,Yes,Yes
9199-PWQVC,Yes,Yes,Yes,Yes,Yes,No,No,Yes,Yes
5787-KXGIY,Yes,No,No,No,No,No,No,No,No
5709-LVOEQ,Yes,No,Yes,Yes,Yes,Yes,No,Yes,Yes
0835-DUUIQ,Yes,No,No,No,No,No,No,No,No
6115-ZTBFQ,No,No,Yes,Yes,Yes,Yes,Yes,Yes,Yes
6169-PPETC,Yes,No,No,No,No,No,No,No,No
4002-BQWPQ,Yes,Yes,Yes,Yes,Yes,Yes,Yes,No,Yes
5002-GCQFH,Yes,Yes,Yes,Yes,Yes,No,No,Yes,No
6461-PPAXN,Yes,No,Yes,Yes,No,No,Yes,No,No
1206-EHBDD,Yes,No,Yes,Yes,No,Yes,No,No,No
9361-YNQWJ,Yes,Yes,No,No,No,No,No,No,No
6732-FZUGP,Yes,Yes,Yes,Yes,No,Yes,No,Yes,No
1352-VHKAJ,Yes,Yes,Yes,No,No,No,Yes,Yes,Yes
8146-QQKZH,Yes,No,Yes,Yes,No,Yes,Yes,Yes,Yes
4581-LNWUM,No,No,Yes,No,No,Yes,No,Yes,Yes
4869-EPIUS,Yes,No,Yes,No,No,No,No,No,Yes
7296-PIXQY,Yes,No,Yes,No,No,No,No,No,No
3524-WQDSG,Yes,Yes,Yes,No,No,Yes,No,Yes,Yes
3845-JHAMY,No,No,Yes,No,No,No,No,No,Yes
1730-VFMWO,Yes,No,Yes,No,No,No,Yes,No,No
4121-AGSIN,Yes,Yes,No,No,No,No,No,No,No
0455-XFASS,Yes,No,Yes,No,No,No,No,No,No
8659-IOOPU,Yes,Yes,Yes,Yes,No,Yes,Yes,No,Yes
4712-UYOOI,Yes,No,No,No,No,No,No,No,No
6891-JPYFF,Yes,Yes,Yes,Yes,Yes,No,No,Yes,Yes
1047-NNCBF,Yes,No,Yes,No,No,No,No,No,No
3696-XRIEN,Yes,Yes,Yes,Yes,No,Yes,Yes,Yes,Yes
9330-DHBFL,Yes,No,Yes,Yes,Yes,Yes,Yes,No,No
5859-HZYLF,Yes,No,No,No,No,No,No,No,No
3156-QLHBO,Yes,No,No,No,No,No,No,No,No
2208-NQBCT,Yes,No,Yes,Yes,Yes,No,No,No,No
9359-UGBTK,Yes,No,Yes,Yes,No,Yes,Yes,No,Yes
4660-IRIBM,Yes,No,Yes,Yes,No,Yes,No,Yes,No
0080-OROZO,Yes,No,Yes,No,No,Yes,Yes,Yes,Yes
3916-NRPAP,Yes,No,Yes,No,No,Yes,No,No,Yes
5370-IIVVL,Yes,Yes,Yes,No,Yes,No,Yes,Yes,Yes
6789-HJBWG,Yes,No,Yes,No,Yes,No,No,No,No
6077-BDPXA,Yes,No,Yes,No,No,No,No,No,No
0013-MHZWF,Yes,No,Yes,No,No,No,Yes,Yes,Yes
8268-YDIXR,Yes,Yes,Yes,Yes,Yes,Yes,No,No,No
7115-IRDHS,Yes,Yes,No,No,No,No,No,No,No
9068-VPWQQ,Yes,Yes,Yes,Yes,No,Yes,Yes,No,Yes
0384-RVBPI,Yes,No,Yes,Yes,No,Yes,No,No,Yes
4525-VZCZG,Yes,No,Yes,Yes,Yes,No,Yes,Yes,Yes
0096-FCPUF,Yes,Yes,Yes,Yes,No,No,No,No,Yes
5529-GIBVH,Yes,No,No,No,No,No,No,No,No
6244-BESBM,Yes,No,Yes,No,No,No,Yes,Yes,Yes
2612-PHGOX,Yes,Yes,Yes,No,Yes,Yes,Yes,Yes,No
7182-OVLBJ,Yes,Yes,Yes,Yes,No,No,No,Yes,Yes
8985-OOPOS,Yes,No,Yes,No,No,Yes,Yes,Yes,Yes
4945-RVMTE,Yes,No,Yes,No,No,Yes,No,Yes,No
3941-XTSKM,No,No,Yes,No,Yes,Yes,No,No,Yes
9788-YTFGE,Yes,No,No,No,No,No,No,No,No
3161-ONRWK,Yes,No,Yes,Yes,Yes,Yes,Yes,No,No
3910-MRQOY,Yes,No,No,No,No,No,No,No,No
1371-DWPAZ,No,No,Yes,Yes,Yes,Yes,Yes,Yes,No
7722-VJRQD,No,No,Yes,Yes,No,Yes,Yes,Yes,Yes
7130-YXBRO,Yes,Yes,Yes,Yes,Yes,Yes,No,Yes,Yes
9272-LSVYH,Yes,No,Yes,No,No,No,No,No,No
3084-DOWLE,Yes,Yes,Yes,Yes,Yes,Yes,Yes,Yes,Yes
5478-JJVZK,Yes,Yes,Yes,Yes,Yes,No,No,No,No
7596-IIWYC,Yes,No,No,No,No,No,No,No,No
1839-FBNFR,Yes,No,No,No,No,No,No,No,No
0562-KBDVM,No,No,Yes,Yes,Yes,Yes,Yes,No,No
3717-OEAUQ,Yes,No,Yes,No,No,No,No,No,No
4538-WNTMJ,Yes,Yes,No,No,No,No,No,No,No
8060-HIWJJ,Yes,Yes,Yes,No,Yes,Yes,Yes,Yes,Yes
1934-MKPXS,Yes,No,No,No,No,No,No,No,No
0895-UADGO,No,No,Yes,Yes,No,No,Yes,No,Yes
5678-VFNEQ,Yes,Yes,Yes,Yes,No,Yes,No,Yes,Yes
5977-CKHON,Yes,Yes,Yes,No,No,Yes,No,No,Yes
3870-SPZSI,Yes,Yes,Yes,Yes,Yes,Yes,Yes,Yes,Yes
7077-XJMET,Yes,No,Yes,No,No,Yes,Yes,Yes,Yes
4652-ODEVH,Yes,Yes,No,No,No,No,No,No,No
7677-SJJJK,Yes,No,No,No,No,No,No,No,No
3253-HKOKL,Yes,No,Yes,Yes,No,Yes,No,Yes,Yes
6362-QHAFM,Yes,Yes,Yes,No,No,Yes,Yes,Yes,Yes
6234-PFPXL,Yes,Yes,Yes,Yes,No,No,Yes,Yes,No
9824-QCJPK,Yes,No,No,No,No,No,No,No,No
6979-TNDEU,Yes,No,No,No,No,No,No,No,No
0743-HNPFG,Yes,No,Yes,Yes,Yes,No,Yes,No,Yes
4472-VESGY,Yes,Yes,Yes,Yes,Yes,Yes,No,No,Yes
3195-TQDZX,Yes,No,No,No,No,No,No,No,No
5014-GSOUQ,Yes,No,No,No,No,No,No,No,No
5724-BIDBU,Yes,Yes,Yes,Yes,No,No,No,No,No
9972-EWRJS,Yes,No,No,No,No,No,No,No,No
1921-KYSAY,Yes,Yes,Yes,No,No,Yes,Yes,No,Yes
2924-KHUVI,Yes,Yes,Yes,Yes,No,No,No,Yes,Yes
6184-DYUOB,Yes,No,No,No,No,No,No,No,No
2882-WDTBA,Yes,No,Yes,Yes,Yes,Yes,Yes,Yes,No
2796-UUZZO,Yes,No,Yes,No,Yes,Yes,No,No,No
2429-AYKKO,Yes,No,No,No,No,No,No,No,No
9798-OPFEM,Yes,No,No,No,No,No,No,No,No
5522-NYKPB,Yes,No,Yes,No,No,No,Yes,Yes,No
2782-JEEBU,No,No,Yes,No,Yes,No,Yes,No,No
2720-FVBQP,Yes,Yes,Yes,No,No,No,No,No,No
8246-SHFGA,Yes,No,No,No,No,No,No,No,No
6485-QXWWE,Yes,Yes,No,No,No,No,No,No,No
5327-CNLUQ,Yes,Yes,Yes,Yes,Yes,Yes,No,Yes,No
7552-KEYGT,Yes,No,No,No,No,No,No,No,No
3374-PZLXD,Yes,No,No,No,No,No,No,No,No
2812-REYAT,Yes,No,No,No,No,No,No,No,No
3533-UVMOM,Yes,No,Yes,Yes,Yes,Yes,No,No,Yes
1478-VPOAD,Yes,No,Yes,No,No,No,No,No,No
4999-IEZLT,No,No,Yes,No,No,No,Yes,No,No
2351-RRBUE,Yes,No,No,No,No,No,No,No,No
4403-BWPAY,Yes,Yes,No,No,No,No,No,No,No
9659-QEQSY,Yes,Yes,Yes,Yes,Yes,Yes,Yes,Yes,Yes
1442-OKRJE,Yes,No,Yes,Yes,Yes,Yes,No,Yes,Yes
8158-WPEZG,No,No,Yes,No,Yes,No,Yes,No,No
6303-KFWSL,Yes,Yes,Yes,No,Yes,No,No,No,No
5515-RUGKN,Yes,No,Yes,No,No,No,No,No,Yes
1958-RNRKS,Yes,Yes,Yes,No,No,No,No,No,No
5136-RGMZO,Yes,Yes,Yes,No,Yes,No,Yes,Yes,No
0106-GHRQR,Yes,Yes,Yes,No,Yes,Yes,No,No,Yes
3768-VHXQO,Yes,Yes,No,No,No,No,No,No,No
4137-JOPHL,Yes,No,Yes,No,No,Yes,Yes,No,Yes
9470-XCCEM,Yes,Yes,Yes,No,Yes,No,No,Yes,No
6519-CFDBX,Yes,No,Yes,No,No,No,No,No,No
3669-WHAFY,Yes,Yes,Yes,Yes,Yes,Yes,Yes,Yes,Yes
6181-AXXYF,Yes,Yes,No,No,No,No,No,No,No
1568-LJSZU,Yes,Yes,Yes,Yes,Yes,Yes,Yes,Yes,Yes
4193-IBKSW,Yes,Yes,No,No,No,No,No,No,No
0839-QNXME,Yes,No,No,No,No,No,No,No,No
3506-OVLKD,Yes,Yes,No,No,No,No,No,No,No
6016-LVTJQ,Yes,No,No,No,No,No,No,No,No
7860-KSUGX,Yes,Yes,Yes,Yes,Yes,Yes,No,No,No
8966-KZXXA,Yes,Yes,No,No,No,No,No,No,No
5149-QYTTU,Yes,Yes,Yes,Yes,Yes,Yes,Yes,No,No
1927-QEWMY,Yes,No,No,No,No,No,No,No,No
0794-YVSGE,Yes,No,No,No,No,No,No,No,No
5423-BHIXO,Yes,Yes,Yes,No,Yes,No,No,No,No
6908-VVYHM,Yes,Yes,Yes,No,Yes,No,No,No,Yes
7321-KKSDU,Yes,No,No,No,No,No,No,No,No
1098-KFQEC,Yes,No,No,No,No,No,No,No,No
7190-XHTWJ,Yes,No,No,No,No,No,No,No,No
9575-IWCAZ,Yes,Yes,No,No,No,No,No,No,No
3062-ICYZQ,Yes,Yes,Yes,Yes,Yes,No,No,No,Yes
0463-WZZKO,Yes,No,No,No,No,No,No,No,No
5832-EXGTT,Yes,No,Yes,Yes,No,No,No,No,Yes
2039-JONDJ,Yes,No,Yes,Yes,Yes,No,No,No,No
8069-YQQAJ,No,No,Yes,No,Yes,No,No,No,No
0754-EEBDC,Yes,No,No,No,No,No,No,No,No
5668-MEISB,Yes,Yes,Yes,Yes,Yes,Yes,Yes,Yes,No
5356-CSVSQ,Yes,Yes,Yes,No,No,No,Yes,Yes,No
3221-CJMSG,Yes,No,Yes,No,No,No,Yes,No,No
2801-NISEI,Yes,No,Yes,Yes,No,No,Yes,No,No
6732-VAILE,Yes,Yes,Yes,No,Yes,Yes,Yes,Yes,Yes
2018-QKYGT,Yes,No,Yes,No,No,No,No,No,Yes
7409-JURKQ,Yes,Yes,Yes,No,Yes,Yes,Yes,Yes,Yes
3247-MHJKM,Yes,No,No,No,No,No,No,No,No
2239-CGBUZ,Yes,No,Yes,Yes,Yes,No,Yes,No,No
4890-VMUAV,Yes,Yes,Yes,Yes,Yes,Yes,Yes,No,No
9261-WDCAF,Yes,No,Yes,No,No,No,No,No,Yes
7449-HVPIV,Yes,Yes,Yes,No,No,Yes,No,Yes,No
8735-IJJEG,Yes,No,Yes,No,No,Yes,No,No,No
0564-MUUQK,Yes,Yes,Yes,No,No,Yes,Yes,No,Yes
4445-KWOKW,Yes,Yes,Yes,Yes,Yes,No,No,No,No
4425-OWHWB,Yes,No,No,No,No,No,No,No,No
1960-UYCNN,Yes,Yes,Yes,No,Yes,Yes,No,No,Yes
0607-MVMGC,Yes,Yes,Yes,No,Yes,Yes,No,Yes,Yes
4418-LZMSV,Yes,No,Yes,No,Yes,Yes,Yes,No,No
2546-KZAAT,Yes,No,Yes,Yes,Yes,No,No,Yes,Yes
1488-PBLJN,Yes,Yes,Yes,Yes,Yes,Yes,Yes,Yes,Yes
8100-HZZLJ,Yes,No,Yes,Yes,Yes,No,No,No,Yes
7398-HPYZQ,Yes,Yes,Yes,Yes,Yes,Yes,Yes,Yes,Yes
1170-SASML,Yes,Yes,Yes,No,Yes,Yes,No,No,No
2038-LLMLM,Yes,Yes,Yes,No,No,Yes,Yes,Yes,Yes
1216-BGTSP,Yes,Yes,Yes,Yes,No,Yes,Yes,Yes,Yes
4138-NAXED,Yes,Yes,Yes,No,Yes,No,No,No,No
7483-IQWIB,Yes,Yes,Yes,No,Yes,Yes,No,Yes,No
7833-PKIHD,Yes,No,Yes,Yes,No,No,Yes,Yes,Yes
1852-QSWCD,Yes,Yes,No,No,No,No,No,No,No
5804-HYIEZ,Yes,Yes,Yes,Yes,Yes,No,No,Yes,Yes
8957-THMOA,Yes,No,No,No,No,No,No,No,No
5555-RNPGT,Yes,Yes,No,No,No,No,No,No,No
1057-FOGLZ,Yes,No,No,No,No,No,No,No,No
4137-BTIKL,Yes,Yes,Yes,Yes,No,No,No,No,Yes
3373-DIUUN,Yes,No,No,No,No,No,No,No,No
4139-DETXS,No,No,Yes,Yes,Yes,Yes,Yes,Yes,Yes
9805-FILKB,Yes,No,No,No,No,No,No,No,No
5793-YOLJN,Yes,No,No,No,No,No,No,No,No
8311-UEUAB,Yes,Yes,Yes,Yes,No,No,No,Yes,Yes
5858-EAFCZ,Yes,No,Yes,No,No,No,No,No,No
5656-MJEFC,No,No,Yes,Yes,No,Yes,Yes,Yes,No
4010-YLMVT,Yes,Yes,Yes,Yes,Yes,No,No,Yes,Yes
6288-CHQJB,Yes,No,Yes,Yes,No,Yes,Yes,No,Yes
2014-MKGMH,Yes,Yes,Yes,No,No,Yes,No,Yes,Yes
1784-EZDKJ,Yes,Yes,Yes,No,Yes,Yes,No,Yes,Yes
9297-FVVDH,Yes,Yes,Yes,Yes,No,Yes,Yes,Yes,Yes
7101-HRBLJ,Yes,No,Yes,Yes,Yes,Yes,Yes,Yes,Yes
5039-LZRQT,Yes,No,No,No,No,No,No,No,No
2626-VEEWG,Yes,No,No,No,No,No,No,No,No
1657-DYMBM,Yes,No,No,No,No,No,No,No,No
2530-FMFXO,Yes,Yes,Yes,No,No,Yes,Yes,Yes,Yes
6844-DZKRF,Yes,No,Yes,No,No,No,Yes,No,No
5003-XZWWO,Yes,Yes,Yes,No,Yes,Yes,Yes,Yes,Yes
8548-AWOFC,Yes,Yes,Yes,No,No,No,Yes,No,Yes
4815-YOSUK,Yes,Yes,Yes,Yes,Yes,Yes,Yes,No,Yes
4365-MSDYN,Yes,No,No,No,No,No,No,No,No
0839-JTCUD,Yes,Yes,Yes,Yes,Yes,Yes,Yes,Yes,Yes
2234-EOFPT,Yes,No,Yes,Yes,Yes,No,Yes,Yes,Yes
8378-LKJAF,Yes,Yes,Yes,No,No,Yes,No,Yes,Yes
8097-VBQTZ,Yes,No,Yes,Yes,Yes,No,Yes,Yes,No
2212-LYASK,No,No,Yes,No,Yes,Yes,No,No,Yes
6050-FFXES,Yes,Yes,Yes,No,No,Yes,Yes,Yes,Yes
5527-ACHSO,Yes,No,Yes,No,No,No,Yes,Yes,Yes
1399-UBQIU,Yes,No,Yes,No,No,Yes,No,Yes,Yes
4056-QHXHZ,Yes,Yes,Yes,Yes,No,Yes,Yes,Yes,Yes
7401-JIXNM,Yes,Yes,Yes,Yes,Yes,Yes,Yes,Yes,Yes
6177-PEVRA,Yes,No,Yes,Yes,Yes,No,No,No,No
7245-NIIWQ,Yes,No,Yes,No,No,No,No,No,No
0002-ORFBO,Yes,No,Yes,No,Yes,No,Yes,Yes,No
3324-OIRTO,Yes,No,Yes,Yes,Yes,Yes,No,Yes,Yes
5414-OFQCB,Yes,Yes,Yes,No,No,No,Yes,Yes,No
9367-OIUXP,Yes,No,No,No,No,No,No,No,No
2972-YDYUW,Yes,Yes,Yes,No,Yes,No,Yes,No,Yes
5499-ECUTN,Yes,No,Yes,Yes,No,Yes,No,Yes,No
4304-TSPVK,Yes,Yes,Yes,Yes,Yes,Yes,Yes,Yes,Yes
2637-FKFSY,Yes,No,Yes,No,No,No,No,No,No
7089-RKVSZ,Yes,Yes,No,No,No,No,No,No,No
9548-ZMVTX,Yes,Yes,Yes,No,Yes,Yes,Yes,No,No
3981-QSVQI,Yes,No,No,No,No,No,No,No,No
5067-WJEUN,Yes,No,Yes,Yes,Yes,No,No,No,No
6974-DAFLI,Yes,No,No,No,No,No,No,No,No
7064-JHXCE,Yes,No,No,No,No,No,No,No,No
9101-NTIXF,Yes,No,No,No,No,No,No,No,No
9308-ANMVE,Yes,No,Yes,Yes,Yes,No,No,No,No
3413-DHLPB,Yes,Yes,Yes,No,Yes,No,Yes,Yes,Yes
3787-TRIAL,No,No,Yes,No,No,No,No,No,No
1247-QBVSH,Yes,No,Yes,No,Yes,No,No,No,No
6161-ERDGD,Yes,Yes,Yes,Yes,No,Yes,Yes,Yes,Yes
7318-EIVKO,Yes,Yes,Yes,No,No,No,No,Yes,No
3771-PZOBW,Yes,Yes,Yes,No,No,Yes,No,Yes,No
7176-WIONM,No,No,Yes,No,No,Yes,No,Yes,Yes
6901-GOGZG,Yes,Yes,Yes,Yes,No,Yes,Yes,Yes,Yes
9621-OUPYD,Yes,No,No,No,No,No,No,No,No
8982-NHAVY,Yes,Yes,Yes,No,No,Yes,No,Yes,Yes
2450-ZKEED,Yes,No,Yes,No,No,Yes,Yes,No,No
9802-CAQUT,Yes,Yes,Yes,Yes,Yes,Yes,No,Yes,Yes
0187-WZNAB,Yes,No,Yes,Yes,No,No,No,No,No
5406-KGRMX,Yes,Yes,No,No,No,No,No,No,No
7140-ADSMJ,Yes,No,No,No,No,No,No,No,No
9588-OZDMQ,Yes,No,Yes,No,No,No,No,No,No
1174-FGIFN,Yes,Yes,Yes,No,No,No,Yes,No,Yes
7641-TQFHN,Yes,Yes,Yes,No,No,No,Yes,Yes,Yes
8622-ZLFKO,Yes,Yes,Yes,No,Yes,No,No,No,Yes
9067-YGSCA,Yes,Yes,No,No,No,No,No,No,No
9565-AXSMR,Yes,No,No,No,No,No,No,No,No
0447-RXSGD,Yes,Yes,Yes,No,Yes,No,No,Yes,Yes
9081-WWXKP,Yes,No,No,No,No,No,No,No,No
3612-YVGSJ,Yes,Yes,No,No,No,No,No,No,No
8565-HBFNN,Yes,Yes,Yes,Yes,Yes,Yes,Yes,No,Yes
2050-ONYDQ,Yes,Yes,No,No,No,No,No,No,No
7175-NTIXE,Yes,No,Yes,Yes,No,No,Yes,Yes,Yes
2882-DDZPG,Yes,No,No,No,No,No,No,No,No
5843-TTHGI,Yes,No,Yes,No,No,Yes,No,No,No
8237-ULIXL,Yes,Yes,No,No,No,No,No,No,No
9624-EGDEQ,Yes,No,No,No,No,No,No,No,No
8384-FZBJK,Yes,Yes,Yes,No,Yes,No,No,Yes,Yes
1790-NESIO,Yes,No,No,No,No,No,No,No,No
1550-EENBN,Yes,Yes,Yes,Yes,Yes,No,No,Yes,Yes
8198-RKSZG,Yes,Yes,Yes,No,Yes,No,Yes,Yes,Yes
9297-EONCV,Yes,Yes,Yes,Yes,Yes,Yes,Yes,Yes,Yes
1069-QJOEE,Yes,No,No,No,No,No,No,No,No
8766-PAFNE,Yes,No,Yes,No,Yes,Yes,Yes,Yes,Yes
4611-ANLQC,No,No,Yes,Yes,Yes,Yes,No,No,Yes
4213-HKBJO,Yes,Yes,No,No,No,No,No,No,No
9018-PCIOK,Yes,No,Yes,No,Yes,Yes,No,No,Yes
5893-PYOLZ,Yes,No,Yes,No,Yes,Yes,Yes,Yes,Yes
9481-WHGWY,Yes,No,Yes,Yes,No,No,Yes,Yes,Yes
8780-YRMTT,No,No,Yes,Yes,Yes,Yes,Yes,No,No
1872-EBWSC,Yes,No,No,No,No,No,No,No,No
5440-VHLUL,Yes,Yes,Yes,No,Yes,No,Yes,Yes,Yes
5213-TWWJU,Yes,No,Yes,No,No,Yes,Yes,No,Yes
2466-NEJOJ,Yes,No,No,No,No,No,No,No,No
0254-KCJGT,Yes,Yes,Yes,Yes,Yes,Yes,Yes,No,Yes
8150-QUDFX,Yes,No,No,No,No,No,No,No,No
1697-LYYYX,Yes,No,No,No,No,No,No,No,No
5133-VRSAB,No,No,Yes,Yes,No,No,No,No,No
4635-EJYPD,Yes,No,No,No,No,No,No,No,No
1110-KYLGQ,Yes,Yes,Yes,Yes,Yes,Yes,No,Yes,Yes
3518-PZXZQ,Yes,No,Yes,No,No,No,No,Yes,No
5074-FBGHB,Yes,Yes,Yes,No,No,Yes,Yes,Yes,Yes
1179-INLAT,Yes,No,No,No,No,No,No,No,No
7909-FIOIY,No,No,Yes,No,No,No,No,No,No
0197-PNKNK,Yes,Yes,Yes,Yes,No,Yes,No,No,No
1229-RCALF,Yes,Yes,Yes,Yes,Yes,Yes,Yes,Yes,Yes
3572-UOLYZ,Yes,Yes,Yes,No,No,Yes,Yes,No,No
9375-MHRRS,Yes,No,Yes,No,No,No,Yes,No,No
9838-BFCQT,Yes,Yes,No,No,No,No,No,No,No
2790-XUYMV,Yes,Yes,Yes,Yes,Yes,No,No,No,No
0581-MDMPW,Yes,Yes,Yes,No,No,Yes,No,Yes,No
1023-BQXZE,Yes,No,Yes,Yes,No,Yes,No,Yes,Yes
9163-GHAYE,Yes,No,Yes,No,Yes,No,No,No,No
5353-WILCI,Yes,No,Yes,Yes,Yes,No,No,No,No
0058-EVZWM,Yes,Yes,Yes,Yes,No,No,No,Yes,No
1985-MBRYP,Yes,No,No,No,No,No,No,No,No
1015-JPFYW,Yes,No,No,No,No,No,No,No,No
6645-MXQJT,Yes,No,Yes,Yes,No,No,No,Yes,Yes
1845-ZLLIG,Yes,No,Yes,No,Yes,No,No,No,No
8559-WNQZS,Yes,No,No,No,No,No,No,No,No
5993-JSUWV,Yes,No,Yes,Yes,Yes,Yes,No,No,No
3097-FQTVJ,Yes,No,No,No,No,No,No,No,No
7299-GNVPL,Yes,No,Yes,Yes,Yes,No,Yes,No,No
4644-PIZRT,Yes,Yes,Yes,Yes,No,Yes,No,Yes,No
9512-PHSMG,Yes,No,No,No,No,No,No,No,No
7244-KXYZN,Yes,No,No,No,No,No,No,No,No
0428-IKYCP,Yes,No,Yes,No,No,Yes,No,Yes,No
7225-IILWY,Yes,Yes,No,No,No,No,No,No,No
6164-HAQTX,No,No,Yes,Yes,Yes,Yes,Yes,Yes,No
7765-LWVVH,Yes,Yes,Yes,Yes,Yes,No,No,Yes,No
6203-HBZPA,No,No,Yes,Yes,Yes,Yes,Yes,Yes,Yes
5542-TBBWB,Yes,No,Yes,No,No,No,No,No,No
2606-PKWJB,No,No,Yes,Yes,Yes,No,Yes,No,No
5322-ZSMZY,Yes,Yes,No,No,No,No,No,No,No
5294-IMHHT,Yes,Yes,Yes,No,Yes,No,Yes,No,Yes
5310-NOOVA,Yes,No,No,No,No,No,No,No,No
5815-HGGHV,Yes,No,Yes,Yes,No,No,Yes,No,Yes
5649-RXQTV,Yes,No,Yes,No,Yes,Yes,No,Yes,Yes
9357-UJRUN,Yes,Yes,Yes,Yes,No,No,Yes,No,No
7663-CUXZB,Yes,Yes,Yes,Yes,Yes,Yes,Yes,Yes,Yes
9348-ROUAI,Yes,Yes,Yes,Yes,Yes,Yes,Yes,Yes,Yes
4830-FAXFM,Yes,Yes,No,No,No,No,No,No,No
5266-PFRQK,Yes,No,No,No,No,No,No,No,No
4674-HGNUA,Yes,Yes,Yes,Yes,Yes,Yes,Yes,Yes,Yes
6295-OSINB,Yes,Yes,Yes,Yes,Yes,Yes,No,Yes,Yes
3308-MHOOC,Yes,No,No,No,No,No,No,No,No
8046-DNVTL,No,No,Yes,Yes,Yes,No,Yes,No,No
2209-XADXF,No,No,Yes,No,No,No,No,No,No
2065-MMKGR,Yes,Yes,Yes,No,No,No,No,Yes,Yes
1402-PTHGN,Yes,No,Yes,Yes,Yes,No,Yes,No,No
5199-FPUSP,No,No,Yes,Yes,No,No,Yes,No,No
1796-JANOW,Yes,No,No,No,No,No,No,No,No
0238-WHBIQ,Yes,Yes,Yes,Yes,Yes,Yes,Yes,Yes,Yes
8512-WIWYV,Yes,No,No,No,No,No,No,No,No
5117-ZSMHQ,Yes,Yes,Yes,Yes,Yes,Yes,Yes,Yes,Yes
5151-HQRDG,Yes,Yes,Yes,Yes,No,No,No,No,No
6465-GSRCL,Yes,Yes,Yes,No,Yes,No,Yes,Yes,Yes
7319-ZNRTR,Yes,No,No,No,No,No,No,No,No
1810-BOHSY,Yes,Yes,Yes,Yes,Yes,No,No,No,Yes
7284-ZZLOH,Yes,No,Yes,Yes,No,Yes,No,No,No
1599-EAHXY,Yes,Yes,No,No,No,No,No,No,No
8631-XVRZL,Yes,No,No,No,No,No,No,No,No
5505-OVWQW,Yes,No,No,No,No,No,No,No,No
4429-WYGFR,Yes,No,Yes,No,No,No,Yes,No,No
9754-CLVZW,No,No,Yes,Yes,Yes,No,Yes,No,No
2739-CCZMB,Yes,No,No,No,No,No,No,No,No
7080-TNUWP,Yes,Yes,Yes,No,Yes,Yes,No,Yes,No
2468-SJFLM,Yes,No,Yes,No,No,No,Yes,No,No
7168-HDQHG,Yes,No,No,No,No,No,No,No,No
4567-AKPIA,Yes,Yes,Yes,No,Yes,Yes,Yes,Yes,Yes
7901-HXJVA,Yes,No,Yes,No,No,Yes,No,No,No
8903-WMRNW,Yes,No,Yes,Yes,No,Yes,No,Yes,Yes
3629-WEAAM,Yes,No,Yes,No,No,Yes,Yes,No,Yes
6029-CSMJE,No,No,Yes,No,No,No,No,No,No
2253-KPMNB,No,No,Yes,Yes,Yes,Yes,Yes,No,No
1345-ZUKID,Yes,No,No,No,No,No,No,No,No
6968-MHOMU,No,No,Yes,No,No,No,No,Yes,Yes
3721-WKIIL,Yes,No,No,No,No,No,No,No,No
3457-PQBYH,Yes,No,No,No,No,No,No,No,No
5384-ZTTWP,Yes,No,No,No,No,No,No,No,No
1231-YNDEK,Yes,No,No,No,No,No,No,No,No
3694-GLTJM,Yes,No,No,No,No,No,No,No,No
9055-MOJJJ,Yes,No,Yes,Yes,No,No,Yes,Yes,No
4359-INNWN,Yes,No,No,No,No,No,No,No,No
4032-RMHCI,No,No,Yes,Yes,No,Yes,No,No,No
8205-VSLRB,Yes,Yes,Yes,Yes,No,Yes,Yes,No,Yes
3082-VQXNH,No,No,Yes,No,Yes,No,No,No,No
7669-LCRSD,Yes,No,Yes,No,No,No,No,Yes,No
2703-AMTUL,Yes,No,Yes,Yes,Yes,No,No,No,No
7850-THJMU,Yes,No,No,No,No,No,No,No,No
3890-RTCMS,Yes,No,Yes,No,No,No,Yes,No,No
3665-JATSN,No,No,Yes,No,Yes,No,No,No,Yes
4324-BZCKL,Yes,No,Yes,No,Yes,Yes,No,No,No
7365-BVCJH,No,No,Yes,No,No,No,No,No,No
4132-KALRO,Yes,Yes,Yes,No,No,No,Yes,Yes,Yes
2874-YXVVA,Yes,No,Yes,No,Yes,Yes,Yes,Yes,Yes
6504-VBLFL,Yes,No,Yes,Yes,Yes,Yes,No,No,No
1843-TLSGD,Yes,No,No,No,No,No,No,No,No
9626-VFRGG,Yes,Yes,Yes,No,Yes,No,No,Yes,No
2041-JIJCI,Yes,Yes,Yes,No,Yes,No,No,No,Yes
4900-MSOMT,Yes,Yes,Yes,Yes,Yes,Yes,Yes,Yes,No
9194-GFVOI,Yes,Yes,Yes,Yes,No,Yes,Yes,Yes,Yes
1336-EZFZY,Yes,No,No,No,No,No,No,No,No
4282-MSACW,Yes,Yes,Yes,Yes,Yes,Yes,Yes,Yes,Yes
0253-ZTEOB,Yes,Yes,Yes,No,Yes,No,Yes,Yes,Yes
6137-MFAJN,No,No,Yes,Yes,Yes,No,No,Yes,No
4232-JGKIY,Yes,No,No,No,No,No,No,No,No
3913-RDSJZ,Yes,Yes,No,No,No,No,No,No,No
5043-TRZWM,Yes,No,Yes,No,No,Yes,No,No,No
5366-OBVMR,Yes,No,Yes,No,No,No,Yes,No,No
1335-HQMKX,Yes,Yes,Yes,No,Yes,Yes,No,Yes,Yes
6923-AQONU,Yes,No,No,No,No,No,No,No,No
7029-IJEJK,No,No,Yes,Yes,No,No,Yes,No,Yes
3642-BYHDO,Yes,No,No,No,No,No,No,No,No
6285-FTQBF,Yes,Yes,No,No,No,No,No,No,No
5950-AAAGJ,Yes,Yes,Yes,No,No,No,No,Yes,No
6693-DJWTY,Yes,No,Yes,Yes,Yes,No,No,No,No
4837-PZTIC,No,No,Yes,Yes,No,Yes,Yes,No,No
1063-DHQJF,Yes,No,Yes,No,Yes,No,Yes,Yes,No
1837-YQUCE,No,No,Yes,Yes,No,Yes,Yes,Yes,Yes
9919-KNPOO,Yes,Yes,Yes,No,No,No,No,Yes,Yes
0428-AXXLJ,Yes,No,No,No,No,No,No,No,No
2000-MPKCA,Yes,Yes,Yes,Yes,Yes,Yes,No,Yes,Yes
9762-YAQAA,Yes,Yes,Yes,No,Yes,No,No,No,No
5473-KHBPS,Yes,Yes,Yes,No,Yes,Yes,No,Yes,No
8950-MTZNV,Yes,No,Yes,No,No,No,No,No,No
6483-OATDN,Yes,No,Yes,Yes,No,No,No,No,No
8610-ZIKJJ,Yes,No,No,No,No,No,No,No,No
7801-KICAO,Yes,Yes,Yes,No,No,No,No,No,No
7339-POGZN,Yes,Yes,Yes,No,No,No,No,No,No
2558-BUOZZ,Yes,Yes,Yes,Yes,Yes,No,No,Yes,No
0003-MKNFE,Yes,Yes,Yes,No,No,No,No,No,Yes
0975-VOOVL,No,No,Yes,No,Yes,No,No,No,No
5443-SCMKX,Yes,Yes,Yes,No,Yes,Yes,No,No,Yes
6738-ISCBM,No,No,Yes,Yes,No,Yes,No,Yes,Yes
4558-CGYCZ,Yes,No,No,No,No,No,No,No,No
2368-GAKKQ,Yes,Yes,Yes,Yes,Yes,Yes,Yes,Yes,Yes
8710-YGLWG,Yes,No,Yes,No,No,No,No,No,No
6036-TTFYU,Yes,No,No,No,No,No,No,No,No
3612-YUNGG,Yes,Yes,Yes,No,Yes,Yes,Yes,Yes,Yes
9028-LIHRP,Yes,No,Yes,Yes,Yes,Yes,Yes,Yes,No
1530-ZTDOZ,No,No,Yes,Yes,No,No,No,Yes,No
1301-LOPVR,No,No,Yes,Yes,Yes,Yes,Yes,No,Yes
0670-ANMUU,Yes,Yes,Yes,Yes,No,No,Yes,No,Yes
6134-KWTBV,Yes,Yes,No,No,No,No,No,No,No
5171-EPLKN,Yes,No,No,No,No,No,No,No,No
2227-JRSJX,Yes,No,Yes,No,Yes,No,Yes,Yes,Yes
9501-UKKNL,No,No,Yes,No,No,No,Yes,Yes,Yes
2560-QTSBS,Yes,Yes,No,No,No,No,No,No,No
6080-TCMYC,Yes,Yes,Yes,No,No,Yes,No,No,No
6357-JJPQT,Yes,No,Yes,No,No,No,No,Yes,No
9643-YBLUR,Yes,Yes,Yes,No,Yes,Yes,No,No,Yes
9026-LHEVG,No,No,Yes,No,Yes,No,No,No,Yes
2623-DRYAM,Yes,Yes,Yes,No,No,Yes,No,Yes,Yes
9987-LUTYD,Yes,No,Yes,Yes,No,No,Yes,No,No
6479-VDGRK,Yes,No,Yes,Yes,Yes,Yes,Yes,Yes,Yes
2203-GHNWN,Yes,Yes,Yes,No,No,Yes,No,No,No
8106-GWQOK,No,No,Yes,Yes,Yes,No,Yes,Yes,Yes
4633-MKHYU,Yes,No,Yes,No,No,No,No,Yes,Yes
5442-BXVND,Yes,Yes,No,No,No,No,No,No,No
2364-UFROM,Yes,No,Yes,Yes,Yes,No,Yes,Yes,No
2150-WLKUW,Yes,Yes,Yes,No,Yes,No,No,Yes,No
7159-FVYPK,Yes,Yes,Yes,No,Yes,Yes,No,Yes,No
4821-SJHJV,Yes,Yes,Yes,Yes,No,No,No,Yes,No
7306-YDSOI,Yes,No,Yes,Yes,Yes,Yes,No,No,No
0655-YDGFJ,Yes,No,Yes,No,No,Yes,No,No,No
5201-CBWYG,Yes,Yes,No,No,No,No,No,No,No
3082-YVEKW,Yes,Yes,Yes,Yes,No,Yes,Yes,Yes,No
5789-LDFXO,Yes,Yes,No,No,No,No,No,No,No
0508-OOLTO,Yes,No,Yes,No,No,No,No,No,No
2984-TBYKU,Yes,Yes,Yes,Yes,Yes,Yes,Yes,No,Yes
1548-ARAGG,Yes,Yes,Yes,No,Yes,No,Yes,No,No
2522-AHJXR,Yes,Yes,Yes,Yes,No,Yes,Yes,Yes,Yes
0412-UCCNP,Yes,No,Yes,Yes,No,Yes,Yes,No,No
8617-ENBDS,Yes,No,Yes,No,No,Yes,No,No,No
0430-IHCDJ,Yes,Yes,Yes,No,No,No,No,No,No
0064-YIJGF,Yes,Yes,Yes,No,No,No,No,No,No
6278-FEPBZ,Yes,No,No,No,No,No,No,No,No
4280-DLSHD,Yes,No,Yes,No,Yes,Yes,No,No,No
1508-DFXCU,Yes,No,Yes,No,No,No,No,Yes,No
6837-HAEVO,Yes,Yes,Yes,No,Yes,Yes,No,Yes,Yes
9504-YAZWB,Yes,No,No,No,No,No,No,No,No
3213-VVOLG,Yes,Yes,No,No,No,No,No,No,No
6870-ECSHE,Yes,No,No,No,No,No,No,No,No
4626-OZDTJ,Yes,Yes,Yes,No,Yes,No,Yes,Yes,Yes
8194-PEEBY,Yes,No,No,No,No,No,No,No,No
1194-HVAIF,Yes,Yes,Yes,No,No,No,No,Yes,Yes
6418-HNFED,Yes,No,Yes,Yes,Yes,Yes,Yes,Yes,Yes
5701-SVCWR,Yes,Yes,No,No,No,No,No,No,No
3129-AAQOU,Yes,Yes,No,No,No,No,No,No,No
2018-PZKMU,Yes,No,Yes,No,No,Yes,Yes,Yes,Yes
7340-KEFQE,No,No,Yes,Yes,No,No,Yes,No,No
4521-YEEHE,Yes,Yes,Yes,No,No,No,Yes,Yes,No
3824-RHKVR,Yes,No,No,No,No,No,No,No,No
8015-IHCGW,Yes,Yes,Yes,Yes,Yes,Yes,Yes,Yes,Yes
3882-IYOIJ,Yes,Yes,Yes,Yes,Yes,Yes,Yes,Yes,Yes
8749-TZYEC,Yes,Yes,No,No,No,No,No,No,No
1755-FZQEC,Yes,No,No,No,No,No,No,No,No
3115-JPJDD,Yes,No,Yes,Yes,No,Yes,No,No,No
7950-XWOVN,No,No,Yes,No,Yes,Yes,No,No,No
8851-RAGOV,Yes,No,Yes,Yes,Yes,No,Yes,No,Yes
1729-VLAZJ,No,No,Yes,Yes,Yes,No,Yes,No,No
0701-TJSEF,Yes,No,Yes,Yes,No,Yes,Yes,No,Yes
4537-CIBHB,Yes,No,No,No,No,No,No,No,No
4355-CVPVS,Yes,No,Yes,No,No,No,No,Yes,Yes
3274-NSDWE,Yes,No,No,No,No,No,No,No,No
7463-IFMQU,Yes,No,No,No,No,No,No,No,No
2920-RNCEZ,Yes,No,Yes,No,No,No,No,No,No
9365-CSLBQ,Yes,Yes,No,No,No,No,No,No,No
6194-HBGQN,Yes,Yes,Yes,Yes,Yes,Yes,Yes,Yes,No
9769-TSBZE,Yes,Yes,Yes,Yes,Yes,No,Yes,No,No
1395-WSWXR,Yes,No,No,No,No,No,No,No,No
6023-GSSXW,Yes,No,Yes,No,Yes,No,No,No,Yes
9823-EALYC,Yes,Yes,Yes,Yes,Yes,Yes,Yes,Yes,No
2607-DHDAK,Yes,No,No,No,No,No,No,No,No
3727-JEZTU,Yes,No,No,No,No,No,No,No,No
8143-ETQTI,Yes,No,No,No,No,No,No,No,No
8570-KLJYJ,Yes,Yes,Yes,Yes,No,No,No,No,No
1686-STUHN,Yes,No,No,No,No,No,No,No,No
4256-ZWTZI,Yes,No,Yes,No,No,No,Yes,No,No
8309-PPCED,Yes,Yes,Yes,No,Yes,Yes,Yes,Yes,Yes
4608-LCIMN,Yes,No,Yes,No,No,No,No,No,No
0603-TPMIB,Yes,Yes,No,No,No,No,No,No,No
8161-QYMTT,Yes,Yes,Yes,No,No,No,No,Yes,Yes
6762-QVYJO,No,No,Yes,Yes,No,Yes,Yes,Yes,Yes
0374-AACSZ,Yes,No,Yes,Yes,No,No,No,No,No
1325-USMEC,Yes,Yes,Yes,Yes,Yes,Yes,No,Yes,No
5640-CAXOA,No,No,Yes,No,No,No,Yes,No,Yes
9974-JFBHQ,Yes,No,Yes,No,Yes,No,Yes,Yes,Yes
9780-FKVVF,Yes,No,Yes,Yes,No,No,No,No,Yes
2650-GYRYL,Yes,No,No,No,No,No,No,No,No
4632-XJMEX,Yes,No,Yes,Yes,Yes,No,Yes,No,No
2716-GFZOR,Yes,No,Yes,Yes,Yes,Yes,No,No,No
3005-TYFRD,Yes,Yes,Yes,No,Yes,Yes,No,Yes,Yes
3079-BCHLN,Yes,No,No,No,No,No,No,No,No
2969-VAPYH,Yes,No,Yes,Yes,Yes,No,Yes,No,No
7181-OQCUT,Yes,Yes,Yes,Yes,No,Yes,No,Yes,Yes
8474-UMLNT,Yes,No,Yes,Yes,Yes,No,Yes,No,Yes
5214-CHIWJ,Yes,No,No,No,No,No,No,No,No
9253-VIFJQ,Yes,Yes,Yes,Yes,Yes,Yes,No,No,No
6917-IAYHD,No,No,Yes,No,Yes,No,Yes,No,No
8620-RJPZN,Yes,No,No,No,No,No,No,No,No
1166-PQLGG,Yes,No,No,No,No,No,No,No,No
4291-YZODP,Yes,No,No,No,No,No,No,No,No
5176-LDKUH,Yes,No,Yes,No,Yes,No,No,No,No
5345-BMKWB,Yes,No,No,No,No,No,No,No,No
2542-HYGIQ,Yes,No,No,No,No,No,No,No,No
5016-LIPDW,Yes,No,No,No,No,No,No,No,No
6481-LXPWL,No,No,Yes,No,Yes,Yes,No,No,No
5153-LXKDT,Yes,Yes,Yes,Yes,Yes,Yes,No,Yes,Yes
5939-XAIXZ,Yes,Yes,Yes,No,No,Yes,No,No,No
9054-FOWNV,Yes,Yes,Yes,No,No,Yes,No,Yes,No
6195-MELTI,Yes,No,Yes,No,Yes,No,Yes,No,No
5198-HQAEN,Yes,No,Yes,No,Yes,No,Yes,Yes,No
2167-FQSTQ,Yes,Yes,Yes,Yes,Yes,Yes,Yes,Yes,Yes
5955-EPOAZ,Yes,No,No,No,No,No,No,No,No
8815-LMFLX,Yes,Yes,No,No,No,No,No,No,No
5811-IWXYM,Yes,Yes,Yes,No,No,Yes,No,Yes,Yes
5651-CPDND,Yes,No,Yes,No,No,No,No,No,No
9134-WYRVP,Yes,No,Yes,Yes,No,No,No,Yes,No
8908-NMQTX,No,No,Yes,Yes,Yes,Yes,Yes,Yes,Yes
5808-TOTXO,Yes,No,No,No,No,No,No,No,No
4369-NYSCF,Yes,No,Yes,No,Yes,No,Yes,Yes,Yes
6333-YDVLT,Yes,Yes,Yes,Yes,No,Yes,Yes,Yes,Yes
6873-UDNLD,Yes,No,Yes,Yes,No,Yes,No,No,Yes
0595-ITUDF,Yes,Yes,Yes,Yes,Yes,Yes,No,No,No
1955-IBMMB,Yes,No,No,No,No,No,No,No,No
0853-NWIFK,Yes,No,Yes,Yes,Yes,No,No,Yes,Yes
1088-CNNKB,Yes,Yes,Yes,Yes,Yes,Yes,Yes,No,Yes
5778-BVOFB,Yes,No,Yes,No,No,No,Yes,Yes,No
8042-RNLKO,Yes,Yes,No,No,No,No,No,No,No
6874-SGLHU,Yes,No,Yes,No,Yes,No,No,Yes,Yes
3059-NGMXB,Yes,Yes,Yes,Yes,Yes,No,No,No,Yes
5278-PNYOX,Yes,No,Yes,No,No,Yes,Yes,Yes,Yes
5061-PBXFW,Yes,No,Yes,Yes,Yes,No,Yes,No,No
2672-OJQZP,Yes,No,Yes,No,No,No,No,No,No
3134-DSHVC,Yes,Yes,Yes,Yes,Yes,Yes,No,Yes,No
0365-GXEZS,Yes,No,Yes,No,No,Yes,Yes,No,No
9541-ZPSEA,Yes,No,Yes,Yes,No,Yes,No,No,No
1139-WUOAH,No,No,Yes,No,No,Yes,Yes,Yes,Yes
4693-VWVBO,Yes,No,No,No,No,No,No,No,No
0988-JRWWP,Yes,No,Yes,No,No,No,No,Yes,No
7465-ZZRVX,Yes,No,Yes,No,No,No,No,No,No
7853-WNZSY,Yes,No,No,No,No,No,No,No,No
9489-JMTTN,Yes,Yes,Yes,Yes,Yes,Yes,Yes,Yes,Yes
8327-WKMIE,Yes,No,No,No,No,No,No,No,No
3633-CDBUW,Yes,No,Yes,No,Yes,Yes,Yes,Yes,Yes
9274-UARKJ,Yes,No,Yes,No,Yes,No,No,Yes,No
9688-YGXVR,Yes,No,Yes,No,Yes,Yes,No,Yes,No
5339-TJFEK,Yes,Yes,Yes,Yes,Yes,No,No,Yes,Yes
4625-XMOYM,Yes,Yes,No,No,No,No,No,No,No
4329-YPDDQ,Yes,No,Yes,Yes,Yes,Yes,Yes,Yes,Yes
7787-BNTZM,Yes,No,No,No,No,No,No,No,No
2252-ISRNH,Yes,Yes,Yes,No,No,Yes,No,Yes,No
9415-TPKRV,Yes,Yes,Yes,No,Yes,No,No,No,No
1386-ZIKUV,Yes,No,No,No,No,No,No,No,No
6855-VLGOS,Yes,No,No,No,No,No,No,No,No
7766-CLTIC,Yes,No,Yes,No,No,No,Yes,No,Yes
5650-YLIBA,Yes,Yes,Yes,No,Yes,No,No,No,No
8003-EWNDZ,Yes,No,No,No,No,No,No,No,No
2211-RMNHO,Yes,Yes,Yes,No,Yes,Yes,Yes,Yes,Yes
4929-ROART,Yes,Yes,Yes,Yes,No,No,No,No,No
1240-HCBOH,Yes,Yes,No,No,No,No,No,No,No
3594-KADLU,No,No,Yes,Yes,No,No,Yes,No,No
5032-MIYKT,Yes,No,Yes,No,No,No,No,No,No
3178-CIFOT,Yes,No,No,No,No,No,No,No,No
9415-ZNBSX,Yes,Yes,Yes,Yes,Yes,Yes,Yes,Yes,Yes
4018-KJYUY,Yes,No,No,No,No,No,No,No,No
8780-RSYYU,Yes,No,No,No,No,No,No,No,No
1791-PQHBB,Yes,No,Yes,Yes,No,No,No,No,Yes
8082-GHXOP,Yes,No,Yes,No,No,No,No,No,No
0345-XMMUG,Yes,Yes,Yes,No,Yes,Yes,Yes,Yes,Yes
7036-ZZKBD,Yes,No,Yes,No,No,Yes,Yes,No,Yes
9509-MPYOD,Yes,No,No,No,No,No,No,No,No
5855-EIBDE,Yes,Yes,Yes,Yes,Yes,Yes,Yes,No,Yes
0961-ZWLVI,Yes,Yes,Yes,Yes,Yes,Yes,No,Yes,Yes
7544-ZVIKX,Yes,Yes,Yes,No,No,Yes,Yes,Yes,Yes
9356-AXGMP,Yes,Yes,Yes,Yes,No,Yes,Yes,Yes,Yes
6119-SPUDB,No,No,Yes,Yes,No,Yes,Yes,No,No
6522-OIQSX,No,No,Yes,No,Yes,Yes,No,Yes,Yes
8884-FEEWR,Yes,No,No,No,No,No,No,No,No
8849-AYPTR,Yes,No,Yes,No,No,No,No,Yes,Yes
4001-TSBTV,Yes,No,Yes,No,Yes,Yes,No,Yes,No
1043-UXOVO,Yes,Yes,Yes,Yes,Yes,Yes,Yes,Yes,Yes
0480-BIXDE,Yes,No,Yes,No,No,Yes,No,Yes,Yes
7808-DVWEP,Yes,No,No,No,No,No,No,No,No
3892-NXAZG,Yes,Yes,Yes,Yes,Yes,Yes,Yes,Yes,Yes
2207-RYYRL,Yes,Yes,No,No,No,No,No,No,No
6654-QGBZZ,Yes,No,No,No,No,No,No,No,No
9200-NLNPD,No,No,Yes,No,No,Yes,Yes,Yes,Yes
2664-XJZNO,Yes,No,Yes,Yes,No,Yes,Yes,Yes,Yes
1600-DILPE,Yes,No,Yes,No,No,No,No,No,No
8510-BBWMU,Yes,No,No,No,No,No,No,No,No
1360-XFJMR,Yes,Yes,Yes,No,Yes,Yes,Yes,Yes,Yes
5177-RVZNU,Yes,No,No,No,No,No,No,No,No
3950-VPYJB,Yes,No,Yes,Yes,Yes,No,Yes,No,No
1355-KUSBG,Yes,Yes,Yes,No,No,No,No,No,No
3688-FTHLT,Yes,Yes,Yes,No,No,No,No,No,Yes
0899-LIIBW,Yes,Yes,Yes,No,No,Yes,No,Yes,Yes
8125-QPFJD,Yes,Yes,Yes,Yes,No,Yes,Yes,Yes,Yes
9184-GALIL,Yes,No,No,No,No,No,No,No,No
3162-ZJZFU,Yes,No,Yes,No,Yes,No,Yes,Yes,No
2533-TIBIX,No,No,Yes,Yes,No,No,No,No,No
0562-FGDCR,Yes,Yes,Yes,Yes,Yes,No,Yes,Yes,No
2436-QBZFP,No,No,Yes,No,Yes,No,No,Yes,No
3682-YEUWS,Yes,Yes,No,No,No,No,No,No,No
7379-FNIUJ,Yes,No,Yes,Yes,Yes,No,No,Yes,Yes
7088-FBAWU,Yes,No,Yes,Yes,Yes,No,No,Yes,Yes
2303-PJYHN,Yes,No,No,No,No,No,No,No,No
6527-PZFPV,Yes,No,No,No,No,No,No,No,No
2694-CIUMO,Yes,Yes,Yes,No,No,No,Yes,No,No
1699-TLDLZ,Yes,No,No,No,No,No,No,No,No
5600-PDUJF,Yes,No,Yes,No,No,No,Yes,No,No
0567-XRHCU,No,No,Yes,Yes,No,Yes,No,No,Yes
2067-QYTCF,Yes,Yes,Yes,No,Yes,Yes,Yes,Yes,Yes
9150-KPBJQ,Yes,No,No,No,No,No,No,No,No
0052-DCKON,Yes,Yes,Yes,Yes,Yes,Yes,Yes,Yes,Yes
2073-QBVBI,No,No,Yes,No,Yes,No,Yes,No,No
5231-FIQPA,Yes,No,No,No,No,No,No,No,No
6617-WLBQC,Yes,Yes,Yes,Yes,No,No,No,No,No
1848-LBZHY,Yes,No,Yes,Yes,No,No,No,No,No
5429-LWCMV,Yes,Yes,Yes,No,Yes,No,No,No,Yes
4815-TUMEQ,Yes,No,No,No,No,No,No,No,No
4092-OFQZS,Yes,No,No,No,No,No,No,No,No
8149-AIQCG,Yes,Yes,Yes,No,No,No,No,No,No
4828-FAZPK,Yes,Yes,Yes,No,Yes,No,No,No,No
6892-BOGQE,Yes,No,No,No,No,No,No,No,No
1746-TGTWV,Yes,No,Yes,No,No,Yes,No,No,No
8314-HTWVE,Yes,No,No,No,No,No,No,No,No
5707-ZMDJP,Yes,No,Yes,Yes,Yes,No,Yes,Yes,No
7136-IHZJA,Yes,No,Yes,Yes,Yes,No,Yes,No,Yes
7074-STDCN,No,No,Yes,No,No,No,Yes,No,Yes
8739-QOTTN,Yes,No,No,No,No,No,No,No,No
1399-OUPJN,Yes,No,No,No,No,No,No,No,No
2676-SSLTO,Yes,Yes,Yes,No,No,No,Yes,Yes,No
6266-QHOJZ,Yes,Yes,Yes,Yes,Yes,No,Yes,No,No
4353-HYOJD,Yes,No,Yes,No,Yes,No,No,No,No
0303-WMMRN,Yes,No,No,No,No,No,No,No,No
6408-OTUBZ,Yes,Yes,Yes,Yes,Yes,Yes,Yes,Yes,No
5204-HMGYF,Yes,No,Yes,Yes,Yes,Yes,Yes,Yes,Yes
8109-YUOHE,Yes,No,Yes,Yes,Yes,No,No,No,No
5840-NVDCG,Yes,No,Yes,Yes,Yes,No,Yes,No,Yes
5928-QLDHB,Yes,Yes,Yes,No,No,No,No,No,No
9840-EFJQB,Yes,No,Yes,No,Yes,No,No,No,No
7105-BENQF,Yes,No,Yes,Yes,No,Yes,No,No,Yes
2480-SQIOB,Yes,No,Yes,No,No,No,No,No,No
7096-ZNBZI,Yes,Yes,No,No,No,No,No,No,No
0734-OXWBT,Yes,No,Yes,No,No,No,Yes,Yes,Yes
0365-TRTPY,Yes,Yes,Yes,Yes,Yes,Yes,No,No,No
8044-BGWPI,Yes,No,No,No,No,No,No,No,No
5887-IKKYO,Yes,Yes,Yes,No,No,Yes,Yes,No,Yes
3858-XHYJO,Yes,Yes,Yes,Yes,No,Yes,No,Yes,Yes
2056-EVGZL,Yes,No,Yes,No,Yes,Yes,Yes,Yes,Yes
5902-WBLSE,Yes,No,No,No,No,No,No,No,No
5115-GZDEL,No,No,Yes,Yes,Yes,Yes,Yes,Yes,Yes
3338-CVVEH,Yes,Yes,Yes,No,No,No,No,Yes,Yes
4393-GEADV,Yes,Yes,Yes,Yes,Yes,Yes,Yes,Yes,Yes
4560-WQAQW,Yes,Yes,Yes,Yes,No,No,Yes,No,Yes
5424-RLQLC,Yes,No,Yes,No,Yes,No,No,Yes,No
7673-BQGKU,Yes,No,No,No,No,No,No,No,No
2725-IWWBA,Yes,No,Yes,Yes,No,Yes,Yes,No,No
3642-GKTCT,Yes,Yes,Yes,Yes,Yes,Yes,Yes,Yes,Yes
7647-GYYKX,Yes,No,No,No,No,No,No,No,No
0704-VCUMB,Yes,No,No,No,No,No,No,No,No
2535-PBCGC,No,No,Yes,Yes,Yes,Yes,Yes,Yes,Yes
8731-WBBMB,Yes,No,Yes,No,Yes,Yes,Yes,Yes,Yes
4565-EVZMJ,Yes,No,Yes,Yes,Yes,No,Yes,No,No
6705-LNMDD,Yes,No,Yes,No,No,No,Yes,No,No
5032-USPKF,Yes,Yes,Yes,Yes,Yes,Yes,No,Yes,Yes
0771-CHWSK,Yes,Yes,Yes,Yes,Yes,Yes,No,No,Yes
8992-OBVDG,Yes,No,Yes,No,No,Yes,No,No,Yes
4273-MBHYA,Yes,No,Yes,No,No,No,No,Yes,Yes
4724-WXVWF,Yes,Yes,Yes,Yes,No,No,Yes,No,Yes
5701-GUXDC,No,No,Yes,Yes,No,Yes,No,No,No
9860-LISIZ,Yes,No,No,No,No,No,No,No,No
0112-QAWRZ,Yes,Yes,Yes,No,No,Yes,No,Yes,No
9229-RQABD,Yes,Yes,No,No,No,No,No,No,No
6284-KMNUF,Yes,Yes,Yes,Yes,No,No,No,Yes,Yes
6143-JQKEA,Yes,No,Yes,No,No,No,No,No,No
5627-TVBPP,Yes,No,No,No,No,No,No,No,No
4067-HLYQI,Yes,No,Yes,No,No,No,No,No,No
5057-RKGLH,Yes,No,No,No,No,No,No,No,No
8910-ICHIU,Yes,No,Yes,Yes,Yes,Yes,No,Yes,No
4049-ZPALD,Yes,No,Yes,Yes,No,Yes,No,Yes,Yes
1310-QRITU,Yes,Yes,Yes,No,No,No,No,No,No
9715-SBVSU,Yes,No,Yes,Yes,Yes,No,No,No,Yes
8630-QSGXK,Yes,Yes,Yes,No,No,No,Yes,Yes,Yes
5995-WWKKG,Yes,No,No,No,No,No,No,No,No
9921-EZKBY,Yes,Yes,Yes,Yes,No,Yes,No,No,Yes
7432-FFVAR,Yes,No,Yes,No,No,Yes,Yes,No,Yes
4456-RHSNB,Yes,No,Yes,No,No,Yes,No,No,No
1832-PEUTS,Yes,Yes,Yes,No,No,Yes,No,Yes,No
8660-BUETV,Yes,No,Yes,No,No,No,No,No,No
4012-YCFAI,Yes,No,Yes,Yes,Yes,No,Yes,No,No
0221-NAUXK,Yes,No,No,No,No,No,No,No,No
3374-TTZTK,Yes,No,Yes,Yes,Yes,Yes,Yes,Yes,Yes
2275-RBYQS,Yes,No,Yes,No,No,No,No,No,No
7794-JASDG,Yes,No,Yes,Yes,No,No,No,No,No
8048-DSDFQ,Yes,No,No,No,No,No,No,No,No
5753-QQWPW,Yes,No,Yes,Yes,Yes,No,Yes,No,No
0623-GDISB,Yes,No,Yes,Yes,No,No,No,No,No
2137-DQMEV,No,No,Yes,Yes,Yes,No,No,Yes,No
4589-IUAJB,Yes,Yes,No,No,No,No,No,No,No
8838-GPHZP,Yes,No,No,No,No,No,No,No,No
6339-DKLMK,No,No,Yes,No,Yes,No,No,No,No
5088-QZLRL,Yes,No,No,No,No,No,No,No,No
3057-VJJQE,Yes,Yes,Yes,Yes,No,No,No,No,No
9107-UKCKY,Yes,Yes,Yes,No,Yes,Yes,No,Yes,Yes
4654-ULTTN,Yes,Yes,Yes,Yes,No,Yes,Yes,No,Yes
5546-BYZSM,Yes,No,No,No,No,No,No,No,No
8859-YSTWS,Yes,No,No,No,No,No,No,No,No
0487-VVUVK,Yes,No,No,No,No,No,No,No,No
2877-VDUER,No,No,Yes,No,No,No,Yes,Yes,No
9432-VOFYX,Yes,No,Yes,No,No,No,No,No,No
8963-MQVYN,Yes,No,No,No,No,No,No,No,No
2458-EOMRE,Yes,No,Yes,Yes,No,Yes,No,No,Yes
6542-LWGXJ,No,No,Yes,No,No,No,No,No,No
7452-FOLON,Yes,Yes,No,No,No,No,No,No,No
4942-VZZOM,Yes,Yes,Yes,Yes,No,No,No,Yes,No
5666-MBJPT,Yes,Yes,No,No,No,No,No,No,No
7312-XSBAT,Yes,No,Yes,Yes,No,No,No,No,No
2371-JQHZZ,Yes,Yes,Yes,No,No,No,No,Yes,Yes
0674-GCDXG,Yes,Yes,Yes,Yes,No,Yes,Yes,No,Yes
6345-HOVES,No,No,Yes,No,No,No,No,No,No
6370-ZVHDV,Yes,Yes,No,No,No,No,No,No,No
0336-KXKFK,No,No,Yes,Yes,No,Yes,Yes,Yes,Yes
0168-XZKBB,Yes,Yes,Yes,No,No,No,No,Yes,No
6297-NOOPG,Yes,Yes,Yes,No,Yes,Yes,Yes,Yes,Yes
7824-PANSQ,Yes,Yes,Yes,No,No,No,Yes,No,No
9730-DRTMJ,Yes,Yes,Yes,Yes,No,No,Yes,Yes,No
0932-YIXYU,Yes,No,No,No,No,No,No,No,No
7480-SPLEF,Yes,Yes,No,No,No,No,No,No,No
1116-FRYVH,No,No,Yes,Yes,Yes,No,Yes,No,No
1539-LNKHM,Yes,No,No,No,No,No,No,No,No
6087-YPWHO,Yes,Yes,Yes,Yes,Yes,Yes,Yes,No,No
3090-QFUVD,Yes,No,No,No,No,No,No,No,No
1722-LDZJS,Yes,No,No,No,No,No,No,No,No
0506-YLVKJ,Yes,No,No,No,No,No,No,No,No
4815-GBTCD,No,No,Yes,No,No,No,No,No,No
0980-PVMRC,No,No,Yes,No,Yes,No,No,Yes,Yes
7233-DRTRF,Yes,Yes,Yes,No,Yes,Yes,No,Yes,Yes
8571-ZCMCX,No,No,Yes,Yes,Yes,Yes,No,Yes,Yes
1169-WCVAK,Yes,Yes,Yes,Yes,Yes,No,Yes,No,No
8099-MZPUJ,Yes,Yes,Yes,Yes,Yes,Yes,Yes,Yes,Yes
3197-NNYNB,Yes,Yes,Yes,No,Yes,Yes,No,Yes,Yes
3396-DKDEL,Yes,Yes,Yes,Yes,Yes,Yes,Yes,Yes,Yes
9867-NNXLC,Yes,No,No,No,No,No,No,No,No
5321-NTRKC,Yes,Yes,Yes,No,Yes,Yes,No,Yes,Yes
2862-JVEOY,Yes,No,No,No,No,No,No,No,No
9822-BIIGN,Yes,Yes,Yes,Yes,No,No,Yes,No,Yes
1534-OULXE,Yes,No,Yes,Yes,No,No,No,No,No
2905-KFQUV,Yes,No,Yes,No,No,No,No,No,No
7876-BEUTG,Yes,Yes,Yes,No,No,No,No,No,No
8241-JUIQO,Yes,No,No,No,No,No,No,No,No
9584-EXCDZ,Yes,No,Yes,No,No,No,No,No,No
3229-USWAR,Yes,No,Yes,Yes,No,Yes,Yes,Yes,Yes
6131-JLWZM,Yes,No,No,No,No,No,No,No,No
0269-XFESX,Yes,Yes,No,No,No,No,No,No,No
0383-CLDDA,Yes,Yes,Yes,Yes,No,Yes,Yes,Yes,Yes
2709-UQGNP,Yes,No,Yes,Yes,No,No,No,No,No
3549-ZTMNH,Yes,Yes,No,No,No,No,No,No,No
1976-AZZPJ,No,No,Yes,Yes,Yes,No,No,No,No
5965-GGPRW,Yes,Yes,Yes,Yes,No,Yes,No,Yes,Yes
1356-MKYSK,Yes,No,Yes,Yes,No,Yes,Yes,Yes,Yes
6080-LNESI,Yes,Yes,No,No,No,No,No,No,No
9418-RUKPH,Yes,No,No,No,No,No,No,No,No
4712-AUQZO,No,No,Yes,Yes,No,Yes,No,No,No
2862-PFNIK,No,No,Yes,No,No,No,No,No,No
2729-VNVAP,Yes,No,No,No,No,No,No,No,No
2324-EFHVG,Yes,Yes,Yes,No,Yes,Yes,No,Yes,Yes
7094-MSZAO,Yes,No,No,No,No,No,No,No,No
6907-CQGPN,No,No,Yes,No,Yes,No,Yes,No,No
0780-XNZFN,Yes,No,No,No,No,No,No,No,No
7049-GKVZY,Yes,No,Yes,Yes,Yes,No,Yes,Yes,Yes
8577-QSOCG,Yes,No,No,No,No,No,No,No,No
1099-GODLO,Yes,No,No,No,No,No,No,No,No
1472-TNCWL,Yes,No,Yes,No,Yes,No,No,Yes,Yes
3779-OSWCF,Yes,Yes,Yes,Yes,Yes,Yes,Yes,Yes,Yes
1360-RCYRT,No,No,Yes,No,No,No,Yes,No,No
0487-RPVUM,Yes,Yes,Yes,Yes,No,Yes,Yes,Yes,No
0057-QBUQH,Yes,Yes,No,No,No,No,No,No,No
4003-FUSHP,Yes,No,Yes,No,No,No,Yes,Yes,No
1397-XKKWR,No,No,Yes,Yes,No,Yes,No,No,No
8097-OMULG,Yes,No,Yes,No,Yes,Yes,Yes,Yes,Yes
0916-KNFAJ,Yes,Yes,Yes,Yes,No,Yes,No,No,Yes
9625-QNLUX,Yes,No,Yes,Yes,Yes,Yes,No,Yes,Yes
7110-BDTWG,No,No,Yes,No,No,Yes,Yes,No,Yes
7493-GVFIO,Yes,No,No,No,No,No,No,No,No
9114-DPSIA,Yes,Yes,Yes,Yes,Yes,Yes,Yes,No,Yes
9795-NREXC,Yes,Yes,Yes,Yes,No,Yes,Yes,Yes,Yes
3831-YCPUO,Yes,No,Yes,Yes,Yes,Yes,Yes,Yes,Yes
7445-WMRBW,Yes,Yes,Yes,No,Yes,Yes,Yes,Yes,No
6218-KNUBD,Yes,No,Yes,No,Yes,No,No,Yes,No
7337-CINUD,Yes,No,No,No,No,No,No,No,No
7153-CHRBV,Yes,No,Yes,Yes,No,Yes,Yes,No,No
4132-POCZS,No,No,Yes,Yes,No,No,No,No,Yes
3896-RCYYE,No,No,Yes,No,No,Yes,Yes,Yes,Yes
3726-TBHQT,Yes,Yes,Yes,Yes,Yes,Yes,Yes,Yes,Yes
0178-CIIKR,Yes,No,No,No,No,No,No,No,No
4937-QPZPO,Yes,Yes,Yes,No,No,Yes,No,Yes,Yes
7542-CYDDM,Yes,No,No,No,No,No,No,No,No
2988-QRAJY,Yes,Yes,Yes,Yes,Yes,Yes,No,Yes,Yes
1090-PYKCI,Yes,Yes,Yes,Yes,Yes,Yes,Yes,Yes,No
3058-WQDRE,No,No,Yes,No,No,No,No,No,No
7162-WPHPM,Yes,Yes,Yes,Yes,Yes,Yes,Yes,No,No
1452-UZOSF,Yes,Yes,Yes,Yes,Yes,Yes,Yes,Yes,No
6394-HHHZM,Yes,No,No,No,No,No,No,No,No
3544-FBCAS,Yes,Yes,Yes,Yes,Yes,Yes,No,Yes,Yes
3705-RHRFR,Yes,Yes,Yes,Yes,No,No,No,Yes,Yes
9374-YOLBJ,Yes,No,No,No,No,No,No,No,No
0458-HEUZG,No,No,Yes,No,No,Yes,Yes,No,No
4685-ERGHK,Yes,Yes,Yes,No,No,No,No,Yes,No
4012-ZTHBR,Yes,No,Yes,No,No,No,No,No,No
2717-HVIZY,Yes,No,No,No,No,No,No,No,No
6308-CQRBU,Yes,Yes,Yes,No,Yes,Yes,Yes,Yes,Yes
5442-BHQNG,Yes,No,Yes,No,No,No,No,No,No
2169-RRLFW,Yes,Yes,No,No,No,No,No,No,No
0547-HURJB,Yes,No,No,No,No,No,No,No,No
0691-NIKRI,Yes,Yes,Yes,No,No,Yes,Yes,Yes,Yes
5022-JNQEQ,Yes,No,Yes,No,No,No,Yes,No,No
4378-MYPGO,Yes,No,Yes,Yes,Yes,Yes,No,Yes,Yes
8647-SDTWQ,Yes,Yes,Yes,No,No,No,No,No,No
3323-CPBWR,Yes,Yes,Yes,No,No,Yes,Yes,Yes,No
7718-RXDGG,Yes,No,Yes,No,No,No,No,No,No
3451-VAWLI,Yes,No,No,No,No,No,No,No,No
8735-DCXNF,Yes,No,Yes,Yes,No,No,Yes,No,No
6368-TZZDT,Yes,No,No,No,No,No,No,No,No
2335-GSODA,No,No,Yes,Yes,No,Yes,Yes,No,No
1952-DVVSW,Yes,No,No,No,No,No,No,No,No
9853-JFZDU,Yes,No,Yes,No,Yes,No,Yes,No,No
3999-WRNGR,No,No,Yes,No,Yes,No,No,Yes,Yes
4450-YOOHP,No,No,Yes,No,No,Yes,No,Yes,Yes
6728-CZFEI,Yes,No,Yes,No,No,No,No,Yes,No
9610-WCESF,No,No,Yes,Yes,No,No,Yes,Yes,No
1422-DGUBX,Yes,Yes,Yes,No,No,No,Yes,No,No
2999-AANRQ,Yes,No,Yes,Yes,Yes,No,Yes,Yes,No
0480-KYJVA,Yes,Yes,No,No,No,No,No,No,No
8221-EQDGL,Yes,No,Yes,Yes,Yes,Yes,No,No,No
9137-UIYPG,Yes,No,Yes,Yes,No,Yes,Yes,Yes,Yes
5339-PXDVH,Yes,Yes,Yes,Yes,No,No,No,Yes,No
2478-EEWWM,No,No,Yes,No,No,No,No,Yes,Yes
2233-TXSIU,No,No,Yes,Yes,No,Yes,No,Yes,No
9644-UMGQA,Yes,No,Yes,Yes,No,No,No,No,No
8164-OCKUJ,Yes,No,No,No,No,No,No,No,No
2599-CZABP,Yes,No,Yes,No,No,No,No,No,No
4544-RXFMG,Yes,No,Yes,No,No,No,No,No,No
0859-YGKFW,Yes,No,No,No,No,No,No,No,No
1150-FTQGN,Yes,Yes,Yes,Yes,Yes,No,No,Yes,No
1177-XZBJL,Yes,Yes,Yes,Yes,Yes,No,Yes,No,No
0939-EREMR,Yes,No,Yes,No,No,Yes,Yes,No,No
5998-DZLYR,Yes,Yes,Yes,No,Yes,No,Yes,No,Yes
6576-FBXOJ,No,No,Yes,No,No,Yes,Yes,Yes,Yes
4062-HBMOS,Yes,Yes,Yes,No,Yes,Yes,No,Yes,Yes
2676-ISHSF,Yes,No,No,No,No,No,No,No,No
1635-HDGFT,Yes,No,No,No,No,No,No,No,No
2159-TURXX,Yes,No,No,No,No,No,No,No,No
5647-URDKA,Yes,No,No,No,No,No,No,No,No
2229-DPMBI,Yes,No,No,No,No,No,No,No,No
2978-XXSOG,Yes,Yes,Yes,Yes,No,No,Yes,No,No
6953-PBDIN,Yes,Yes,Yes,No,Yes,Yes,Yes,Yes,No
3205-MXZRA,Yes,No,Yes,No,No,No,Yes,Yes,No
0083-PIVIK,Yes,Yes,Yes,Yes,Yes,Yes,Yes,Yes,No
9770-LXDBK,Yes,No,No,No,No,No,No,No,No
4086-WITJG,Yes,No,No,No,No,No,No,No,No
5474-LAMUQ,Yes,No,No,No,No,No,No,No,No
1122-YJBCS,Yes,No,Yes,Yes,Yes,No,No,No,No
4747-LCAQL,Yes,No,Yes,Yes,Yes,No,Yes,Yes,Yes
0898-XCGTF,Yes,Yes,Yes,No,No,No,No,Yes,Yes
5850-BDWCY,Yes,No,No,No,No,No,No,No,No
4779-ZGICK,Yes,Yes,No,No,No,No,No,No,No
4480-MBMLB,Yes,Yes,Yes,No,Yes,Yes,No,Yes,Yes
4075-WKNIU,Yes,Yes,Yes,No,Yes,Yes,Yes,Yes,No
5090-EMGTC,Yes,No,Yes,No,Yes,No,Yes,Yes,Yes
1442-BQPVU,No,No,Yes,No,Yes,No,No,No,No
9388-ZEYVT,No,No,Yes,No,No,Yes,Yes,No,Yes
7895-VONWT,No,No,Yes,No,No,Yes,No,Yes,Yes
4566-NECEV,Yes,Yes,Yes,No,Yes,Yes,No,No,Yes
2027-CWDNU,Yes,No,Yes,No,No,No,Yes,No,Yes
9912-OMZDS,Yes,Yes,Yes,No,Yes,Yes,No,Yes,Yes
7878-RTCZG,Yes,No,No,No,No,No,No,No,No
7315-WYOAW,Yes,Yes,Yes,No,No,No,Yes,Yes,Yes
1272-ILHFG,Yes,No,No,No,No,No,No,No,No
0164-XAIRP,Yes,No,No,No,No,No,No,No,No
5666-CYCYZ,Yes,Yes,Yes,No,No,No,Yes,No,Yes
6365-HITVU,Yes,No,Yes,Yes,Yes,Yes,Yes,Yes,Yes
3590-TCXTB,Yes,No,No,No,No,No,No,No,No
2144-ESWKO,No,No,Yes,Yes,No,Yes,No,No,No
7672-VFMXZ,Yes,No,Yes,Yes,No,No,Yes,No,No
9916-AYHTC,Yes,No,No,No,No,No,No,No,No
1488-SYSFC,Yes,No,No,No,No,No,No,No,No
0076-LVEPS,No,No,Yes,Yes,Yes,Yes,Yes,No,No
1596-OQSPS,Yes,No,Yes,No,Yes,No,No,No,No
3541-ZNUHK,Yes,Yes,Yes,Yes,Yes,No,No,No,No
4933-BSAIP,Yes,No,No,No,No,No,No,No,No
1116-DXXDF,Yes,No,Yes,Yes,No,Yes,No,Yes,Yes
4707-MAXGU,Yes,Yes,No,No,No,No,No,No,No
7009-LGECI,Yes,No,Yes,Yes,No,No,No,No,No
1036-GUDCL,Yes,No,Yes,Yes,Yes,No,Yes,Yes,Yes
3635-JBPSG,No,No,Yes,No,Yes,No,No,No,Yes
7964-ZRKKG,Yes,Yes,Yes,No,Yes,No,No,Yes,No
1724-IQWNM,Yes,No,No,No,No,No,No,No,No
6897-UUBNU,Yes,No,Yes,No,Yes,No,Yes,Yes,No
8930-XOTDP,Yes,No,Yes,No,No,No,No,Yes,No
0531-XBKMM,Yes,Yes,Yes,Yes,Yes,No,Yes,No,No
9700-ZCLOT,Yes,No,No,No,No,No,No,No,No
8792-AOROI,Yes,No,Yes,Yes,No,No,Yes,No,Yes
3452-SRFEG,Yes,Yes,Yes,No,No,No,No,No,No
6848-HJTXY,Yes,No,No,No,No,No,No,No,No
3191-CSNMG,Yes,No,Yes,No,No,No,No,Yes,No
7952-OBOYL,Yes,No,Yes,No,No,Yes,Yes,Yes,No
7853-OETYL,No,No,Yes,Yes,No,No,No,No,No
1956-YIFGE,Yes,No,Yes,No,Yes,Yes,No,Yes,Yes
2925-MXLSX,Yes,Yes,Yes,No,Yes,Yes,No,Yes,No
8213-TAZPM,Yes,Yes,Yes,No,Yes,Yes,Yes,Yes,Yes
2595-KIWPV,Yes,No,No,No,No,No,No,No,No
7619-PLRLP,Yes,Yes,Yes,Yes,Yes,Yes,No,No,Yes
6508-NJYRO,Yes,No,No,No,No,No,No,No,No
0357-NVCRI,Yes,No,No,No,No,No,No,No,No
6257-DTAYD,Yes,Yes,Yes,No,Yes,No,Yes,Yes,Yes
4616-ULAOA,Yes,Yes,Yes,No,Yes,Yes,Yes,Yes,Yes
2750-BJLSB,Yes,No,Yes,Yes,No,Yes,Yes,Yes,Yes
9588-YRFHY,Yes,No,No,No,No,No,No,No,No
5392-AKEMH,Yes,No,Yes,No,No,No,No,No,No
3914-FDRHP,Yes,No,Yes,No,No,No,Yes,Yes,No
3078-ZKNTS,Yes,No,No,No,No,No,No,No,No
0422-UXFAP,Yes,Yes,Yes,No,No,Yes,No,Yes,Yes
6439-PKTRR,Yes,Yes,Yes,Yes,Yes,Yes,Yes,Yes,No
5568-DMXZS,Yes,No,Yes,No,Yes,No,Yes,Yes,No
1389-WNUIB,Yes,Yes,Yes,Yes,No,No,No,Yes,Yes
0804-YGEQV,Yes,Yes,No,No,No,No,No,No,No
0928-XUTSN,Yes,No,Yes,No,No,No,No,No,Yes
0052-YNYOT,Yes,No,No,No,No,No,No,No,No
6691-CCIHA,Yes,Yes,Yes,Yes,Yes,No,Yes,Yes,Yes
1685-BQULA,Yes,Yes,Yes,No,Yes,Yes,No,Yes,No
1471-GIQKQ,Yes,No,Yes,No,Yes,No,No,No,No
7203-OYKCT,Yes,Yes,Yes,No,Yes,Yes,No,Yes,Yes
9281-CEDRU,Yes,No,Yes,No,Yes,No,Yes,Yes,No
0871-OPBXW,Yes,No,No,No,No,No,No,No,No
9767-FFLEM,Yes,No,Yes,No,No,No,No,No,No
2569-WGERO,Yes,No,No,No,No,No,No,No,No
8779-QRDMV,No,No,Yes,No,No,Yes,No,No,Yes
4598-XLKNJ,Yes,No,Yes,No,Yes,Yes,No,Yes,Yes
4846-WHAFZ,Yes,Yes,Yes,No,No,No,No,No,No
0094-OIFMO,Yes,No,Yes,No,Yes,No,No,Yes,Yes
9947-OTFQU,Yes,No,Yes,No,Yes,No,No,No,No
3606-TWKGI,Yes,Yes,Yes,No,Yes,Yes,No,Yes,Yes
8098-LLAZX,Yes,Yes,Yes,No,No,No,No,Yes,Yes
0265-EDXBD,Yes,Yes,Yes,No,No,No,No,No,No
2840-XANRC,Yes,No,Yes,No,No,Yes,No,Yes,Yes
0533-BNWKF,Yes,Yes,Yes,No,Yes,Yes,No,No,No
0334-GDDSO,Yes,Yes,Yes,No,Yes,No,No,No,No
5564-NEMQO,Yes,No,Yes,No,No,Yes,No,No,No
6235-VDHOM,No,No,Yes,No,Yes,No,No,No,No
2865-TCHJW,Yes,Yes,Yes,No,No,Yes,No,Yes,No
3419-SNJJD,Yes,Yes,Yes,Yes,No,Yes,No,Yes,Yes
4160-AMJTL,Yes,No,No,No,No,No,No,No,No
2684-EIWEO,Yes,Yes,Yes,Yes,Yes,Yes,No,No,No
0691-IFBQW,Yes,Yes,Yes,Yes,Yes,Yes,No,Yes,Yes
3643-AHCFP,Yes,Yes,Yes,No,No,No,No,Yes,Yes
8919-FYFQZ,No,No,Yes,No,Yes,No,No,No,No
4822-RVYBB,Yes,Yes,Yes,No,No,Yes,No,Yes,Yes
4145-UQXUQ,Yes,No,Yes,No,No,Yes,No,Yes,Yes
4441-NIHPT,Yes,No,Yes,No,No,Yes,No,No,No
8111-SLLHI,Yes,Yes,Yes,No,Yes,Yes,No,Yes,Yes
6567-HOOPW,Yes,No,Yes,No,No,No,No,Yes,No
0661-XEYAN,No,No,Yes,No,No,No,No,No,No
2660-EMUBI,Yes,Yes,Yes,No,No,No,No,Yes,Yes
3068-OMWZA,Yes,Yes,Yes,No,No,Yes,No,Yes,No
4154-AQUGT,Yes,No,Yes,No,Yes,No,Yes,No,Yes
8375-DKEBR,Yes,No,Yes,No,No,No,No,No,No
7156-MHUGY,Yes,No,Yes,No,No,No,No,Yes,Yes
3536-IQCTX,Yes,Yes,Yes,No,No,No,No,No,Yes
3132-TVFDZ,No,No,Yes,No,No,No,No,Yes,Yes
6702-OHFWR,No,No,Yes,No,Yes,Yes,No,No,Yes
3424-NMNBO,Yes,Yes,Yes,Yes,Yes,Yes,No,Yes,Yes
8290-YWKHZ,Yes,Yes,Yes,No,No,No,No,Yes,Yes
8699-ASUFO,Yes,Yes,Yes,No,No,No,No,No,No
4140-MUHUG,Yes,No,Yes,No,No,Yes,No,Yes,No
8263-JQAIK,No,No,Yes,No,No,No,No,No,No
5186-SAMNZ,Yes,No,Yes,No,No,No,No,No,No
5539-TMZLF,Yes,No,Yes,No,No,No,No,No,No
6861-XWTWQ,Yes,Yes,Yes,No,No,Yes,No,Yes,Yes
8510-AWCXC,Yes,Yes,Yes,Yes,No,No,No,Yes,Yes
1724-BQUHA,Yes,No,Yes,No,No,No,No,Yes,Yes
4826-XTSOH,Yes,Yes,Yes,No,No,No,No,Yes,No
3001-CBHLQ,Yes,Yes,Yes,No,No,Yes,Yes,Yes,Yes
3999-QGRJH,Yes,No,Yes,No,No,No,No,No,No
4550-VBOFE,Yes,Yes,Yes,No,Yes,Yes,No,Yes,Yes
2845-AFFTX,Yes,Yes,Yes,No,No,Yes,No,Yes,Yes
1891-FZYSA,Yes,Yes,Yes,No,Yes,No,No,Yes,No
3677-IYRBF,No,No,Yes,No,No,Yes,No,No,No
8118-LSUEL,Yes,Yes,Yes,No,Yes,Yes,No,Yes,Yes
9174-FKWZE,Yes,No,No,No,No,No,No,No,No
5307-DZCVC,Yes,Yes,Yes,No,No,No,No,Yes,No
5649-ANRML,Yes,No,Yes,No,Yes,Yes,Yes,No,Yes
7779-LGOVN,Yes,Yes,Yes,No,No,No,No,No,Yes
9710-ZUSHQ,Yes,Yes,Yes,Yes,Yes,No,No,Yes,Yes
3318-OSATS,Yes,Yes,Yes,No,No,No,No,Yes,Yes
9885-CSMWE,Yes,No,Yes,No,No,No,No,Yes,No
8749-JMNKX,Yes,Yes,Yes,Yes,No,Yes,No,Yes,No
2260-USTRB,Yes,No,Yes,No,No,No,No,No,No
8623-TMRBY,Yes,Yes,Yes,No,Yes,Yes,No,No,No
0612-RTZZA,No,No,Yes,No,No,No,No,No,No
9488-HGMJH,Yes,No,Yes,No,No,No,No,No,No
4958-XCBDQ,Yes,Yes,Yes,No,No,Yes,No,Yes,Yes
8374-XGEJJ,Yes,Yes,Yes,No,Yes,No,No,Yes,Yes
6946-LMSQS,Yes,Yes,Yes,Yes,No,No,No,No,Yes
0812-WUPTB,Yes,No,Yes,No,No,No,No,No,No
1304-NECVQ,Yes,Yes,Yes,No,No,Yes,No,No,No
2860-RANUS,Yes,Yes,Yes,No,No,No,No,No,Yes
0406-BPDVR,Yes,Yes,Yes,No,Yes,No,No,Yes,Yes
4902-OHLSK,Yes,Yes,Yes,No,No,No,Yes,Yes,Yes
2357-COQEK,Yes,Yes,Yes,No,No,Yes,Yes,Yes,Yes
6425-YQLLO,Yes,Yes,Yes,No,No,Yes,Yes,Yes,Yes
6899-PPEEA,Yes,Yes,Yes,No,No,No,No,Yes,Yes
4597-NUCQV,Yes,Yes,Yes,No,Yes,No,No,Yes,Yes
7903-CMPEY,Yes,Yes,Yes,Yes,No,No,No,No,No
1704-NRWYE,Yes,No,Yes,No,No,No,No,Yes,No
6543-XRMYR,Yes,Yes,Yes,No,Yes,No,No,Yes,Yes
9965-YOKZB,Yes,Yes,Yes,No,No,No,No,No,Yes
2778-OCLGR,No,No,Yes,Yes,No,No,No,No,Yes
8696-JKZNU,Yes,Yes,Yes,No,No,No,No,No,No
5233-GEEAX,No,No,Yes,No,No,Yes,No,No,No
7137-RYLPP,Yes,Yes,Yes,No,No,No,No,Yes,No
5281-BUZGT,Yes,Yes,Yes,Yes,No,No,No,Yes,No
2718-GAXQD,Yes,No,Yes,No,No,No,No,No,No
1862-SKORY,No,No,Yes,No,Yes,No,No,Yes,No
3247-ZVOUO,Yes,Yes,Yes,No,No,No,No,No,Yes
6686-YPGHK,Yes,No,Yes,Yes,No,No,No,No,Yes
8010-EZLOU,Yes,Yes,Yes,No,Yes,No,No,No,No
8062-YBDOE,Yes,No,Yes,No,No,No,No,No,No
3672-YITQD,Yes,Yes,Yes,No,No,No,No,No,Yes
3776-EKTKM,No,No,Yes,No,No,No,No,Yes,No
9381-NDKME,No,No,Yes,No,No,Yes,No,No,Yes
6029-WTIPC,Yes,Yes,Yes,No,No,Yes,No,Yes,Yes
7000-WCEVQ,Yes,Yes,Yes,No,No,No,No,No,Yes
8473-VUVJN,Yes,Yes,Yes,No,No,No,No,No,No
3755-JBMNH,Yes,No,Yes,No,No,No,No,No,No
0013-EXCHZ,Yes,No,Yes,No,No,No,Yes,Yes,No
6284-AHOOQ,Yes,Yes,Yes,No,No,No,Yes,Yes,No
0193-ESZXP,Yes,No,Yes,Yes,Yes,No,Yes,Yes,Yes
2398-YPMUR,Yes,No,Yes,No,No,No,No,No,No
4871-JTKJF,Yes,No,Yes,No,No,No,No,No,No
2642-DTVCO,Yes,Yes,Yes,No,No,No,No,No,Yes
3398-ZOUAA,Yes,No,Yes,No,No,No,No,No,No
1965-AKTSX,Yes,Yes,Yes,No,Yes,No,No,No,No
6496-SLWHQ,Yes,Yes,Yes,No,Yes,Yes,No,Yes,Yes
9912-GVSEQ,Yes,Yes,Yes,No,Yes,Yes,No,No,Yes
1324-NLTJE,Yes,Yes,Yes,No,No,No,Yes,No,No
6646-VRFOL,Yes,Yes,Yes,No,Yes,Yes,No,Yes,Yes
6595-YGXIT,Yes,Yes,Yes,No,Yes,No,No,Yes,No
9835-ZIITK,Yes,Yes,Yes,No,Yes,Yes,Yes,Yes,Yes
1095-JUDTC,Yes,Yes,Yes,No,Yes,No,Yes,Yes,No
8651-ENBZX,Yes,Yes,Yes,No,No,Yes,Yes,Yes,Yes
8634-MPHTR,Yes,Yes,Yes,No,No,Yes,No,Yes,Yes
7632-MNYOY,Yes,Yes,Yes,No,Yes,Yes,Yes,Yes,Yes
0685-MLYYM,Yes,No,Yes,No,No,No,No,No,No
7234-FECYN,Yes,Yes,Yes,No,No,Yes,No,Yes,Yes
1400-MMYXY,Yes,Yes,Yes,No,Yes,Yes,No,Yes,Yes
7142-HVGBG,Yes,Yes,Yes,No,Yes,Yes,No,Yes,Yes
1564-NTYXF,Yes,Yes,Yes,No,No,No,No,No,Yes
8361-LTMKD,Yes,Yes,Yes,No,No,No,No,No,No
8665-UTDHZ,No,No,Yes,No,Yes,No,No,No,No
8168-UQWWF,Yes,Yes,Yes,No,No,Yes,No,Yes,Yes
9420-LOJKX,Yes,No,Yes,Yes,Yes,No,No,Yes,Yes
0486-HECZI,Yes,Yes,Yes,Yes,Yes,No,No,Yes,No
1875-QIVME,Yes,Yes,Yes,No,No,Yes,Yes,Yes,Yes
0691-JVSYA,Yes,No,Yes,No,No,Yes,No,Yes,Yes
6317-YPKDH,No,No,Yes,No,Yes,No,No,No,No
1918-ZBFQJ,Yes,No,Yes,No,Yes,Yes,No,No,No
1285-OKIPP,Yes,No,Yes,No,No,No,No,No,Yes
2232-DMLXU,Yes,No,Yes,No,No,No,No,Yes,No
4629-NRXKX,Yes,No,Yes,No,No,No,No,No,No
6323-AYBRX,Yes,No,No,No,No,No,No,No,No
6390-DSAZX,Yes,No,Yes,Yes,No,No,No,No,No
7563-BIUPC,Yes,No,Yes,No,No,No,No,Yes,No
4322-RCYMT,Yes,Yes,Yes,No,Yes,Yes,Yes,No,Yes
6680-NENYN,Yes,Yes,Yes,No,Yes,Yes,No,Yes,Yes
2034-GDRCN,Yes,No,Yes,No,No,No,No,Yes,Yes
9601-BRXPO,Yes,Yes,Yes,No,No,Yes,Yes,Yes,Yes
6905-NIQIN,Yes,No,Yes,No,Yes,No,No,No,No
5167-ZFFMM,Yes,Yes,Yes,No,Yes,No,No,No,Yes
6599-CEBNN,Yes,No,Yes,No,Yes,No,No,No,No
0979-PHULV,Yes,Yes,Yes,No,No,Yes,No,Yes,Yes
0578-SKVMF,Yes,No,Yes,No,Yes,No,No,No,Yes
4110-PFEUZ,Yes,No,Yes,No,No,No,No,No,No
3811-VBYBZ,Yes,Yes,Yes,No,Yes,No,No,Yes,Yes
4640-UHDOS,Yes,No,Yes,No,No,No,No,No,Yes
9399-APLBT,Yes,No,Yes,No,Yes,No,No,No,No
2359-KMGLI,Yes,Yes,Yes,No,Yes,No,No,No,No
0306-JAELE,Yes,No,Yes,No,No,No,Yes,Yes,Yes
8372-JUXUI,Yes,Yes,Yes,No,No,No,No,No,No
6825-UYPFK,Yes,Yes,Yes,No,No,No,No,No,No
8397-MVTAZ,Yes,Yes,Yes,No,No,Yes,No,Yes,Yes
2817-NTQDO,No,No,Yes,Yes,No,No,Yes,Yes,No
6986-IJDHX,Yes,No,Yes,No,Yes,No,No,Yes,No
9576-ANLXO,Yes,No,Yes,No,No,No,No,No,No
5650-VDUDS,No,No,Yes,No,No,No,No,No,No
7538-GWHML,Yes,No,Yes,No,No,No,No,No,No
7133-VBDCG,Yes,No,Yes,Yes,Yes,No,No,No,No
4952-YSOGZ,Yes,Yes,Yes,No,No,No,No,No,Yes
6439-GTPCA,Yes,Yes,Yes,No,No,Yes,Yes,No,No
1894-IGFSG,Yes,No,Yes,No,No,No,No,Yes,Yes
3900-AQPHZ,Yes,No,No,No,No,No,No,No,No
1450-GALXR,Yes,Yes,Yes,No,No,No,Yes,Yes,Yes
4289-DTDKW,Yes,Yes,Yes,No,Yes,No,No,Yes,Yes
2311-QYMUQ,Yes,No,Yes,No,Yes,Yes,No,Yes,No
3104-OWCGK,Yes,No,Yes,No,Yes,Yes,No,Yes,No
6982-SSHFK,Yes,No,Yes,No,No,No,No,No,No
2382-BCKQJ,Yes,Yes,Yes,No,No,Yes,No,Yes,Yes
2207-NHRJK,Yes,No,Yes,No,Yes,No,No,No,No
9944-HKVVB,Yes,No,Yes,No,Yes,No,No,Yes,Yes
3313-QKNKB,Yes,Yes,Yes,No,No,No,No,No,Yes
3908-BLSYF,Yes,No,Yes,No,No,Yes,No,No,Yes
7549-MYGPK,Yes,Yes,Yes,Yes,Yes,Yes,No,Yes,No
2719-BDAQO,Yes,No,Yes,Yes,No,No,No,Yes,Yes
2834-JRTUA,Yes,Yes,Yes,Yes,No,Yes,Yes,Yes,Yes
8603-IJWDN,Yes,Yes,Yes,No,No,No,No,No,Yes
8818-XYFCQ,Yes,Yes,Yes,Yes,No,No,No,Yes,Yes
8329-IBCTI,Yes,No,No,No,No,No,No,No,No
5981-ITEMU,Yes,Yes,Yes,No,No,No,No,Yes,Yes
2074-GKOWZ,Yes,No,Yes,No,No,No,No,Yes,Yes
5536-RTPWK,Yes,Yes,Yes,No,Yes,No,No,Yes,Yes
6166-ILMNY,Yes,No,Yes,No,No,No,No,No,No
8257-RZAHR,Yes,Yes,Yes,Yes,No,No,No,Yes,No
5868-CZJDR,No,No,Yes,No,Yes,No,No,No,No
0135-NMXAP,Yes,Yes,Yes,No,Yes,No,No,Yes,No
3992-YWPKO,Yes,Yes,Yes,No,Yes,Yes,Yes,Yes,Yes
0125-LZQXK,Yes,No,Yes,No,No,Yes,Yes,Yes,Yes
6358-LYNGM,Yes,Yes,Yes,No,No,No,No,No,No
5494-HECPR,Yes,No,Yes,No,No,No,No,Yes,No
9824-BEMCV,Yes,No,Yes,No,No,No,No,No,No
7979-CORPM,Yes,Yes,Yes,No,Yes,No,No,Yes,No
1618-CFHME,Yes,Yes,Yes,No,No,No,No,No,No
3165-HDOEW,Yes,No,Yes,No,No,No,No,No,No
7595-EUIVN,Yes,No,Yes,No,Yes,No,No,No,No
7831-QGOXH,Yes,Yes,Yes,No,No,No,No,Yes,No
1725-MIMXW,Yes,No,No,No,No,No,No,No,No
4791-QRGMF,Yes,Yes,Yes,No,No,Yes,No,Yes,Yes
1934-SJVJK,Yes,No,No,No,No,No,No,No,No
9269-CQOOL,Yes,No,Yes,No,No,No,No,Yes,No
1184-PJVDB,Yes,No,Yes,No,No,No,No,Yes,No
7943-RQCHR,Yes,Yes,Yes,No,No,No,No,Yes,Yes
9518-RWHZL,Yes,Yes,Yes,No,No,Yes,No,Yes,Yes
6240-EURKS,No,No,Yes,No,No,No,No,No,Yes
4763-PGDPO,Yes,No,Yes,No,No,No,No,No,No
5394-SVGJV,Yes,Yes,Yes,No,No,No,Yes,Yes,Yes
9851-QXEEQ,Yes,Yes,Yes,No,Yes,Yes,No,Yes,Yes
5766-XQXMQ,Yes,No,Yes,Yes,Yes,Yes,No,No,Yes
0330-IVZHA,Yes,No,Yes,No,No,No,No,No,No
4237-RLAQD,Yes,No,Yes,No,No,No,No,No,No
2003-CKLOR,Yes,No,Yes,No,Yes,Yes,No,Yes,Yes
1205-WNWPJ,Yes,No,Yes,No,No,No,Yes,Yes,No
8387-MOJJT,Yes,No,Yes,No,No,No,No,Yes,No
6032-KRXXO,Yes,No,Yes,No,No,No,No,Yes,Yes
1262-OPMFY,Yes,No,Yes,No,No,Yes,No,No,No
5364-XYIRR,Yes,Yes,Yes,No,No,No,No,Yes,Yes
0375-HVGXO,No,No,Yes,No,No,No,No,Yes,No
4423-YLHDV,Yes,Yes,Yes,Yes,No,Yes,No,Yes,Yes
3877-JRJIP,Yes,Yes,Yes,No,No,No,No,Yes,No
7551-JOHTI,Yes,No,No,No,No,No,No,No,No
5318-IXUZF,Yes,No,Yes,No,Yes,No,No,Yes,No
9436-ZBZCT,Yes,Yes,Yes,No,No,No,Yes,Yes,No
0516-VRYBW,Yes,No,No,No,No,No,No,No,No
5687-DKDTV,Yes,No,No,No,No,No,No,No,No
4911-BANWH,Yes,Yes,Yes,No,No,No,No,Yes,No
0621-TWIEM,Yes,No,Yes,No,No,No,No,No,No
6770-XUAGN,Yes,No,No,No,No,No,No,No,No
3948-XHGNA,Yes,No,Yes,Yes,No,No,No,No,No
3858-VOBET,Yes,Yes,Yes,No,No,No,No,No,No
0224-HJAPT,Yes,Yes,Yes,No,No,No,No,No,No
8086-OVPWV,Yes,No,Yes,No,No,No,No,No,Yes
7694-VLBWQ,Yes,Yes,Yes,No,Yes,Yes,No,Yes,Yes
6481-OGDOO,Yes,No,Yes,Yes,Yes,No,No,No,Yes
6356-ELRKD,Yes,No,Yes,Yes,No,No,No,Yes,Yes
2737-YNGYW,Yes,No,Yes,No,No,No,No,No,Yes
8182-BJDSI,Yes,Yes,Yes,No,Yes,No,No,No,Yes
1583-IHQZE,Yes,Yes,Yes,No,Yes,Yes,Yes,Yes,Yes
0151-ONTOV,Yes,No,Yes,No,No,No,No,No,No
6140-QNRQQ,Yes,No,Yes,No,No,No,No,No,No
2027-FECZV,Yes,Yes,Yes,No,Yes,Yes,No,Yes,Yes
2672-DZUOY,No,No,Yes,No,No,No,No,No,No
7377-DMMRI,Yes,No,Yes,Yes,No,No,No,No,No
8949-JTMAY,Yes,Yes,Yes,No,No,Yes,No,Yes,Yes
8835-VSDSE,Yes,No,Yes,No,No,No,No,No,No
8433-WXGNA,Yes,No,Yes,Yes,No,No,No,No,No
5766-ZJYBB,Yes,No,No,No,No,No,No,No,No
4277-PVRAN,Yes,No,Yes,No,No,No,No,Yes,No
8178-EYZUO,Yes,Yes,Yes,Yes,Yes,No,No,No,Yes
4323-SADQS,No,No,Yes,Yes,No,No,Yes,No,No
5202-IVJNU,No,No,Yes,No,No,Yes,No,No,No
4588-YBNIB,Yes,No,No,No,No,No,No,No,No
5028-GZLDO,Yes,No,Yes,No,No,No,No,No,No
6769-DCQLI,Yes,No,Yes,No,Yes,Yes,Yes,Yes,Yes
3550-SAHFP,Yes,Yes,Yes,No,No,No,No,No,Yes
2725-KXXWT,Yes,No,Yes,No,No,No,No,Yes,Yes
8348-HFYIV,No,No,Yes,No,No,Yes,No,Yes,Yes
6849-WLEYG,Yes,No,No,No,No,No,No,No,No
7598-UAASY,Yes,No,Yes,No,No,Yes,No,No,No
0431-APWVY,Yes,No,Yes,No,No,No,No,Yes,Yes
0415-MOSGF,Yes,No,Yes,No,No,No,No,No,No
5624-BQSSA,Yes,No,No,No,No,No,No,No,No
0772-GYEQQ,Yes,No,Yes,No,No,Yes,Yes,Yes,No
7508-MYBOG,Yes,Yes,Yes,No,No,No,No,Yes,No
0310-MVLET,Yes,Yes,Yes,No,Yes,No,No,Yes,Yes
2115-BFTIW,Yes,No,Yes,No,No,No,No,No,No
0611-DFXKO,Yes,No,Yes,No,No,No,No,Yes,Yes
7780-OTDSO,Yes,Yes,Yes,Yes,No,No,No,Yes,Yes
9747-DDZOS,Yes,No,Yes,No,No,Yes,No,No,No
0564-JJHGS,Yes,Yes,Yes,No,No,No,No,Yes,Yes
1591-NFNLQ,Yes,Yes,Yes,No,No,Yes,No,No,No
2309-OSFEU,No,No,Yes,No,No,No,No,No,Yes
2640-PMGFL,Yes,Yes,Yes,No,No,No,Yes,No,No
3801-HMYNL,Yes,No,Yes,No,No,No,No,Yes,Yes
1761-AEZZR,Yes,No,Yes,No,No,No,No,Yes,No
7120-RFMVS,Yes,Yes,Yes,No,No,No,No,Yes,No
7317-GGVPB,Yes,Yes,Yes,No,Yes,Yes,Yes,Yes,Yes
5692-FPTAH,Yes,No,Yes,No,No,No,No,No,No
1550-LOAHA,Yes,No,Yes,No,Yes,No,No,No,Yes
0268-QKIWO,Yes,No,No,No,No,No,No,No,No
4250-FDVOU,Yes,No,Yes,Yes,Yes,No,No,No,No
0516-WJVXC,Yes,No,Yes,Yes,No,No,Yes,No,No
5077-DXTCG,Yes,No,Yes,No,No,No,No,No,No
4892-VLANZ,Yes,No,No,No,No,No,No,No,No
4236-XPXAV,Yes,No,Yes,No,Yes,No,Yes,Yes,Yes
0587-DMGBH,Yes,No,Yes,Yes,No,No,No,No,No
3148-BLQJT,Yes,No,No,No,No,No,No,No,No
8806-EAGWC,Yes,No,Yes,No,No,No,No,Yes,No
5498-TXHLF,Yes,Yes,Yes,No,No,Yes,No,Yes,No
9722-UJOJR,Yes,No,Yes,No,No,No,No,No,No
5828-AVIPD,Yes,Yes,Yes,No,No,No,Yes,Yes,Yes
1086-LXKFY,Yes,No,Yes,No,No,No,No,No,No
0697-ZMSWS,Yes,Yes,Yes,No,No,No,No,No,Yes
7593-XFKDI,Yes,No,Yes,No,No,No,No,No,No
3658-KIBGF,Yes,No,Yes,Yes,Yes,No,No,No,No
4946-EDSEW,Yes,No,No,No,No,No,No,No,No
4918-QLLIW,Yes,No,Yes,No,No,No,No,Yes,No
1625-JAIIY,Yes,Yes,Yes,No,No,No,No,Yes,No
4112-LUEIZ,Yes,No,Yes,No,No,No,No,Yes,Yes
7274-RTAPZ,Yes,No,Yes,No,No,No,No,Yes,Yes
8229-TNIQA,Yes,No,Yes,No,No,No,No,No,No
7730-IUTDZ,Yes,No,Yes,Yes,No,No,No,No,No
2332-EFBJY,Yes,No,No,No,No,No,No,No,No
2219-MVUSO,Yes,No,Yes,No,No,No,No,No,No
5998-VVEJY,Yes,Yes,Yes,No,No,No,Yes,No,No
0260-ZDLGK,Yes,No,Yes,No,No,Yes,Yes,Yes,Yes
0133-BMFZO,Yes,No,Yes,Yes,Yes,No,Yes,No,No
9540-JYROE,Yes,No,Yes,No,No,No,No,No,No
2612-RANWT,Yes,Yes,Yes,No,No,Yes,No,Yes,Yes
6849-OYAMU,Yes,No,Yes,No,Yes,No,Yes,Yes,Yes
5616-PRTNT,Yes,No,No,No,No,No,No,No,No
6688-UZPWD,Yes,Yes,Yes,No,Yes,No,No,Yes,Yes
2839-RFSQE,Yes,No,No,No,No,No,No,No,No
9057-SIHCH,Yes,Yes,Yes,No,No,No,No,Yes,Yes
4806-HIPDW,Yes,No,Yes,No,No,No,No,No,No
7479-NITWS,Yes,Yes,Yes,No,No,Yes,No,Yes,No
5960-WPXQM,Yes,No,Yes,No,No,No,No,Yes,No
6598-RFFVI,Yes,No,No,No,No,No,No,No,No
2533-QVMSK,Yes,Yes,Yes,No,Yes,No,Yes,Yes,No
2898-LSJGD,No,No,Yes,Yes,No,Yes,No,Yes,Yes
8938-UMKPI,Yes,Yes,Yes,No,Yes,Yes,No,Yes,Yes
0991-BRRFB,Yes,No,Yes,Yes,No,No,No,No,No
9025-AOMKI,Yes,Yes,Yes,No,No,No,No,Yes,Yes
4652-NNHNY,Yes,Yes,Yes,No,No,No,No,No,No
1731-TVIUK,Yes,Yes,Yes,No,Yes,No,Yes,No,Yes
5590-YRFJT,No,No,Yes,No,No,No,No,No,No
3677-TNKIO,Yes,No,Yes,No,No,No,No,No,No
0628-CNQRM,Yes,No,Yes,Yes,No,Yes,Yes,Yes,No
7665-TOALD,Yes,No,Yes,No,No,No,No,No,No
1196-AMORA,Yes,Yes,Yes,No,No,No,No,No,No
3285-UCQVC,No,No,Yes,No,No,No,Yes,No,No
3683-QKIUE,Yes,No,Yes,No,No,No,Yes,No,No
5445-PZWGX,Yes,Yes,Yes,Yes,Yes,No,Yes,No,Yes
5442-UTCVD,Yes,Yes,Yes,No,No,Yes,No,No,Yes
4013-TLDHQ,Yes,No,Yes,No,Yes,Yes,No,No,No
5502-RLUYV,Yes,Yes,Yes,No,Yes,Yes,No,Yes,Yes
4925-LMHOK,Yes,Yes,Yes,No,Yes,No,Yes,No,No
3178-FESZO,Yes,Yes,Yes,No,Yes,No,No,Yes,Yes
4806-KEXQR,Yes,No,Yes,No,No,No,No,No,Yes
6178-KFNHS,Yes,Yes,Yes,Yes,No,No,No,No,No
2013-SGDXK,Yes,No,Yes,No,Yes,No,No,Yes,No
4910-AQFFX,Yes,Yes,Yes,No,No,Yes,No,No,No
7639-SUPCW,Yes,No,Yes,Yes,No,No,No,No,No
0883-EIBTI,Yes,No,No,No,No,No,No,No,No
7571-YXDAD,Yes,Yes,Yes,No,No,No,No,No,No
7486-KSRVI,Yes,Yes,Yes,No,No,No,Yes,Yes,Yes
4106-HADHQ,Yes,No,Yes,Yes,No,Yes,Yes,Yes,Yes
6633-MPWBS,Yes,No,Yes,No,No,No,Yes,No,No
1582-RAFML,Yes,Yes,Yes,No,Yes,No,Yes,No,No
6532-YLWSI,Yes,No,No,No,No,No,No,No,No
5175-AOBHI,Yes,No,Yes,No,No,No,No,No,No
5174-RNGBH,Yes,No,Yes,No,Yes,No,Yes,Yes,No
9565-JSNFM,Yes,No,Yes,No,No,No,No,No,No
5134-IKDAY,Yes,No,Yes,No,No,No,No,No,No
2568-OIADY,Yes,Yes,Yes,No,No,Yes,No,Yes,Yes
4432-ADRLB,Yes,No,Yes,No,No,No,No,No,No
2626-URJFX,Yes,Yes,Yes,No,No,No,No,No,No
5884-GCYMI,Yes,No,Yes,No,No,No,No,No,No
7853-GVUDZ,Yes,No,No,No,No,No,No,No,No
4398-HSCJH,Yes,Yes,Yes,No,No,No,Yes,Yes,No
4430-UZIPO,No,No,Yes,No,Yes,No,Yes,No,No
4855-SNKMY,Yes,No,Yes,No,No,No,No,No,No
9692-TUSXH,Yes,No,Yes,Yes,No,No,No,Yes,Yes
6653-CBBOM,Yes,No,Yes,No,No,No,No,No,No
3705-PSNGL,Yes,No,No,No,No,No,No,No,No
8563-IIOXK,Yes,No,Yes,Yes,No,No,No,No,No
2982-VPSGI,Yes,Yes,Yes,No,No,No,No,Yes,Yes
4625-EWPTF,No,No,Yes,Yes,No,No,No,No,No
9048-JVYVF,Yes,No,Yes,No,No,No,Yes,Yes,Yes
8382-SHQEH,Yes,Yes,Yes,No,No,No,No,No,Yes
0302-JOIVN,Yes,No,Yes,No,Yes,Yes,No,Yes,Yes
4971-PUYQO,Yes,Yes,Yes,No,No,No,No,Yes,Yes
6682-QJDGB,Yes,No,Yes,Yes,Yes,No,No,No,No
3049-SOLAY,Yes,Yes,Yes,No,No,No,No,Yes,Yes
8058-INTPH,Yes,No,Yes,No,No,No,No,Yes,No
2082-OJVTK,Yes,Yes,Yes,No,No,Yes,No,No,Yes
2894-QOJRX,No,No,Yes,No,No,No,No,Yes,No
4919-IKATY,Yes,Yes,Yes,Yes,No,Yes,No,No,No
9050-QLROH,Yes,Yes,Yes,No,No,Yes,No,No,Yes
9637-EIHEQ,Yes,No,Yes,No,No,No,Yes,No,No
2362-IBOOY,Yes,Yes,Yes,No,No,No,No,No,Yes
2379-ENZGV,Yes,No,Yes,No,Yes,No,No,Yes,No
5228-EXCET,Yes,No,Yes,No,No,No,No,No,Yes
0727-IWKVK,Yes,No,Yes,No,Yes,Yes,No,No,No
6142-VSJQO,Yes,No,Yes,No,No,No,No,No,No
6437-UKHMV,Yes,No,Yes,No,No,No,No,Yes,No
1114-CENIM,Yes,Yes,Yes,No,Yes,No,No,No,No
6923-EFPNL,Yes,Yes,Yes,No,No,No,No,No,No
6804-GDMOI,Yes,Yes,Yes,No,No,Yes,Yes,Yes,Yes
9611-CTWIH,Yes,No,Yes,No,No,No,No,Yes,Yes
0329-GTIAJ,Yes,No,Yes,No,Yes,No,Yes,Yes,Yes
2225-ZRGSG,Yes,Yes,Yes,Yes,Yes,Yes,Yes,No,No
1660-HSOOQ,Yes,No,Yes,No,No,Yes,No,No,No
7253-UVNDW,Yes,No,Yes,No,No,Yes,Yes,No,No
1320-HTRDR,Yes,Yes,Yes,No,No,No,No,No,No
6821-BUXUX,Yes,Yes,Yes,Yes,Yes,No,No,Yes,No
9801-GDWGV,Yes,Yes,Yes,No,Yes,Yes,No,Yes,Yes
5143-WMWOG,Yes,No,No,No,No,No,No,No,No
0231-LXVAP,Yes,No,Yes,No,No,No,Yes,No,No
9444-JTXHZ,Yes,No,Yes,No,No,Yes,No,No,No
7812-FZHPE,Yes,Yes,No,No,No,No,No,No,No
5229-PRWKT,Yes,Yes,Yes,No,No,No,No,No,Yes
0156-FVPTA,Yes,No,Yes,Yes,No,No,Yes,No,No
0363-QJVFX,Yes,Yes,Yes,Yes,Yes,No,Yes,Yes,Yes
8042-JVNFH,Yes,No,Yes,No,No,No,No,No,No
5049-GLYVG,Yes,No,No,No,No,No,No,No,No
5883-GTGVD,Yes,Yes,Yes,No,Yes,No,No,Yes,Yes
4143-OOBWZ,Yes,Yes,Yes,No,Yes,No,No,No,No
7854-EKTJL,Yes,No,No,No,No,No,No,No,No
4361-JEIVL,Yes,No,Yes,No,No,No,No,No,No
9846-GKXAS,Yes,No,Yes,No,No,No,No,Yes,Yes
6017-PPLPX,Yes,No,Yes,No,No,No,No,No,No
4581-SSPWD,Yes,Yes,Yes,No,No,No,No,No,No
0378-NHQXU,Yes,Yes,Yes,No,No,Yes,No,Yes,No
7969-AULMZ,Yes,Yes,Yes,No,No,No,No,Yes,Yes
0733-VUNUW,Yes,Yes,Yes,Yes,No,No,No,No,No
4550-EVXNY,Yes,No,Yes,No,No,No,No,No,No
2968-SSGAA,Yes,Yes,Yes,No,No,Yes,No,Yes,Yes
6777-TGHTM,Yes,Yes,Yes,Yes,No,Yes,No,Yes,Yes
4786-UKSNZ,Yes,No,No,No,No,No,No,No,No
7240-ETPTR,No,No,Yes,No,No,Yes,No,Yes,Yes
6261-RCVNS,Yes,No,Yes,Yes,Yes,Yes,Yes,No,Yes
9185-TQCVP,Yes,Yes,Yes,No,No,No,No,No,Yes
3727-RJMEO,Yes,Yes,Yes,No,No,No,No,Yes,No
5685-IIXLY,Yes,No,Yes,No,Yes,No,No,No,Yes
5349-IECLD,Yes,No,Yes,No,No,Yes,No,Yes,Yes
3945-GFWQL,Yes,No,Yes,No,No,No,No,No,No
8364-TRMMK,Yes,Yes,Yes,No,No,No,No,No,No
5493-SDRDQ,Yes,No,Yes,Yes,No,Yes,No,No,No
3627-FCRDW,Yes,No,Yes,No,No,No,No,No,No
7562-GSUHK,Yes,No,Yes,No,Yes,Yes,No,No,Yes
4903-UYAVB,Yes,No,No,No,No,No,No,No,No
2868-MZAGQ,Yes,No,Yes,No,No,No,No,No,Yes
0475-RIJEP,Yes,Yes,Yes,No,Yes,No,No,No,No
3751-KTZEL,No,No,Yes,No,No,No,No,No,Yes
0328-GRPMV,Yes,No,Yes,No,No,No,No,No,No
4195-SMMNX,Yes,No,No,No,No,No,No,No,No
6956-SMUCM,Yes,No,Yes,Yes,No,Yes,No,Yes,Yes
3223-WZWJM,Yes,Yes,Yes,No,No,No,No,No,Yes
7493-TPUWZ,Yes,Yes,Yes,No,Yes,No,No,No,No
7623-TRNQN,Yes,No,Yes,No,No,No,Yes,No,No
9330-IJWIO,Yes,Yes,Yes,Yes,No,No,No,Yes,Yes
8073-IJDCM,Yes,No,No,No,No,No,No,No,No
0940-OUQEC,Yes,Yes,Yes,No,Yes,No,No,No,No
3259-FDWOY,Yes,Yes,Yes,No,Yes,Yes,No,Yes,Yes
4351-QLCSU,Yes,No,Yes,No,No,No,No,Yes,No
8708-XPXHZ,Yes,Yes,Yes,No,No,No,No,Yes,Yes
0220-EBGCE,Yes,No,Yes,No,No,Yes,No,No,Yes
3315-TOTBP,Yes,Yes,Yes,No,No,No,No,No,No
1518-VOWAV,Yes,No,Yes,Yes,Yes,No,No,Yes,Yes
5909-ECHUI,Yes,No,Yes,No,No,No,No,No,Yes
1309-BXVOQ,Yes,Yes,Yes,No,No,Yes,Yes,Yes,Yes
6518-LGAOV,Yes,Yes,Yes,No,No,Yes,Yes,Yes,Yes
7242-QZLXF,No,No,Yes,No,No,No,No,No,No
4576-CSAJH,Yes,No,Yes,No,Yes,No,Yes,No,No
9600-NAXZN,Yes,Yes,Yes,No,Yes,No,No,Yes,Yes
6457-USBER,Yes,No,Yes,No,No,No,No,No,Yes
4415-IJZTP,Yes,Yes,Yes,No,No,No,No,No,No
1465-VINDH,Yes,Yes,Yes,No,Yes,Yes,No,Yes,Yes
2737-WFVYW,No,No,Yes,No,No,No,No,Yes,Yes
5515-AKOAJ,Yes,Yes,Yes,No,No,No,Yes,Yes,Yes
8976-OQHGT,Yes,No,Yes,No,Yes,No,Yes,No,No
7660-HDPJV,Yes,No,Yes,No,No,No,No,No,No
7758-XKCBS,No,No,Yes,No,No,No,Yes,No,No
2685-SREOM,Yes,Yes,Yes,No,No,Yes,No,No,Yes
6692-UDPJC,Yes,Yes,Yes,No,No,No,Yes,Yes,No
7384-GHBPI,No,No,Yes,No,No,No,No,No,Yes
3926-CUQZX,Yes,No,Yes,No,No,No,No,No,No
1041-RXHRA,Yes,No,Yes,No,No,No,No,No,No
8083-YTZES,Yes,Yes,Yes,No,No,No,No,No,No
3976-BWUCK,Yes,Yes,Yes,No,Yes,No,Yes,Yes,No
3585-ISXZP,Yes,Yes,Yes,No,No,No,No,Yes,Yes
0093-XWZFY,Yes,Yes,Yes,No,Yes,Yes,No,Yes,Yes
7703-ZEKEF,Yes,Yes,Yes,No,No,Yes,No,No,No
3841-NFECX,Yes,Yes,Yes,Yes,Yes,Yes,Yes,No,No
3413-BMNZE,Yes,No,Yes,No,No,No,No,No,No
6575-SUVOI,Yes,Yes,Yes,Yes,No,No,Yes,Yes,No
3146-MSEGF,Yes,Yes,Yes,Yes,Yes,Yes,Yes,Yes,Yes
3197-ARFOY,Yes,No,Yes,Yes,Yes,No,Yes,Yes,Yes
3179-GBRWV,Yes,No,Yes,Yes,Yes,No,No,No,Yes
0111-KLBQG,Yes,No,Yes,No,Yes,No,No,Yes,Yes
1996-DBMUS,Yes,No,Yes,No,No,No,No,No,No
2055-SIFSS,Yes,Yes,Yes,No,No,No,No,No,No
1480-BKXGA,Yes,Yes,Yes,Yes,Yes,Yes,Yes,Yes,Yes
6705-LXORM,Yes,No,Yes,No,No,No,No,No,No
0356-OBMAC,Yes,Yes,Yes,No,Yes,Yes,Yes,Yes,No
6030-REHUX,Yes,Yes,Yes,No,Yes,Yes,Yes,Yes,Yes
6522-YRBXD,Yes,Yes,Yes,Yes,Yes,No,No,No,Yes
7134-MJPDY,Yes,Yes,Yes,No,No,Yes,Yes,Yes,Yes
4881-JVQOD,No,No,Yes,No,No,No,No,No,Yes
4908-XAXAY,Yes,No,Yes,No,Yes,Yes,No,No,Yes
3509-GWQGF,Yes,No,Yes,No,No,No,No,No,No
3729-OWRVL,Yes,Yes,Yes,Yes,No,Yes,Yes,Yes,Yes
9978-HYCIN,Yes,No,Yes,No,Yes,No,No,Yes,No
8329-UTMVM,Yes,Yes,Yes,No,Yes,No,Yes,Yes,Yes
7503-MIOGA,Yes,Yes,Yes,Yes,Yes,Yes,Yes,Yes,Yes
2123-AGEEN,Yes,No,Yes,No,No,Yes,No,Yes,No
1258-YMZNM,Yes,Yes,Yes,Yes,Yes,Yes,No,Yes,Yes
3956-CJUST,Yes,No,Yes,Yes,No,No,No,No,No
2826-DXLQO,No,No,Yes,Yes,No,No,No,No,No
9489-UTFKA,Yes,No,Yes,Yes,No,No,No,Yes,No
8242-SOQUO,Yes,No,Yes,No,Yes,No,No,Yes,No
4829-ZLJTK,Yes,Yes,Yes,Yes,Yes,Yes,No,Yes,Yes
1751-NCDLI,Yes,Yes,Yes,No,No,Yes,No,Yes,Yes
3452-ABWRL,Yes,Yes,Yes,No,No,No,No,Yes,No
3082-WQRVY,Yes,No,No,No,No,No,No,No,No
4468-KAZHE,Yes,No,Yes,No,Yes,No,No,No,Yes
0723-VSOBE,No,No,Yes,No,No,No,No,No,Yes
1004-NOZNR,Yes,No,Yes,Yes,No,No,No,Yes,Yes
9681-KYGYB,Yes,Yes,Yes,Yes,Yes,Yes,No,No,No
3108-PCCGG,Yes,Yes,Yes,Yes,Yes,Yes,No,Yes,Yes
6729-GDNGC,Yes,No,Yes,No,No,No,No,Yes,No
4238-HFHSN,Yes,Yes,Yes,No,Yes,No,No,No,No
2480-EJWYP,Yes,Yes,Yes,No,Yes,No,No,Yes,Yes
8152-UOBNY,Yes,Yes,Yes,No,Yes,No,Yes,Yes,Yes
7351-KYHQH,Yes,No,Yes,No,Yes,Yes,No,Yes,No
7426-WEIJX,Yes,Yes,Yes,Yes,No,No,No,No,No
3761-FLYZI,Yes,Yes,Yes,No,Yes,Yes,No,Yes,Yes
1060-ENTOF,Yes,Yes,Yes,Yes,Yes,Yes,Yes,No,Yes
0999-QXNSA,Yes,No,Yes,No,No,No,No,No,No
9365-SRSZE,Yes,No,Yes,No,No,No,No,No,No
4854-CIDCF,Yes,No,Yes,No,No,Yes,No,No,No
3280-MRDOF,Yes,Yes,Yes,No,No,Yes,Yes,Yes,No
6407-UTSLV,Yes,No,Yes,No,Yes,No,No,Yes,No
0134-XWXCE,Yes,No,Yes,No,No,Yes,Yes,Yes,Yes
2307-FYNNL,Yes,Yes,Yes,Yes,No,Yes,Yes,Yes,Yes
2519-LBNQL,Yes,Yes,Yes,No,Yes,Yes,No,Yes,Yes
5663-QBGIS,Yes,Yes,Yes,No,Yes,No,No,Yes,Yes
0523-VNGTF,No,No,Yes,No,Yes,Yes,Yes,Yes,No
5692-ICXLW,Yes,Yes,Yes,No,Yes,No,No,Yes,No
7901-TBKJX,Yes,Yes,Yes,No,No,Yes,No,Yes,Yes
7622-FWGEW,Yes,No,Yes,Yes,Yes,Yes,Yes,Yes,Yes
0380-NEAVX,Yes,No,Yes,No,Yes,Yes,No,Yes,Yes
1013-QCWAM,Yes,Yes,Yes,No,Yes,No,No,Yes,Yes
0336-PIKEI,Yes,No,Yes,Yes,Yes,Yes,Yes,Yes,No
0093-EXYQL,Yes,No,Yes,No,No,No,No,Yes,Yes
2754-SDJRD,Yes,Yes,Yes,No,No,No,Yes,Yes,Yes
4238-JSSWH,Yes,Yes,Yes,No,No,Yes,No,Yes,Yes
1089-HDMKP,Yes,No,Yes,No,Yes,No,Yes,No,No
7516-GMHUV,Yes,Yes,Yes,Yes,No,Yes,No,Yes,Yes
8735-SDUFN,Yes,Yes,No,No,No,No,No,No,No
7748-UMTRK,Yes,Yes,Yes,No,No,No,Yes,Yes,Yes
6128-AQBMT,No,No,Yes,No,Yes,Yes,No,Yes,Yes
7693-QPEFS,Yes,Yes,Yes,No,No,No,No,No,No
0924-BJCRC,Yes,Yes,Yes,No,Yes,No,No,No,Yes
8433-WPJTV,Yes,Yes,Yes,No,No,Yes,Yes,Yes,Yes
5387-ASZNZ,Yes,Yes,Yes,Yes,Yes,No,Yes,No,No
5248-RPYWW,Yes,Yes,Yes,Yes,Yes,Yes,Yes,Yes,Yes
0674-DGMAQ,Yes,Yes,Yes,No,Yes,Yes,No,No,Yes
8648-PFRMP,No,No,Yes,No,No,No,No,Yes,Yes
0516-QREYC,Yes,No,No,No,No,No,No,No,No
7924-GJZFI,Yes,No,Yes,No,No,No,No,No,No
8070-AAWZP,No,No,Yes,No,No,Yes,Yes,No,No
9391-DXGGG,Yes,No,Yes,No,Yes,Yes,No,No,Yes
0581-BXBUB,Yes,No,Yes,No,Yes,No,No,No,No
7636-OWBPG,No,No,Yes,No,Yes,No,No,No,No
9659-ZTWSM,Yes,Yes,Yes,No,Yes,Yes,Yes,Yes,Yes
2195-VVRJF,Yes,No,Yes,Yes,No,No,No,No,Yes
2545-EBUPK,Yes,Yes,Yes,No,No,No,No,No,Yes
2172-EJXVF,Yes,Yes,Yes,No,Yes,Yes,No,Yes,Yes
4680-KUTAJ,Yes,Yes,Yes,Yes,No,No,No,No,No
6814-ZPWFQ,Yes,Yes,No,No,No,No,No,No,No
8707-RMEZH,Yes,No,Yes,Yes,Yes,No,No,No,Yes
9544-PYPSJ,Yes,Yes,Yes,No,Yes,Yes,No,No,Yes
2900-PHPLN,Yes,No,No,No,No,No,No,No,No
7134-HBPBS,Yes,Yes,Yes,No,Yes,Yes,Yes,Yes,Yes
0650-BWOZN,Yes,No,Yes,No,Yes,No,No,No,No
9481-IEBZY,Yes,Yes,Yes,Yes,Yes,Yes,Yes,Yes,Yes
0420-HLGXF,Yes,Yes,Yes,No,No,Yes,No,Yes,Yes
6199-IWKGC,Yes,Yes,Yes,No,No,No,Yes,Yes,Yes
9522-BNTHX,No,No,Yes,No,Yes,Yes,No,Yes,Yes
8910-LEDAG,Yes,No,Yes,No,No,No,No,No,No
3452-GWUIN,Yes,Yes,Yes,No,No,No,No,Yes,Yes
6917-YACBP,Yes,Yes,Yes,Yes,Yes,Yes,No,No,No
1768-HNVGJ,Yes,Yes,Yes,Yes,No,No,Yes,No,Yes
5599-HVLTW,Yes,Yes,Yes,No,No,Yes,No,No,No
9708-HPXWZ,No,No,Yes,No,No,Yes,Yes,Yes,No
0537-QYZZN,Yes,Yes,Yes,Yes,No,No,No,No,No
3340-QBBFM,Yes,No,Yes,No,No,Yes,Yes,No,No
0442-ZXKVS,Yes,Yes,Yes,Yes,Yes,Yes,Yes,Yes,Yes
0707-HOVVN,Yes,Yes,Yes,No,Yes,Yes,Yes,Yes,No
9029-FEGVJ,Yes,Yes,Yes,No,No,Yes,No,No,No
4884-TVUQF,Yes,Yes,Yes,Yes,No,Yes,Yes,No,Yes
4480-QQRHC,Yes,No,Yes,No,No,Yes,No,No,No
0929-PECLO,Yes,Yes,Yes,No,No,Yes,No,No,Yes
7402-EYFXX,Yes,Yes,Yes,No,No,No,No,Yes,Yes
1986-PHGZF,Yes,Yes,Yes,Yes,Yes,No,No,No,No
5956-YHHRX,Yes,Yes,Yes,No,Yes,Yes,No,Yes,Yes
6583-KQJLK,Yes,No,Yes,No,Yes,No,No,Yes,Yes
6139-ZZRBQ,Yes,No,No,No,No,No,No,No,No
3996-ZNWYK,Yes,No,No,No,No,No,No,No,No
5216-WASFJ,Yes,Yes,Yes,No,No,No,No,No,Yes
5304-EFJLP,Yes,Yes,Yes,No,Yes,Yes,Yes,Yes,Yes
0533-UCAAU,Yes,Yes,Yes,No,Yes,Yes,No,Yes,No
2055-BFOCC,Yes,No,Yes,Yes,Yes,Yes,Yes,Yes,Yes
3703-KBKZP,Yes,Yes,Yes,No,No,No,No,No,No
2197-OMWGI,No,No,Yes,No,Yes,Yes,No,Yes,Yes
8595-SIZNC,Yes,Yes,No,No,No,No,No,No,No
1261-FWTTE,No,No,Yes,No,No,No,No,No,Yes
5439-WIKXB,Yes,No,Yes,No,Yes,No,No,Yes,Yes
8777-MBMTS,Yes,No,Yes,No,Yes,Yes,Yes,Yes,Yes
2615-YVMYX,Yes,Yes,Yes,Yes,Yes,Yes,No,Yes,Yes
5647-FXOTP,Yes,Yes,Yes,No,Yes,Yes,No,Yes,Yes
2786-GCDPI,Yes,Yes,Yes,No,No,Yes,Yes,Yes,Yes
7173-TETGO,Yes,Yes,Yes,Yes,No,No,No,No,No
7856-GANIL,Yes,Yes,Yes,No,Yes,Yes,Yes,Yes,No
8746-BFOAJ,Yes,No,No,No,No,No,No,No,No
9334-GWGOW,Yes,Yes,Yes,No,No,No,No,No,No
5327-XOKKY,Yes,Yes,Yes,No,No,Yes,No,Yes,Yes
3312-ZWLGF,Yes,Yes,Yes,No,No,No,Yes,No,No
8169-SAEJD,No,No,Yes,Yes,Yes,No,No,Yes,Yes
9112-WSNPU,Yes,No,Yes,No,No,No,No,No,No
9355-NPPFS,Yes,No,Yes,No,No,No,No,No,Yes
2931-FSOHN,Yes,No,Yes,No,Yes,No,No,Yes,No
9971-ZWPBF,Yes,Yes,Yes,No,Yes,Yes,Yes,Yes,Yes
8421-WZOOW,Yes,No,Yes,No,Yes,Yes,Yes,Yes,No
2957-JIRMN,Yes,Yes,Yes,No,No,No,No,Yes,No
5271-DBYSJ,Yes,No,Yes,No,No,No,No,No,Yes
5671-UUNXD,Yes,Yes,Yes,No,No,No,Yes,Yes,Yes
4698-KVLLG,Yes,No,No,No,No,No,No,No,No
7537-CBQUZ,Yes,Yes,Yes,Yes,Yes,Yes,No,Yes,Yes
3055-OYMSE,Yes,No,Yes,No,Yes,No,No,No,No
5553-AOINX,Yes,Yes,Yes,No,Yes,Yes,No,Yes,Yes
9000-PLFUZ,No,No,Yes,No,Yes,No,No,Yes,Yes
0201-MIBOL,Yes,Yes,Yes,Yes,No,No,No,Yes,Yes
8495-PRWFH,Yes,Yes,Yes,No,No,Yes,No,No,No
6458-CYIDZ,Yes,No,Yes,Yes,Yes,No,No,No,No
1932-UEDCX,Yes,Yes,Yes,No,Yes,No,No,Yes,Yes
3162-KKZXO,Yes,Yes,Yes,No,No,Yes,No,Yes,Yes
8904-OPDCK,No,No,Yes,No,No,No,No,No,No
6734-FQAJX,Yes,No,Yes,Yes,Yes,No,Yes,Yes,Yes
3518-FSTWG,Yes,Yes,Yes,Yes,Yes,Yes,No,Yes,Yes
1763-KUAAW,Yes,No,No,No,No,No,No,No,No
6969-MVBAI,Yes,Yes,Yes,No,No,Yes,No,Yes,No
4909-JOUPP,Yes,Yes,Yes,No,Yes,Yes,Yes,Yes,Yes
6437-UDQJM,Yes,Yes,Yes,Yes,Yes,Yes,No,Yes,Yes
2452-MRMZF,Yes,Yes,No,No,No,No,No,No,No
1754-GKYPY,Yes,No,Yes,No,No,No,No,Yes,Yes
6127-IYJOZ,Yes,No,Yes,No,No,No,No,No,No
7921-LMDFQ,Yes,No,Yes,No,No,Yes,No,Yes,Yes
2274-XUATA,No,No,Yes,Yes,Yes,Yes,Yes,Yes,Yes
1035-IPQPU,Yes,Yes,Yes,No,Yes,Yes,No,Yes,Yes
2235-DWLJU,No,No,Yes,No,No,No,No,Yes,Yes
5575-GNVDE,Yes,No,Yes,Yes,No,Yes,No,No,No
6388-TABGU,Yes,No,Yes,Yes,Yes,No,No,No,No
9763-GRSKD,Yes,No,Yes,Yes,No,No,No,No,No
8091-TTVAX,Yes,Yes,Yes,No,No,Yes,No,Yes,Yes
5129-JLPIS,Yes,No,Yes,Yes,No,Yes,Yes,Yes,Yes
3655-SNQYZ,Yes,Yes,Yes,Yes,Yes,Yes,Yes,Yes,Yes
9959-WOFKT,Yes,Yes,Yes,Yes,No,Yes,No,Yes,Yes
4183-MYFRB,Yes,No,Yes,No,Yes,Yes,No,No,Yes
5248-YGIJN,Yes,Yes,Yes,Yes,Yes,Yes,Yes,Yes,Yes
6572-ADKRS,Yes,No,Yes,No,No,Yes,No,No,No
9489-DEDVP,Yes,Yes,Yes,Yes,Yes,No,No,Yes,No
2954-PIBKO,Yes,Yes,Yes,Yes,No,Yes,Yes,No,No
8769-KKTPH,Yes,Yes,Yes,Yes,No,No,No,Yes,Yes
0434-CSFON,Yes,Yes,Yes,No,No,Yes,No,Yes,Yes
8627-ZYGSZ,Yes,Yes,Yes,No,Yes,No,No,No,No
2273-QCKXA,Yes,No,Yes,No,No,No,Yes,No,No
6416-JNVRK,Yes,No,Yes,No,No,No,No,No,Yes
4808-YNLEU,Yes,No,Yes,Yes,No,No,No,Yes,No
3016-KSVCP,No,No,Yes,No,No,No,No,Yes,No
9848-JQJTX,Yes,Yes,Yes,No,Yes,Yes,No,Yes,Yes
6180-YBIQI,No,No,Yes,No,No,No,No,No,No
9750-BOOHV,No,No,Yes,Yes,No,No,No,No,No
2928-HLDBA,Yes,No,No,No,No,No,No,No,No
6497-TILVL,Yes,No,Yes,Yes,No,No,No,No,No
7219-TLZHO,Yes,No,No,No,No,No,No,No,No
3930-ZGWVE,Yes,No,No,No,No,No,No,No,No
7799-LGRDP,Yes,Yes,No,No,No,No,No,No,No
6217-KDYWC,Yes,No,No,No,No,No,No,No,No
1095-WGNGG,Yes,Yes,Yes,No,Yes,No,No,Yes,Yes
5716-EZXZN,Yes,Yes,Yes,Yes,Yes,No,Yes,Yes,No
6440-DKQGE,Yes,No,Yes,No,Yes,Yes,No,Yes,No
9073-ZZIAY,Yes,No,Yes,Yes,Yes,Yes,Yes,Yes,Yes
9167-APMXZ,Yes,Yes,Yes,No,No,No,No,Yes,No
6371-NZYEG,Yes,No,Yes,Yes,No,Yes,No,Yes,No
4482-EWFMI,Yes,No,Yes,No,No,No,No,No,No
5997-OPVFA,Yes,Yes,Yes,Yes,Yes,Yes,Yes,Yes,Yes
5524-KHNJP,Yes,No,Yes,Yes,No,Yes,No,Yes,Yes
9323-HGFWY,Yes,No,Yes,Yes,No,No,Yes,Yes,Yes
8544-GOQSH,Yes,No,Yes,No,Yes,No,Yes,No,No
7018-WBJNK,Yes,No,Yes,No,No,No,No,Yes,No
0699-NDKJM,No,No,Yes,Yes,Yes,Yes,No,Yes,Yes
9286-BHDQG,No,No,Yes,Yes,Yes,Yes,Yes,No,No
2651-ZCBXV,Yes,Yes,Yes,Yes,Yes,No,Yes,Yes,Yes
1984-GPTEH,Yes,Yes,No,No,No,No,No,No,No
9903-LYSAB,Yes,Yes,Yes,No,No,No,No,No,No
9227-UAQFT,Yes,No,No,No,No,No,No,No,No
7301-ABVAD,Yes,Yes,Yes,No,Yes,Yes,Yes,Yes,Yes
3282-ZISZV,Yes,Yes,Yes,No,Yes,Yes,Yes,Yes,Yes
4111-BNXIF,No,No,Yes,No,Yes,Yes,Yes,Yes,Yes
2080-SRCDE,Yes,Yes,No,No,No,No,No,No,No
3727-OWVYD,Yes,No,Yes,Yes,Yes,Yes,No,No,No
8203-XJZRC,Yes,No,No,No,No,No,No,No,No
1248-DYXUB,Yes,Yes,No,No,No,No,No,No,No
4115-BNPJY,Yes,No,Yes,No,No,Yes,Yes,Yes,Yes
1098-TDVUQ,Yes,No,No,No,No,No,No,No,No
1557-EMYVT,Yes,Yes,Yes,Yes,Yes,Yes,Yes,Yes,Yes
3973-SKMLN,Yes,No,No,No,No,No,No,No,No
8705-WZCYL,Yes,No,Yes,No,No,No,No,No,No
4983-CLMLV,Yes,Yes,Yes,No,Yes,No,Yes,Yes,Yes
0513-RBGPE,Yes,Yes,Yes,Yes,No,Yes,Yes,No,No
9294-TDIPC,Yes,No,No,No,No,No,No,No,No
5176-LMJXE,Yes,No,No,No,No,No,No,No,No
3583-KRKMD,Yes,No,Yes,No,No,No,Yes,No,No
7156-MXBJE,Yes,Yes,Yes,No,Yes,Yes,Yes,Yes,Yes
6583-SZVGP,Yes,Yes,Yes,No,Yes,Yes,No,Yes,Yes
3597-MVHJT,Yes,Yes,Yes,No,No,No,No,Yes,Yes
2977-CEBSX,Yes,Yes,Yes,Yes,Yes,Yes,Yes,Yes,Yes
9442-JTWDL,Yes,No,No,No,No,No,No,No,No
7606-BPHHN,Yes,No,No,No,No,No,No,No,No
4163-NCJAK,Yes,Yes,No,No,No,No,No,No,No
5233-AOZUF,Yes,Yes,Yes,No,No,No,No,No,No
4686-GEFRM,Yes,Yes,Yes,No,Yes,Yes,Yes,No,Yes
5249-QYHEX,Yes,Yes,No,No,No,No,No,No,No
8111-BKVDS,No,No,Yes,Yes,Yes,Yes,No,No,No
5886-VLQVU,Yes,Yes,Yes,No,No,No,Yes,No,Yes
0732-OCQOC,Yes,Yes,No,No,No,No,No,No,No
8847-GEOOQ,No,No,Yes,No,Yes,Yes,Yes,Yes,Yes
4785-FCIFB,Yes,Yes,No,No,No,No,No,No,No
0942-KOWSM,Yes,No,Yes,No,Yes,Yes,Yes,Yes,Yes
9094-AZPHK,Yes,Yes,Yes,No,Yes,No,No,Yes,Yes
3552-CTCYF,Yes,Yes,Yes,No,Yes,Yes,No,Yes,Yes
6778-YSNIH,Yes,No,Yes,No,Yes,No,No,Yes,No
4374-YMUSQ,Yes,Yes,Yes,Yes,Yes,Yes,Yes,Yes,Yes
7803-XOCCZ,Yes,No,Yes,Yes,No,Yes,Yes,No,No
3571-DPYUH,Yes,Yes,Yes,No,Yes,No,Yes,Yes,No
8067-NIOYM,Yes,No,No,No,No,No,No,No,No
5348-CAGXB,Yes,Yes,Yes,No,No,Yes,No,Yes,No
0621-HJWXJ,Yes,Yes,Yes,No,Yes,No,No,No,No
8905-IAZPF,Yes,No,Yes,No,Yes,No,No,Yes,Yes
6859-QNXIQ,Yes,Yes,Yes,Yes,Yes,Yes,Yes,Yes,Yes
7129-AZJDE,Yes,No,Yes,No,No,No,No,No,Yes
3580-HYCSP,Yes,Yes,Yes,Yes,Yes,Yes,No,Yes,Yes
1352-HNSAW,Yes,Yes,Yes,Yes,Yes,Yes,Yes,Yes,Yes
2075-PUEPR,Yes,No,No,No,No,No,No,No,No
1982-FEBTD,Yes,Yes,No,No,No,No,No,No,No
7343-EOBEU,Yes,Yes,No,No,No,No,No,No,No
3701-SFMUH,Yes,No,Yes,Yes,No,No,No,Yes,Yes
6103-LIANB,Yes,Yes,Yes,No,No,Yes,No,Yes,Yes
5756-JYOJT,Yes,No,Yes,No,No,Yes,Yes,No,Yes
8270-RKSAP,Yes,No,Yes,No,No,No,No,No,No
1423-BMPBQ,Yes,No,No,No,No,No,No,No,No
2393-DIVAI,Yes,No,No,No,No,No,No,No,No
0619-OLYUR,Yes,Yes,Yes,Yes,No,Yes,Yes,Yes,Yes
2001-MCUUW,Yes,Yes,Yes,No,Yes,Yes,Yes,Yes,Yes
8207-DMRVL,Yes,Yes,Yes,Yes,Yes,Yes,Yes,Yes,Yes
5240-CAOYT,Yes,Yes,Yes,Yes,Yes,No,Yes,No,No
4851-BQDNX,Yes,No,Yes,No,No,Yes,No,Yes,No
3003-CMDUU,Yes,No,Yes,No,No,No,Yes,Yes,Yes
5016-IBERQ,Yes,Yes,Yes,No,Yes,Yes,No,No,No
9931-KGHOA,Yes,Yes,Yes,Yes,No,No,No,No,No
5845-BZZIB,Yes,No,No,No,No,No,No,No,No
1140-UKVZG,Yes,Yes,No,No,No,No,No,No,No
7838-LAZFO,Yes,No,Yes,Yes,Yes,Yes,No,Yes,Yes
5533-RJFTJ,No,No,Yes,No,No,Yes,No,No,No
3088-FVYWK,Yes,Yes,No,No,No,No,No,No,No
4957-TREIR,Yes,No,Yes,Yes,No,No,Yes,Yes,No
9620-QJREV,Yes,No,No,No,No,No,No,No,No
0078-XZMHT,Yes,Yes,Yes,No,Yes,Yes,Yes,Yes,Yes
1525-LNLOJ,Yes,Yes,Yes,No,No,Yes,No,Yes,No
6942-LBFDP,Yes,No,No,No,No,No,No,No,No
3347-YJZZE,Yes,Yes,Yes,No,Yes,Yes,No,Yes,Yes
7929-DMBCV,Yes,No,Yes,No,No,Yes,Yes,No,No
4312-KFRXN,Yes,Yes,No,No,No,No,No,No,No
5575-TPIZQ,Yes,Yes,Yes,Yes,No,No,No,Yes,No
6786-OBWQR,Yes,No,Yes,No,No,No,No,Yes,No
2753-JMMCV,Yes,Yes,Yes,No,Yes,Yes,Yes,No,Yes
1173-NOEYG,Yes,Yes,Yes,No,No,Yes,No,No,Yes
6923-JHPMP,Yes,No,Yes,Yes,No,Yes,No,No,No
9477-LGWQI,Yes,No,Yes,Yes,Yes,Yes,No,Yes,Yes
3115-CZMZD,Yes,No,No,No,No,No,No,No,No
0139-IVFJG,Yes,No,Yes,Yes,Yes,No,No,Yes,No
5684-FJVYR,Yes,Yes,Yes,Yes,Yes,No,Yes,No,No
5676-CFLYY,Yes,No,Yes,No,Yes,No,Yes,Yes,Yes
7521-AFHAB,Yes,No,Yes,No,No,No,No,No,No
0229-LFJAF,Yes,Yes,Yes,Yes,Yes,Yes,Yes,No,No
5726-CVNYA,Yes,No,No,No,No,No,No,No,No
5173-WXOQV,Yes,No,Yes,No,Yes,No,Yes,No,Yes
2040-OBMLJ,Yes,Yes,Yes,No,No,No,Yes,No,No
2798-NYLMZ,Yes,Yes,Yes,Yes,No,Yes,Yes,Yes,Yes
4178-EGMON,Yes,Yes,Yes,Yes,Yes,No,Yes,No,No
4220-TINQT,Yes,Yes,Yes,No,No,Yes,Yes,Yes,Yes
5318-YKDPV,Yes,No,Yes,Yes,No,Yes,Yes,Yes,Yes
2672-TGEFF,Yes,Yes,Yes,No,Yes,No,No,Yes,No
0422-OHQHQ,Yes,No,No,No,No,No,No,No,No
6916-HIJSE,Yes,No,Yes,Yes,Yes,Yes,Yes,Yes,Yes
9778-OGKQZ,Yes,Yes,Yes,Yes,Yes,Yes,Yes,Yes,Yes
6007-TCTST,Yes,Yes,Yes,Yes,Yes,Yes,Yes,Yes,Yes
2252-NKNSI,Yes,Yes,Yes,Yes,Yes,No,Yes,Yes,Yes
8374-UULRV,Yes,Yes,Yes,Yes,Yes,No,Yes,Yes,Yes
2732-ISEZX,Yes,No,No,No,No,No,No,No,No
1764-VUUMT,Yes,No,No,No,No,No,No,No,No
9342-VNIMQ,Yes,Yes,Yes,No,Yes,No,No,No,No
8975-SKGRX,Yes,Yes,Yes,Yes,Yes,Yes,Yes,Yes,Yes
5285-MVEHD,Yes,No,Yes,Yes,Yes,Yes,No,Yes,Yes
4079-WWQQQ,No,No,Yes,Yes,Yes,Yes,Yes,Yes,Yes
6103-BOCOU,Yes,Yes,Yes,No,No,Yes,No,No,No
7471-WNSUF,Yes,Yes,No,No,No,No,No,No,No
0862-PRCBS,Yes,Yes,Yes,No,Yes,No,Yes,Yes,Yes
6353-BRMMA,Yes,Yes,Yes,Yes,Yes,No,No,Yes,Yes
8467-WYNSR,Yes,No,Yes,Yes,No,No,Yes,No,No
0851-DFJKB,Yes,No,Yes,Yes,No,Yes,Yes,No,No
5382-SOYZL,Yes,Yes,Yes,No,No,No,No,Yes,Yes
8388-FYNPZ,Yes,No,Yes,Yes,No,Yes,No,No,No
7764-BDPEE,Yes,No,No,No,No,No,No,No,No
0604-THJFP,Yes,No,Yes,No,Yes,No,Yes,Yes,Yes
5879-SESNB,Yes,Yes,Yes,No,No,No,No,No,No
3318-ISQFQ,Yes,No,No,No,No,No,No,No,No
4883-KCPZJ,Yes,Yes,No,No,No,No,No,No,No
2545-LXYVJ,Yes,No,No,No,No,No,No,No,No
7426-RHZGU,Yes,No,Yes,No,No,No,Yes,Yes,Yes
9391-TTOYH,Yes,No,No,No,No,No,No,No,No
1767-CJKBA,Yes,Yes,No,No,No,No,No,No,No
7143-BQIBA,Yes,No,Yes,Yes,No,No,Yes,Yes,No
9646-NMHXE,Yes,No,No,No,No,No,No,No,No
7030-NJVDP,Yes,No,Yes,Yes,No,No,Yes,No,Yes
7771-ZONAT,No,No,Yes,No,No,Yes,Yes,Yes,Yes
0301-KOBTQ,Yes,No,No,No,No,No,No,No,No
5832-TRLPB,Yes,No,Yes,No,No,Yes,Yes,Yes,Yes
1338-CECEE,Yes,Yes,Yes,No,Yes,Yes,No,Yes,No
7722-CVFXN,Yes,Yes,Yes,No,Yes,No,Yes,Yes,Yes
7363-QTBIW,Yes,No,Yes,No,No,No,No,No,Yes
3312-UUMZW,Yes,Yes,Yes,No,Yes,No,No,Yes,Yes
0074-HDKDG,Yes,No,Yes,Yes,Yes,Yes,No,No,No
0098-BOWSO,Yes,No,No,No,No,No,No,No,No
6621-NRZAK,Yes,No,No,No,No,No,No,No,No
0774-IFUVM,Yes,Yes,Yes,Yes,No,No,No,Yes,No
0411-EZJZE,Yes,Yes,Yes,No,No,No,No,Yes,No
8807-ARQET,No,No,Yes,No,Yes,No,No,No,Yes
8992-CEUEN,Yes,No,No,No,No,No,No,No,No
8292-ITGYJ,Yes,Yes,No,No,No,No,No,No,No
5334-JLAXU,Yes,Yes,Yes,Yes,Yes,No,No,No,Yes
7129-ACFOG,Yes,Yes,Yes,Yes,No,No,No,No,No
9127-FHJBZ,Yes,Yes,Yes,Yes,Yes,Yes,Yes,Yes,Yes
2933-XEUJM,Yes,Yes,Yes,Yes,No,Yes,No,Yes,Yes
8221-HVAYI,Yes,Yes,Yes,Yes,Yes,Yes,Yes,No,No
5232-NXPAY,Yes,No,Yes,No,No,Yes,Yes,Yes,Yes
8944-AILEF,Yes,No,No,No,No,No,No,No,No
9087-EYCPR,Yes,Yes,No,No,No,No,No,No,No
6791-YBNAK,No,No,Yes,No,No,No,No,No,No
4291-SHSBH,Yes,No,Yes,No,No,No,No,No,No
1299-AURJA,Yes,Yes,No,No,No,No,No,No,No
5593-SUAOO,Yes,Yes,Yes,No,Yes,Yes,No,No,No
7617-EYGLW,Yes,No,No,No,No,No,No,No,No
9992-UJOEL,Yes,No,Yes,No,Yes,No,No,No,No
4741-WWJQZ,Yes,No,Yes,Yes,No,No,Yes,No,No
6625-UTXEW,Yes,No,Yes,No,Yes,No,No,No,No
8780-IHCRN,Yes,Yes,No,No,No,No,No,No,No
4598-ZADCK,No,No,Yes,Yes,Yes,Yes,Yes,Yes,No
4821-WQOYN,Yes,No,No,No,No,No,No,No,No
9968-FFVVH,Yes,Yes,Yes,Yes,Yes,Yes,Yes,No,No
3022-BEXHZ,Yes,Yes,Yes,No,Yes,Yes,Yes,Yes,Yes
6248-TKCQV,Yes,Yes,Yes,Yes,No,No,Yes,Yes,Yes
3230-IUALN,Yes,No,Yes,Yes,No,Yes,Yes,Yes,Yes
0114-RSRRW,Yes,No,No,No,No,No,No,No,No
2017-CCBLH,Yes,No,No,No,No,No,No,No,No
7690-KPNCU,Yes,No,Yes,Yes,No,Yes,No,Yes,Yes
7073-QETQY,Yes,No,No,No,No,No,No,No,No
6250-CGGUN,Yes,No,Yes,Yes,No,Yes,Yes,No,No
1697-BCSHV,Yes,Yes,Yes,No,Yes,No,No,Yes,No
9432-RUVSL,Yes,No,Yes,Yes,No,Yes,Yes,Yes,Yes
9089-UOWJG,Yes,No,Yes,No,No,Yes,No,Yes,No
8039-ACLPL,Yes,No,Yes,Yes,Yes,Yes,No,No,Yes
9885-AIBVB,Yes,Yes,Yes,No,Yes,Yes,No,No,No
3569-EDBPQ,Yes,Yes,Yes,Yes,No,No,Yes,No,No
2373-NTKOD,Yes,No,Yes,No,No,No,No,Yes,Yes
3498-LZGQZ,Yes,No,No,No,No,No,No,No,No
7560-QRBXH,Yes,No,No,No,No,No,No,No,No
6439-LAJXL,Yes,No,Yes,Yes,Yes,No,Yes,Yes,No
5777-KJIRB,Yes,No,Yes,No,No,Yes,No,No,No
7055-HNEOJ,Yes,No,Yes,No,No,Yes,Yes,No,No
8445-DNBAE,Yes,Yes,Yes,No,No,No,No,No,No
1866-OBPNR,Yes,No,Yes,No,Yes,No,No,No,No
9480-BQJEI,Yes,Yes,Yes,Yes,Yes,No,No,No,Yes
9242-TKFSV,No,No,Yes,Yes,Yes,Yes,Yes,Yes,Yes
5035-PGZXH,Yes,Yes,Yes,No,Yes,Yes,No,Yes,Yes
1769-GRUIK,Yes,No,Yes,No,No,No,No,No,No
6198-RTPMF,Yes,Yes,Yes,No,No,No,No,Yes,Yes
9327-QSDED,Yes,No,Yes,No,No,No,No,No,No
1656-DRSMG,Yes,Yes,Yes,No,Yes,Yes,Yes,Yes,Yes
7876-DNYAP,Yes,No,No,No,No,No,No,No,No
3794-NFNCH,Yes,No,Yes,No,No,Yes,No,No,No
5193-QLVZB,Yes,Yes,Yes,No,Yes,Yes,No,Yes,Yes
6518-KZXCB,Yes,Yes,No,No,No,No,No,No,No
7338-ERIVA,No,No,Yes,Yes,No,No,Yes,Yes,No
8259-NFJTV,No,No,Yes,Yes,No,No,Yes,No,No
6968-GMKPR,Yes,No,Yes,No,Yes,Yes,No,No,No
5312-TSZVC,Yes,No,No,No,No,No,No,No,No
3766-EJLFL,Yes,Yes,Yes,Yes,No,Yes,Yes,Yes,Yes
7321-VGNKU,Yes,No,Yes,No,No,No,No,No,No
5816-JMLGY,Yes,No,Yes,No,Yes,Yes,Yes,Yes,Yes
2927-QRRQV,Yes,Yes,Yes,No,Yes,Yes,No,Yes,No
6265-SXWBU,Yes,Yes,Yes,No,Yes,Yes,No,Yes,No
3584-WKTTW,Yes,Yes,Yes,Yes,No,Yes,Yes,Yes,Yes
5930-GBIWP,Yes,Yes,Yes,Yes,Yes,Yes,Yes,No,Yes
9995-HOTOH,No,No,Yes,Yes,Yes,Yes,No,Yes,Yes
2988-PLAHS,Yes,No,Yes,No,No,Yes,No,Yes,Yes
8883-ANODQ,Yes,Yes,Yes,No,Yes,Yes,No,No,No
5980-BDHPY,Yes,Yes,Yes,Yes,Yes,Yes,Yes,Yes,Yes
9469-WEJBT,Yes,No,Yes,No,No,Yes,Yes,No,Yes
2851-MMUTZ,Yes,No,Yes,No,Yes,No,Yes,No,No
8189-HBVRW,Yes,Yes,Yes,Yes,Yes,Yes,No,No,No
1171-TYKUR,Yes,Yes,No,No,No,No,No,No,No
1219-NNDDO,Yes,Yes,Yes,No,No,No,No,No,No
5405-ZMYXQ,Yes,Yes,Yes,No,No,No,No,No,No
3283-WCWXT,Yes,Yes,No,No,No,No,No,No,No
4422-QVIJA,Yes,Yes,Yes,No,No,No,No,No,No
0274-JKUJR,No,No,Yes,Yes,Yes,Yes,No,Yes,Yes
5740-YHGTW,Yes,Yes,Yes,Yes,Yes,No,No,Yes,No
0727-BNRLG,Yes,Yes,Yes,No,Yes,Yes,Yes,Yes,No
6435-SRWBJ,Yes,Yes,Yes,No,No,Yes,Yes,No,No
1702-CCFNJ,Yes,Yes,Yes,No,Yes,No,Yes,No,No
0404-AHASP,Yes,No,No,No,No,No,No,No,No
7279-NMVJC,Yes,No,No,No,No,No,No,No,No
9060-HJJRW,No,No,Yes,No,Yes,Yes,No,Yes,Yes
8226-BXGES,Yes,Yes,Yes,Yes,Yes,Yes,No,No,No
2040-XBAVJ,Yes,Yes,Yes,Yes,Yes,Yes,Yes,Yes,Yes
1222-KJNZD,Yes,No,No,No,No,No,No,No,No
8763-KIAFH,Yes,No,No,No,No,No,No,No,No
3055-VTCGS,Yes,No,Yes,No,No,Yes,No,No,Yes
7416-CKTEP,Yes,No,No,No,No,No,No,No,No
2348-KCJLT,Yes,No,Yes,Yes,Yes,Yes,No,No,No
8401-EMUWF,Yes,Yes,Yes,Yes,Yes,No,No,Yes,No
7492-TAFJD,No,No,Yes,Yes,Yes,Yes,No,No,No
2085-BOJKI,Yes,No,Yes,No,No,Yes,No,Yes,Yes
6701-DHKWQ,No,No,Yes,No,Yes,Yes,Yes,Yes,No
1839-UMACK,Yes,Yes,No,No,No,No,No,No,No
3030-YDNRM,Yes,Yes,Yes,No,No,No,No,No,No
8286-AFUYI,Yes,No,Yes,Yes,No,No,No,No,No
8356-WUAOJ,Yes,No,Yes,No,No,No,No,No,No
6959-GQEGV,Yes,No,Yes,Yes,No,Yes,No,Yes,Yes
3173-WSSUE,Yes,No,No,No,No,No,No,No,No
7940-UQQUG,Yes,Yes,Yes,Yes,No,No,Yes,Yes,Yes
9938-PRCVK,Yes,No,No,No,No,No,No,No,No
0973-KYVNF,Yes,No,Yes,Yes,Yes,Yes,No,Yes,No
5129-HHMZC,Yes,Yes,Yes,Yes,Yes,No,Yes,Yes,Yes
7873-CVMAW,Yes,Yes,Yes,Yes,Yes,Yes,Yes,Yes,Yes
9281-PKKZE,No,No,Yes,No,No,No,No,Yes,Yes
3638-VBZTA,Yes,Yes,Yes,Yes,Yes,No,Yes,Yes,Yes
7459-IMVYU,Yes,Yes,Yes,Yes,Yes,Yes,Yes,No,No
5777-ZPQNC,Yes,No,No,No,No,No,No,No,No
3318-NMQXL,Yes,No,Yes,No,No,No,No,Yes,Yes
2361-FJWNO,No,No,Yes,No,Yes,No,Yes,No,No
6637-KYRCV,No,No,Yes,No,Yes,No,No,No,No
7696-CFTAT,Yes,No,No,No,No,No,No,No,No
2123-VSCOT,Yes,Yes,Yes,No,No,Yes,Yes,Yes,No
1964-SVLEA,Yes,No,No,No,No,No,No,No,No
8229-BUJHX,Yes,No,No,No,No,No,No,No,No
5504-WSIUR,Yes,Yes,Yes,No,Yes,Yes,Yes,No,No
8466-PZBLH,Yes,Yes,Yes,Yes,No,No,Yes,Yes,Yes
3737-XBQDD,Yes,Yes,Yes,No,Yes,Yes,No,No,No
5846-QFDFI,Yes,Yes,Yes,No,Yes,Yes,Yes,No,No
9675-ICXCT,Yes,No,Yes,Yes,No,Yes,Yes,Yes,Yes
0602-DDUML,Yes,No,Yes,No,Yes,Yes,Yes,Yes,No
2208-MPXIO,Yes,No,No,No,No,No,No,No,No
3365-SAIGS,Yes,No,Yes,No,Yes,No,No,Yes,No
7328-OWMOM,Yes,No,No,No,No,No,No,No,No
8272-ONJLV,Yes,No,Yes,No,No,Yes,No,Yes,Yes
4452-ROHMO,Yes,No,No,No,No,No,No,No,No
3090-LETTY,Yes,Yes,Yes,Yes,Yes,No,No,No,No
5349-AZPEW,No,No,Yes,No,No,No,No,No,No
7519-JTWQH,Yes,Yes,Yes,No,Yes,Yes,Yes,Yes,Yes
8543-MSDMF,Yes,No,Yes,Yes,No,Yes,No,Yes,Yes
0744-BIKKF,Yes,Yes,Yes,Yes,Yes,Yes,Yes,Yes,Yes
5248-KWLAR,Yes,Yes,Yes,Yes,Yes,Yes,Yes,Yes,Yes
7996-MHXLW,Yes,Yes,No,No,No,No,No,No,No
3392-EHMNK,Yes,Yes,Yes,No,Yes,No,Yes,Yes,No
7228-PAQPD,Yes,No,Yes,No,No,No,Yes,No,Yes
8087-LGYHQ,Yes,No,Yes,No,No,Yes,No,Yes,Yes
6227-FBDXH,Yes,Yes,Yes,No,No,Yes,No,Yes,Yes
9779-DPNEJ,Yes,No,Yes,No,No,No,No,No,Yes
8819-IMISP,Yes,Yes,Yes,No,Yes,No,No,No,No
1163-ONYEY,Yes,Yes,Yes,Yes,Yes,Yes,No,Yes,No
6082-OQFBA,Yes,No,No,No,No,No,No,No,No
1379-FRVEB,Yes,Yes,Yes,No,Yes,No,No,Yes,No
8612-GXIDD,Yes,Yes,No,No,No,No,No,No,No
8160-HOWOX,Yes,No,Yes,No,No,No,No,Yes,Yes
1763-WQFUK,Yes,No,Yes,No,No,No,Yes,No,No
2560-WBWXF,Yes,Yes,No,No,No,No,No,No,No
8007-YYPWD,Yes,Yes,No,No,No,No,No,No,No
2038-OEQZH,Yes,No,Yes,No,No,Yes,No,No,Yes
1136-XGEQU,Yes,Yes,Yes,No,Yes,Yes,Yes,Yes,Yes
8879-XUAHX,Yes,Yes,Yes,Yes,Yes,Yes,Yes,Yes,Yes
3689-MOZGR,No,No,Yes,No,No,No,Yes,No,No
9798-DRYDS,Yes,Yes,Yes,No,No,Yes,Yes,No,No
7951-VRDVK,Yes,No,Yes,Yes,Yes,Yes,Yes,Yes,Yes
4312-GVYNH,No,No,Yes,Yes,No,Yes,Yes,No,Yes
8619-IJNDK,Yes,No,Yes,Yes,Yes,Yes,Yes,No,No
1153-GNOLC,No,No,Yes,No,Yes,No,No,Yes,No
6479-SZPLM,Yes,No,No,No,No,No,No,No,No
4500-HKANN,Yes,Yes,Yes,No,Yes,No,Yes,No,No
1393-IMKZG,Yes,No,Yes,No,No,No,Yes,Yes,Yes
0829-DDVLK,Yes,No,No,No,No,No,No,No,No
9150-HEPMB,Yes,No,Yes,Yes,No,Yes,No,No,No
9030-QGZNL,Yes,No,No,No,No,No,No,No,No
7176-WRTNX,Yes,Yes,Yes,Yes,Yes,Yes,Yes,Yes,Yes
7205-BAIAD,Yes,No,No,No,No,No,No,No,No
8963-JLGJT,Yes,No,Yes,Yes,No,Yes,No,No,No
6670-MFRPK,Yes,Yes,Yes,No,No,Yes,No,No,No
4813-HQMGZ,Yes,Yes,Yes,No,No,No,Yes,No,Yes
8402-EIVQS,Yes,No,Yes,Yes,Yes,No,No,Yes,Yes
4947-DSMXK,Yes,Yes,Yes,No,Yes,No,No,Yes,Yes
4967-WPNCF,No,No,Yes,Yes,Yes,Yes,Yes,Yes,Yes
8499-BRXTD,Yes,No,No,No,No,No,No,No,No
9154-QDGTH,Yes,Yes,Yes,No,No,Yes,Yes,Yes,Yes
1306-RPWXZ,Yes,No,No,No,No,No,No,No,No
4277-BWBML,Yes,No,No,No,No,No,No,No,No
1552-AAGRX,Yes,Yes,Yes,Yes,No,No,Yes,Yes,Yes
7874-ECPQJ,Yes,No,No,No,No,No,No,No,No
2683-JXWQQ,No,No,Yes,Yes,No,Yes,No,No,No
9755-JHNMN,Yes,No,Yes,Yes,Yes,Yes,Yes,No,No
9424-CMPOG,Yes,No,No,No,No,No,No,No,No
9251-WNSOD,Yes,Yes,Yes,Yes,Yes,Yes,No,No,Yes
6650-BWFRT,Yes,Yes,Yes,Yes,Yes,Yes,Yes,Yes,Yes
6993-YGFJV,Yes,Yes,Yes,Yes,Yes,Yes,Yes,Yes,Yes
2712-SYWAY,Yes,Yes,No,No,No,No,No,No,No
5498-IBWPI,Yes,No,Yes,No,No,No,Yes,No,No
7649-PHJVR,Yes,No,No,No,No,No,No,No,No
5156-UMKOW,No,No,Yes,No,Yes,No,No,No,No
8231-BSWXX,Yes,Yes,Yes,No,Yes,No,No,No,No
6619-RPLQZ,Yes,No,No,No,No,No,No,No,No
7021-XSNYE,No,No,Yes,Yes,No,Yes,Yes,No,Yes
4307-KWMXE,No,No,Yes,No,Yes,No,Yes,No,No
1465-WCZVT,Yes,No,No,No,No,No,No,No,No
7602-MVRMB,Yes,Yes,Yes,Yes,No,Yes,Yes,Yes,Yes
7706-YLMQA,Yes,No,No,No,No,No,No,No,No
4716-MRVEN,Yes,No,No,No,No,No,No,No,No
2143-LJULT,Yes,Yes,No,No,No,No,No,No,No
5630-IXDXV,Yes,Yes,Yes,No,Yes,Yes,No,Yes,Yes
1088-AUUZZ,Yes,Yes,Yes,Yes,Yes,No,Yes,No,Yes
1032-MAELW,Yes,Yes,Yes,Yes,Yes,Yes,Yes,No,Yes
1134-YWTYF,Yes,No,Yes,No,Yes,No,Yes,No,No
9405-GPBBG,Yes,Yes,Yes,No,Yes,Yes,Yes,Yes,Yes
0661-KBKPA,Yes,Yes,Yes,No,No,Yes,Yes,Yes,Yes
7758-UJWYS,No,No,Yes,No,No,No,Yes,Yes,No
7055-JCGNI,Yes,Yes,Yes,Yes,Yes,Yes,Yes,Yes,Yes
4826-DXMUP,Yes,No,Yes,No,No,No,Yes,Yes,Yes
0188-GWFLE,Yes,No,No,No,No,No,No,No,No
1849-RJYIG,Yes,No,Yes,Yes,No,No,No,Yes,No
4061-UKJWL,Yes,No,Yes,No,No,No,No,No,No
0277-ORXQS,No,No,Yes,No,No,No,Yes,Yes,Yes
5186-PEIZU,Yes,No,No,No,No,No,No,No,No
1074-AMIOH,Yes,No,Yes,No,Yes,Yes,Yes,Yes,Yes
0380-ZCSBI,Yes,No,No,No,No,No,No,No,No
5849-ASHZJ,Yes,No,No,No,No,No,No,No,No
6384-VMJHP,Yes,No,Yes,Yes,Yes,Yes,Yes,No,Yes
6481-ESCNL,Yes,Yes,Yes,No,No,Yes,No,Yes,Yes
7799-DSEWS,Yes,No,Yes,Yes,No,Yes,Yes,Yes,No
4837-QUSFT,Yes,Yes,Yes,Yes,Yes,No,Yes,Yes,No
8562-GHPPI,Yes,No,No,No,No,No,No,No,No
5609-IMCGG,Yes,Yes,Yes,Yes,No,Yes,No,No,No
4328-VUFWD,Yes,No,Yes,No,No,No,Yes,No,Yes
8454-AATJP,Yes,Yes,Yes,Yes,Yes,Yes,Yes,Yes,Yes
4531-AUZNK,Yes,Yes,Yes,Yes,No,No,Yes,Yes,No
4191-XOVOM,Yes,Yes,Yes,No,Yes,No,Yes,Yes,Yes
7026-YMSBE,Yes,No,No,No,No,No,No,No,No
7629-WIXZF,Yes,No,Yes,Yes,No,No,No,No,Yes
6461-SZMCV,Yes,Yes,Yes,Yes,Yes,Yes,Yes,Yes,Yes
2346-DJQTB,No,No,Yes,No,No,No,No,No,No
1942-OQFRW,Yes,No,Yes,No,No,No,No,No,No
9640-ZSLDC,Yes,No,Yes,No,No,Yes,No,No,Yes
3594-BDSOA,Yes,No,No,No,No,No,No,No,No
6838-YAUVY,Yes,Yes,Yes,No,No,Yes,Yes,No,Yes
0484-JPBRU,Yes,Yes,No,No,No,No,No,No,No
4636-TVXVG,Yes,No,No,No,No,No,No,No,No
4236-UJPWO,No,No,Yes,No,No,No,No,No,No
6402-SSEJG,No,No,Yes,Yes,Yes,Yes,No,Yes,Yes
4455-BFSPD,Yes,Yes,Yes,No,No,No,Yes,Yes,Yes
8295-FHIVV,Yes,No,No,No,No,No,No,No,No
9534-NSXEM,Yes,No,No,No,No,No,No,No,No
6584-VQMYT,Yes,No,Yes,Yes,Yes,No,No,No,No
1017-FBQMM,Yes,Yes,Yes,No,Yes,No,Yes,Yes,Yes
7599-NTMDP,No,No,Yes,Yes,Yes,No,Yes,Yes,No
1575-KRZZE,Yes,No,Yes,Yes,Yes,No,No,No,No
3251-YMVWZ,Yes,Yes,No,No,No,No,No,No,No
8857-CUPFQ,Yes,No,No,No,No,No,No,No,No
7610-TVOPG,Yes,Yes,No,No,No,No,No,No,No
0635-WKOLD,Yes,Yes,Yes,No,Yes,No,Yes,Yes,No
4518-FZBSX,Yes,No,No,No,No,No,No,No,No
6988-CJEYV,Yes,Yes,Yes,No,Yes,No,No,Yes,Yes
5465-BUBFA,Yes,No,No,No,No,No,No,No,No
6985-HAYWX,Yes,Yes,Yes,No,Yes,No,No,No,No
7508-KBIMB,Yes,No,Yes,Yes,No,Yes,No,No,No
5485-ITNPC,Yes,No,Yes,Yes,Yes,Yes,Yes,Yes,Yes
8922-NPKBJ,Yes,No,No,No,No,No,No,No,No
2740-TVLFN,Yes,Yes,Yes,No,No,No,No,No,No
4146-SVFUD,Yes,No,Yes,No,No,No,No,No,No
1564-HJUVY,Yes,No,Yes,No,Yes,No,Yes,Yes,No
7517-LDMPS,Yes,No,Yes,No,Yes,No,No,No,Yes
8347-GDTMP,Yes,No,No,No,No,No,No,No,No
6746-WAUWT,Yes,No,No,No,No,No,No,No,No
9830-ECLEN,No,No,Yes,Yes,Yes,Yes,No,Yes,No
7446-SFAOA,Yes,No,No,No,No,No,No,No,No
8234-GSZYK,Yes,Yes,No,No,No,No,No,No,No
0953-LGOVU,No,No,Yes,No,Yes,No,Yes,No,No
4692-NNQRU,Yes,No,Yes,No,No,Yes,Yes,No,No
7742-MYPGI,Yes,No,Yes,No,No,No,Yes,No,No
4139-JPIAM,No,No,Yes,Yes,No,No,Yes,No,Yes
3352-ALMCK,Yes,Yes,Yes,No,Yes,Yes,No,Yes,Yes
6176-YJWAS,Yes,Yes,Yes,Yes,Yes,Yes,No,Yes,No
4526-EXKKN,Yes,Yes,No,No,No,No,No,No,No
5311-IHLEI,No,No,Yes,Yes,Yes,No,Yes,Yes,No
5131-PONJI,Yes,No,Yes,No,Yes,Yes,No,Yes,No
5260-UMPWX,Yes,No,No,No,No,No,No,No,No
4707-YNOQA,Yes,Yes,No,No,No,No,No,No,No
0258-NOKBL,Yes,No,Yes,No,Yes,Yes,No,No,Yes
3043-TYBNO,Yes,No,Yes,No,No,No,Yes,No,Yes
5906-BFOZT,Yes,No,No,No,No,No,No,No,No
5598-IKHQQ,Yes,Yes,No,No,No,No,No,No,No
2239-CFOUJ,Yes,No,No,No,No,No,No,No,No
4568-TTZRT,Yes,No,No,No,No,No,No,No,No
9513-DXHDA,Yes,No,Yes,Yes,No,Yes,Yes,Yes,Yes
2160-GPFXD,Yes,Yes,Yes,Yes,Yes,No,Yes,No,No
6377-KSLXC,Yes,No,No,No,No,No,No,No,No
8735-NBLWT,Yes,No,No,No,No,No,No,No,No
6651-RLGGM,Yes,Yes,No,No,No,No,No,No,No
5696-EXCYS,Yes,No,No,No,No,No,No,No,No
9114-AAFQH,Yes,No,Yes,No,Yes,Yes,No,No,Yes
8715-KKTFG,Yes,Yes,Yes,No,No,Yes,Yes,Yes,Yes
0263-FJTQO,Yes,Yes,Yes,Yes,No,No,Yes,Yes,No
7503-EPSZW,Yes,Yes,No,No,No,No,No,No,No
5133-POWUA,Yes,No,Yes,No,No,No,No,No,No
5569-IDSEY,Yes,Yes,Yes,No,Yes,Yes,No,Yes,Yes
3401-URHDA,Yes,Yes,Yes,Yes,No,No,Yes,No,No
8189-DUKMV,Yes,No,No,No,No,No,No,No,No
0315-LVCRK,Yes,No,Yes,No,No,Yes,No,No,Yes
7271-AJDTL,Yes,Yes,Yes,No,Yes,Yes,No,Yes,No
2817-LVCPP,Yes,No,No,No,No,No,No,No,No
5056-FIMPT,Yes,No,Yes,Yes,Yes,No,Yes,Yes,Yes
4521-WFJAI,Yes,Yes,No,No,No,No,No,No,No
6692-YQHXC,Yes,No,Yes,No,No,No,No,No,No
2452-SNHFZ,Yes,No,Yes,Yes,No,No,No,No,No
7993-NQLJE,Yes,No,Yes,Yes,No,No,No,No,No
9099-FTUHS,Yes,Yes,Yes,Yes,No,No,No,No,No
6429-SHBCB,Yes,Yes,Yes,No,No,No,No,Yes,Yes
2603-HVKCG,Yes,No,Yes,No,Yes,Yes,No,Yes,Yes
5148-ORICT,Yes,No,Yes,Yes,Yes,Yes,Yes,No,Yes
4893-GYUJU,Yes,No,No,No,No,No,No,No,No
4578-PHJYZ,Yes,No,Yes,No,Yes,Yes,Yes,Yes,No
8908-SLFCJ,Yes,No,No,No,No,No,No,No,No
5044-XDPYX,Yes,Yes,No,No,No,No,No,No,No
3696-DFHHB,Yes,Yes,No,No,No,No,No,No,No
3810-DVDQQ,Yes,Yes,Yes,Yes,Yes,Yes,Yes,Yes,Yes
8550-XSXUQ,Yes,Yes,Yes,No,Yes,Yes,No,No,Yes
3567-PQTSO,Yes,Yes,Yes,No,Yes,Yes,No,Yes,Yes
9938-EKRGF,Yes,No,Yes,Yes,Yes,Yes,Yes,Yes,Yes
4825-XJGDM,No,No,Yes,Yes,Yes,Yes,Yes,No,No
3717-FDJFU,Yes,No,No,No,No,No,No,No,No
8853-TZDGH,Yes,Yes,Yes,No,Yes,Yes,Yes,Yes,Yes
7711-YIJWC,Yes,No,Yes,Yes,Yes,Yes,Yes,Yes,Yes
5482-VXSXJ,Yes,No,Yes,No,Yes,No,No,Yes,Yes
2378-YIZKA,Yes,No,Yes,Yes,Yes,Yes,Yes,Yes,Yes
0689-DSXGL,Yes,No,Yes,No,Yes,Yes,Yes,No,No
8902-ZEOVF,Yes,No,No,No,No,No,No,No,No
6778-EICRF,Yes,Yes,Yes,Yes,No,No,No,Yes,Yes
6064-PUPMC,Yes,No,Yes,Yes,No,No,Yes,No,No
7197-VOJMM,Yes,No,Yes,Yes,Yes,No,Yes,No,Yes
7075-BNDVQ,No,No,Yes,Yes,No,Yes,No,No,No
1403-LKLIK,Yes,No,No,No,No,No,No,No,No
4203-QGNZA,Yes,No,No,No,No,No,No,No,No
9494-BDNNC,Yes,Yes,Yes,No,Yes,Yes,No,No,Yes
1640-PLFMP,Yes,No,Yes,No,No,No,No,No,No
3623-FQBOX,Yes,No,No,No,No,No,No,No,No
1855-AGAWH,Yes,No,Yes,No,No,Yes,No,Yes,Yes
9629-NHXFW,Yes,No,No,No,No,No,No,No,No
1474-JUWSM,Yes,Yes,Yes,Yes,No,No,Yes,No,Yes
3530-CRZSB,Yes,No,No,No,No,No,No,No,No
8498-XXGWA,Yes,No,Yes,Yes,No,Yes,No,No,No
9617-INGJY,Yes,No,Yes,No,No,No,No,No,No
7234-KMNRQ,Yes,No,No,No,No,No,No,No,No
4683-WYDOU,Yes,Yes,Yes,No,No,Yes,Yes,Yes,Yes
6794-HKIAJ,Yes,Yes,Yes,Yes,Yes,Yes,No,No,No
3096-WPXBT,Yes,Yes,Yes,Yes,Yes,Yes,No,No,Yes
4299-OPXEJ,Yes,No,No,No,No,No,No,No,No
3272-VUHPV,Yes,No,Yes,No,Yes,No,Yes,No,No
4176-FXYBO,Yes,Yes,Yes,Yes,Yes,Yes,No,Yes,Yes
0326-VDYXE,Yes,Yes,Yes,No,No,Yes,No,Yes,Yes
0436-TWFFZ,Yes,Yes,Yes,Yes,No,Yes,Yes,Yes,Yes
2669-OIDSD,Yes,No,Yes,No,No,Yes,Yes,Yes,Yes
9576-SYUHJ,Yes,Yes,Yes,Yes,No,No,No,Yes,No
0410-IPFTY,Yes,No,Yes,No,Yes,No,No,No,Yes
1293-HHSHJ,Yes,No,No,No,No,No,No,No,No
2828-SLQPF,Yes,No,Yes,No,No,No,No,No,No
4465-VDKIQ,Yes,No,Yes,No,Yes,Yes,No,No,No
5968-VXZLG,Yes,No,Yes,No,No,No,No,No,No
8295-KMENE,Yes,Yes,Yes,Yes,No,Yes,Yes,Yes,No
9821-BESNZ,Yes,Yes,Yes,No,Yes,No,Yes,Yes,Yes
3199-XGZCY,Yes,Yes,Yes,No,No,No,No,No,No
3785-KTYSH,Yes,Yes,No,No,No,No,No,No,No
4063-EIKNQ,Yes,No,No,No,No,No,No,No,No
2550-AEVRU,Yes,No,Yes,Yes,Yes,No,No,No,No
1053-MXTTK,Yes,No,Yes,Yes,Yes,Yes,Yes,Yes,Yes
0853-TWRVK,Yes,Yes,Yes,Yes,Yes,Yes,Yes,No,Yes
8200-LGKSR,Yes,Yes,Yes,Yes,No,Yes,Yes,Yes,Yes
6897-RWMUB,Yes,No,Yes,Yes,Yes,Yes,Yes,No,No
4452-QIIEB,Yes,No,Yes,No,No,No,No,No,No
7820-ZYGNY,Yes,Yes,Yes,No,Yes,No,No,No,Yes
8980-WQFWL,Yes,No,Yes,No,No,Yes,No,No,Yes
4634-JLRJT,Yes,No,No,No,No,No,No,No,No
8734-FNWVH,Yes,Yes,Yes,No,No,No,No,No,Yes
3038-PQIUY,Yes,Yes,Yes,Yes,Yes,Yes,No,No,No
9313-CDOGY,Yes,No,No,No,No,No,No,No,No
8148-BPLZQ,Yes,No,Yes,No,Yes,No,No,No,No
3569-JFODW,Yes,Yes,Yes,Yes,Yes,Yes,Yes,Yes,Yes
0396-UKGAI,Yes,No,Yes,No,Yes,No,Yes,No,No
5186-EJEGL,Yes,No,Yes,Yes,No,Yes,Yes,Yes,No
1991-VOPLL,Yes,No,No,No,No,No,No,No,No
0174-QRVVY,Yes,Yes,No,No,No,No,No,No,No
8751-EDEKA,Yes,No,Yes,No,Yes,Yes,No,No,Yes
8450-LUGUK,Yes,Yes,No,No,No,No,No,No,No
3604-WLABM,Yes,No,Yes,No,No,Yes,Yes,No,No
1142-IHLOO,Yes,No,Yes,No,No,No,No,Yes,Yes
6257-RJOHI,Yes,No,Yes,No,No,No,Yes,No,No
1545-JFUML,Yes,Yes,Yes,Yes,Yes,Yes,No,Yes,No
2587-EKXTS,Yes,Yes,Yes,Yes,Yes,Yes,No,Yes,Yes
6656-JWRQX,No,No,Yes,No,No,No,Yes,No,No
7688-AWMDX,Yes,No,Yes,Yes,No,No,Yes,No,No
5312-UXESG,Yes,Yes,Yes,No,No,Yes,No,Yes,Yes
1137-DGOWI,Yes,No,Yes,No,Yes,Yes,Yes,No,Yes
3812-LRZIR,Yes,Yes,No,No,No,No,No,No,No
9220-CXRSC,Yes,Yes,Yes,Yes,No,No,Yes,No,No
9537-JALFH,Yes,No,No,No,No,No,No,No,No
6698-OXETB,Yes,No,No,No,No,No,No,No,No
2103-ZRXFN,Yes,Yes,Yes,No,No,No,No,No,No
4877-TSOFF,Yes,Yes,Yes,Yes,Yes,No,Yes,No,Yes
8468-EHYJA,Yes,Yes,Yes,Yes,No,No,No,Yes,Yes
1097-FSPVW,Yes,No,Yes,Yes,No,Yes,No,No,No
8328-SKJNO,No,No,Yes,Yes,Yes,No,Yes,No,No
6352-GIGGQ,Yes,Yes,Yes,Yes,Yes,Yes,Yes,Yes,Yes
3635-QQRQD,Yes,No,No,No,No,No,No,No,No
0191-EQUUH,No,No,Yes,Yes,No,No,Yes,No,No
3489-HHPFY,Yes,Yes,Yes,No,No,No,No,Yes,No
9822-WMWVG,Yes,Yes,Yes,Yes,Yes,Yes,Yes,Yes,No
1816-FLZDK,No,No,Yes,No,No,No,Yes,No,No
7096-UCLNH,Yes,No,No,No,No,No,No,No,No
6674-KVJHG,Yes,Yes,No,No,No,No,No,No,No
2129-ALKBS,Yes,Yes,No,No,No,No,No,No,No
4742-TXUEX,Yes,No,No,No,No,No,No,No,No
8873-TMKGR,Yes,No,No,No,No,No,No,No,No
1469-LBJQJ,Yes,Yes,Yes,No,Yes,Yes,No,Yes,Yes
2800-QQUSO,Yes,Yes,Yes,No,No,No,Yes,Yes,Yes
7698-YFGEZ,Yes,No,No,No,No,No,No,No,No
9602-WCXPI,Yes,No,No,No,No,No,No,No,No
3620-MWJNE,Yes,No,Yes,Yes,No,No,Yes,No,No
6174-NRBTZ,No,No,Yes,Yes,No,No,No,No,No
6137-NICCO,Yes,Yes,Yes,No,Yes,Yes,No,Yes,No
7714-YXSMB,Yes,Yes,Yes,No,No,Yes,No,Yes,Yes
1767-TGTKO,Yes,No,Yes,No,No,No,No,No,No
7128-GGCNO,Yes,Yes,Yes,No,No,No,No,No,No
0237-YFUTL,Yes,Yes,Yes,Yes,Yes,No,Yes,Yes,Yes
6710-HSJRD,Yes,Yes,Yes,No,Yes,Yes,Yes,Yes,Yes
1732-FEKLD,Yes,Yes,Yes,No,Yes,Yes,No,Yes,No
9862-KJTYK,No,No,Yes,No,No,No,No,No,No
0479-HMSWA,Yes,No,Yes,No,Yes,Yes,Yes,Yes,Yes
5854-KSRBJ,Yes,Yes,No,No,No,No,No,No,No
0365-BZUWY,Yes,Yes,Yes,No,Yes,Yes,No,Yes,Yes
1099-BTKWT,No,No,Yes,Yes,No,Yes,No,Yes,Yes
4570-QHXHL,Yes,No,Yes,No,No,No,No,No,No
4090-KPJIP,Yes,Yes,Yes,No,No,No,No,No,No
8590-OHDIW,Yes,No,No,No,No,No,No,No,No
2332-TODQS,Yes,Yes,No,No,No,No,No,No,No
5999-LCXAO,No,No,Yes,Yes,No,No,No,No,No
4803-LBYPN,Yes,No,No,No,No,No,No,No,No
2139-FQHLM,Yes,No,Yes,No,No,Yes,Yes,Yes,No
5600-KTXFM,Yes,No,Yes,No,No,No,No,No,No
7964-YESJC,Yes,Yes,Yes,Yes,Yes,Yes,No,No,No
9938-ZREHM,Yes,Yes,Yes,No,Yes,No,Yes,No,Yes
8849-PRIQJ,Yes,Yes,Yes,Yes,No,Yes,Yes,Yes,Yes
5396-IZEPB,Yes,No,No,No,No,No,No,No,No
5712-VBOXD,Yes,No,No,No,No,No,No,No,No
1559-DTODC,No,No,Yes,No,No,No,No,No,No
4495-LHSSK,Yes,Yes,Yes,Yes,No,No,No,No,No
8788-DOXSU,Yes,No,Yes,No,No,Yes,No,No,Yes
7404-JLKQG,Yes,No,Yes,No,No,Yes,No,Yes,No
2632-IVXVF,Yes,Yes,Yes,Yes,No,Yes,Yes,Yes,Yes
8915-NNTRC,Yes,Yes,Yes,Yes,Yes,No,Yes,Yes,Yes
5914-GXMDA,Yes,No,No,No,No,No,No,No,No
5382-TEMLV,Yes,No,Yes,Yes,No,No,No,No,No
3441-CGZJH,No,No,Yes,Yes,No,Yes,Yes,Yes,Yes
6986-IXNDM,Yes,No,Yes,No,No,No,No,Yes,Yes
7446-KQISO,Yes,Yes,Yes,No,Yes,Yes,Yes,Yes,Yes
0582-AVCLN,Yes,No,No,No,No,No,No,No,No
1073-XXCZD,Yes,Yes,No,No,No,No,No,No,No
9667-TKTVZ,Yes,Yes,Yes,No,No,No,Yes,No,No
2969-WGHQO,Yes,No,Yes,Yes,Yes,Yes,No,Yes,No
5196-WPYOW,Yes,No,Yes,Yes,Yes,No,Yes,No,No
2126-GSEGL,Yes,Yes,Yes,No,Yes,Yes,Yes,Yes,Yes
4676-WLUHT,No,No,Yes,Yes,Yes,No,No,No,Yes
7980-MHFLQ,Yes,Yes,No,No,No,No,No,No,No
1629-DQQVB,Yes,No,Yes,Yes,No,No,No,No,No
4872-VXRIL,Yes,Yes,Yes,Yes,Yes,No,Yes,No,No
9938-TKDGL,Yes,No,Yes,Yes,No,No,Yes,Yes,Yes
6199-IPCAO,Yes,Yes,No,No,No,No,No,No,No
0641-EVBOJ,Yes,No,Yes,Yes,No,No,Yes,No,No
0829-XXPLX,Yes,No,Yes,Yes,No,Yes,No,Yes,No
0608-JDVEC,Yes,No,No,No,No,No,No,No,No
5055-BRMNE,Yes,Yes,Yes,Yes,No,No,Yes,Yes,Yes
2190-PHBHR,Yes,Yes,Yes,Yes,Yes,No,No,No,Yes
7184-LRUUR,Yes,No,Yes,No,Yes,Yes,No,Yes,No
7247-XOZPB,Yes,Yes,Yes,Yes,No,Yes,Yes,Yes,No
6016-NXBNJ,Yes,No,No,No,No,No,No,No,No
3724-UCSHY,Yes,No,No,No,No,No,No,No,No
3192-LNKRK,Yes,No,Yes,No,No,Yes,No,Yes,No
4439-YRNVD,No,No,Yes,No,Yes,No,Yes,No,No
2649-HWLYB,Yes,Yes,Yes,Yes,No,Yes,Yes,No,Yes
4685-TFLLS,Yes,No,No,No,No,No,No,No,No
7137-NAXML,Yes,No,No,No,No,No,No,No,No
8316-BBQAY,No,No,Yes,Yes,No,Yes,Yes,Yes,Yes
8706-HRADD,No,No,Yes,Yes,No,No,Yes,Yes,No
9955-QOPOY,No,No,Yes,No,Yes,Yes,Yes,Yes,Yes
2990-IAJSV,Yes,Yes,Yes,Yes,Yes,Yes,Yes,Yes,Yes
4644-OBGFZ,Yes,No,No,No,No,No,No,No,No
7926-IJOOU,Yes,No,No,No,No,No,No,No,No
4029-HPFVY,Yes,No,Yes,No,No,No,No,No,No
5457-COLHT,Yes,No,Yes,Yes,Yes,No,Yes,Yes,Yes
7998-WNZEM,Yes,Yes,Yes,Yes,Yes,Yes,Yes,No,Yes
4664-NJCMS,No,No,Yes,Yes,No,Yes,Yes,Yes,Yes
5161-UBZXI,Yes,No,Yes,Yes,Yes,No,Yes,Yes,Yes
1227-UDMZR,Yes,Yes,Yes,Yes,Yes,Yes,Yes,Yes,Yes
3572-UUHRS,Yes,No,No,No,No,No,No,No,No
2692-PFYTJ,Yes,Yes,No,No,No,No,No,No,No
9135-HSWOC,Yes,No,No,No,No,No,No,No,No
1506-YJTYT,Yes,Yes,Yes,Yes,Yes,No,Yes,Yes,No
4123-DVHPH,Yes,Yes,Yes,Yes,No,No,No,No,Yes
0559-CKHUS,Yes,No,No,No,No,No,No,No,No
8413-YNHNV,Yes,Yes,Yes,Yes,Yes,Yes,Yes,Yes,Yes
5324-KTGCG,Yes,No,No,No,No,No,No,No,No
7394-LWLYN,Yes,No,Yes,No,No,No,No,No,No
5743-KHMNA,Yes,Yes,No,No,No,No,No,No,No
6992-TKNYO,Yes,Yes,Yes,No,No,Yes,Yes,No,Yes
6741-QRLUP,Yes,Yes,Yes,Yes,Yes,Yes,Yes,No,Yes
8200-KLNYW,Yes,No,Yes,Yes,No,Yes,Yes,Yes,Yes
4781-ZXYGU,Yes,No,No,No,No,No,No,No,No
2520-SGTTA,Yes,No,No,No,No,No,No,No,No
5868-YTYKS,Yes,No,No,No,No,No,No,No,No
1482-OXZSY,Yes,Yes,Yes,Yes,No,No,No,Yes,Yes
0377-JBKKT,Yes,No,Yes,Yes,Yes,No,Yes,No,No
3086-RUCRN,Yes,Yes,Yes,Yes,Yes,Yes,Yes,No,Yes
5215-LNLDJ,No,No,Yes,No,No,No,No,No,No
1307-ATKGB,Yes,No,Yes,No,Yes,Yes,No,No,Yes
1850-AKQEP,Yes,No,No,No,No,No,No,No,No
4636-JGAAI,Yes,Yes,Yes,No,Yes,No,No,No,Yes
5951-AOFIH,Yes,No,Yes,No,Yes,Yes,No,Yes,No
3486-HOOGQ,Yes,Yes,Yes,Yes,Yes,Yes,Yes,Yes,No
8630-FJLIB,Yes,No,Yes,No,No,No,No,No,No
2263-SFSQZ,Yes,Yes,No,No,No,No,No,No,No
3397-AVTKU,Yes,No,Yes,No,Yes,No,No,No,Yes
4825-FUREZ,Yes,No,No,No,No,No,No,No,No
7821-DPRQE,Yes,Yes,Yes,Yes,Yes,No,Yes,Yes,Yes
2001-EWBQU,Yes,Yes,Yes,No,Yes,Yes,No,Yes,Yes
6695-AMZUF,Yes,No,Yes,Yes,Yes,Yes,Yes,Yes,Yes
6937-GCDGQ,Yes,No,Yes,Yes,No,No,No,No,No
3873-WOSBC,Yes,Yes,No,No,No,No,No,No,No
7251-XFOIL,Yes,Yes,Yes,No,No,Yes,No,No,Yes
4116-IQRFR,Yes,Yes,No,No,No,No,No,No,No
3120-FAZKD,Yes,Yes,No,No,No,No,No,No,No
2830-LEWOA,Yes,No,Yes,No,Yes,Yes,Yes,Yes,Yes
3530-VWVGU,Yes,No,No,No,No,No,No,No,No
6368-NWMCE,Yes,Yes,Yes,No,Yes,No,Yes,No,Yes
3956-MGXOG,Yes,No,Yes,No,No,No,No,No,Yes
4077-HWUYD,Yes,Yes,Yes,Yes,Yes,Yes,Yes,Yes,Yes
0103-CSITQ,Yes,Yes,Yes,No,Yes,Yes,Yes,Yes,Yes
2607-FBDFF,Yes,No,Yes,No,No,No,Yes,No,No
1100-DDVRV,No,No,Yes,No,Yes,No,No,Yes,Yes
2074-GUHPQ,Yes,Yes,Yes,No,Yes,Yes,Yes,No,No
1385-TQOZW,Yes,No,No,No,No,No,No,No,No
8375-KVTHK,Yes,No,Yes,No,Yes,No,Yes,Yes,Yes
6377-WHAOX,Yes,Yes,Yes,No,Yes,Yes,No,Yes,Yes
8746-OQQRW,Yes,Yes,No,No,No,No,No,No,No
6122-LJADA,Yes,Yes,Yes,Yes,Yes,Yes,Yes,Yes,Yes
2400-XIWIO,Yes,Yes,Yes,Yes,Yes,Yes,Yes,Yes,Yes
7569-NMZYQ,Yes,Yes,Yes,Yes,Yes,Yes,Yes,Yes,Yes
5201-USSQZ,Yes,No,Yes,No,No,No,Yes,No,Yes
2105-PHWON,Yes,Yes,Yes,No,No,Yes,Yes,No,Yes
1897-RCFUM,Yes,Yes,No,No,No,No,No,No,No
2432-TFSMK,Yes,Yes,Yes,No,No,Yes,No,Yes,No
3932-IJWDZ,Yes,Yes,Yes,No,No,Yes,Yes,Yes,Yes
3796-ENZGF,Yes,Yes,Yes,No,Yes,No,Yes,No,Yes
1734-ZMNTZ,Yes,Yes,No,No,No,No,No,No,No
2853-CWQFQ,Yes,No,Yes,No,No,No,Yes,No,Yes
0626-QXNGV,Yes,Yes,No,No,No,No,No,No,No
4732-RRJZC,Yes,No,No,No,No,No,No,No,No
1202-KKGFU,Yes,No,Yes,Yes,No,No,Yes,No,No
1852-XEMDW,Yes,Yes,Yes,Yes,Yes,Yes,No,No,No
9426-SXNHE,Yes,No,No,No,No,No,No,No,No
9895-VFOXH,No,No,Yes,No,No,No,No,No,No
7396-VJUZB,Yes,No,Yes,No,No,No,No,No,No
5172-RKOCB,Yes,Yes,Yes,Yes,Yes,No,Yes,Yes,Yes
6509-TSGWN,Yes,Yes,No,No,No,No,No,No,No
4530-NDRKU,Yes,No,No,No,No,No,No,No,No
6616-AALSR,Yes,Yes,Yes,Yes,No,Yes,No,Yes,Yes
3011-WQKSZ,Yes,No,No,No,No,No,No,No,No
0265-PSUAE,Yes,No,Yes,Yes,No,Yes,No,Yes,Yes
0594-UFTUL,Yes,No,No,No,No,No,No,No,No
5760-FXFVO,Yes,No,Yes,Yes,Yes,No,No,No,No
0016-QLJIS,Yes,Yes,Yes,Yes,Yes,Yes,Yes,Yes,Yes
5176-OLSKT,Yes,Yes,Yes,Yes,Yes,Yes,No,No,No
3556-BVQGL,Yes,No,No,No,No,No,No,No,No
3050-RLLXC,Yes,Yes,Yes,Yes,Yes,Yes,Yes,Yes,No
9298-WGMRW,Yes,Yes,Yes,Yes,Yes,Yes,Yes,Yes,Yes
6116-RFVHN,Yes,Yes,Yes,No,No,Yes,No,Yes,Yes
3125-RAHBV,Yes,No,No,No,No,No,No,No,No
9518-IMLHK,Yes,No,Yes,Yes,Yes,Yes,Yes,Yes,No
7608-RGIRO,Yes,Yes,No,No,No,No,No,No,No
2284-VFLKH,Yes,No,Yes,No,No,Yes,Yes,Yes,Yes
9972-NKTFD,Yes,No,Yes,No,Yes,No,Yes,No,No
5734-EJKXG,Yes,Yes,Yes,Yes,Yes,Yes,Yes,Yes,Yes
8144-DGHXP,Yes,No,Yes,Yes,No,Yes,Yes,Yes,Yes
5906-DVAPM,Yes,Yes,Yes,Yes,Yes,No,Yes,Yes,No
8350-NYMVI,No,No,Yes,No,Yes,Yes,Yes,No,No
0536-ESJEP,Yes,No,Yes,Yes,Yes,No,No,Yes,Yes
6478-HRRCZ,Yes,No,Yes,Yes,Yes,No,Yes,No,Yes
0902-XKXPN,Yes,No,No,No,No,No,No,No,No
9475-NNDGC,Yes,Yes,Yes,No,Yes,Yes,Yes,Yes,Yes
1215-EXRMO,Yes,No,No,No,No,No,No,No,No
2359-KLTEK,Yes,No,Yes,No,No,Yes,No,Yes,Yes
8404-GFGCZ,Yes,Yes,Yes,No,No,Yes,No,Yes,No
5092-STPKP,Yes,No,Yes,Yes,No,No,Yes,No,No
0114-PEGZZ,Yes,Yes,Yes,No,Yes,Yes,No,Yes,Yes
3359-DSRKA,Yes,No,No,No,No,No,No,No,No
7161-DFHUF,Yes,Yes,No,No,No,No,No,No,No
4994-OBRSZ,Yes,No,Yes,Yes,Yes,Yes,Yes,No,Yes
6040-CGACY,Yes,No,No,No,No,No,No,No,No
8242-PDSGJ,No,No,Yes,Yes,No,Yes,Yes,No,No
7839-NUIAA,Yes,Yes,Yes,Yes,Yes,No,No,No,No
6075-QMNRR,Yes,No,Yes,Yes,No,No,No,No,No
0440-EKDCF,Yes,No,Yes,No,Yes,Yes,Yes,No,No
4298-OYIFC,Yes,Yes,Yes,No,No,Yes,Yes,Yes,Yes
0930-EHUZA,Yes,No,Yes,Yes,Yes,Yes,Yes,Yes,No
9975-SKRNR,Yes,No,No,No,No,No,No,No,No
4486-EFAEB,Yes,No,No,No,No,No,No,No,No
6954-OOYZZ,Yes,No,Yes,No,No,No,No,No,No
1237-WIYYZ,Yes,No,No,No,No,No,No,No,No
1987-AUELQ,Yes,Yes,No,No,No,No,No,No,No
4822-LPTYJ,Yes,Yes,Yes,No,Yes,Yes,No,Yes,Yes
8165-CBKXO,No,No,Yes,No,Yes,Yes,No,Yes,Yes
1439-LCGVL,Yes,No,No,No,No,No,No,No,No
7740-KKCXF,No,No,Yes,No,Yes,No,No,No,No
5360-XGYAZ,No,No,Yes,Yes,Yes,Yes,Yes,Yes,Yes
9367-TCUYN,Yes,No,No,No,No,No,No,No,No
0708-SJDIS,Yes,Yes,Yes,No,No,No,Yes,Yes,No
6928-ONTRW,Yes,No,No,No,No,No,No,No,No
8774-GSBUN,Yes,Yes,No,No,No,No,No,No,No
7298-IZWLY,Yes,No,No,No,No,No,No,No,No
3955-JBZZM,Yes,No,Yes,No,No,No,No,Yes,No
9909-IDLEK,Yes,Yes,Yes,No,Yes,No,Yes,Yes,No
9500-LTVBP,Yes,Yes,Yes,No,No,No,Yes,No,No
1376-HHBDV,Yes,No,Yes,Yes,No,No,No,No,No
6133-OZILE,No,No,Yes,No,No,Yes,Yes,No,No
4879-GZLFH,Yes,No,Yes,No,No,Yes,No,Yes,Yes
8966-OIQHG,Yes,No,No,No,No,No,No,No,No
7269-JISCY,Yes,No,Yes,No,No,No,No,No,No
8547-NSBBO,Yes,Yes,Yes,Yes,Yes,Yes,Yes,No,No
6421-SZVEM,Yes,No,Yes,Yes,No,No,No,No,Yes
9633-DENPU,Yes,No,Yes,No,Yes,No,No,Yes,No
8541-QVFKM,Yes,Yes,Yes,No,No,No,No,No,No
5549-ZGHFB,Yes,Yes,No,No,No,No,No,No,No
3797-FKOGQ,Yes,Yes,Yes,No,No,No,No,No,Yes
7017-VFULY,Yes,No,No,No,No,No,No,No,No
8294-UIMBA,Yes,No,Yes,No,No,No,Yes,Yes,Yes
0696-UKTOX,Yes,No,Yes,No,Yes,No,Yes,No,No
6135-OZQVA,Yes,Yes,Yes,Yes,No,No,No,No,No
7721-DVEKZ,Yes,No,No,No,No,No,No,No,No
3566-VVORZ,Yes,No,Yes,No,No,No,No,No,No
7813-TKCVO,Yes,No,No,No,No,No,No,No,No
3823-KYNQY,Yes,Yes,No,No,No,No,No,No,No
3507-GASNP,Yes,No,No,No,No,No,No,No,No
7566-DSRLQ,Yes,Yes,Yes,No,Yes,Yes,Yes,Yes,Yes
7245-JMTTQ,Yes,Yes,Yes,No,Yes,Yes,Yes,Yes,Yes
6502-KUGLL,Yes,No,Yes,Yes,Yes,No,Yes,No,No
5018-HEKFO,Yes,Yes,No,No,No,No,No,No,No
6854-EXGSF,Yes,Yes,Yes,Yes,Yes,Yes,No,No,No
1755-RMCXH,Yes,No,No,No,No,No,No,No,No
7753-USQYQ,Yes,No,Yes,No,Yes,No,Yes,No,Yes
7661-CPURM,Yes,No,Yes,No,No,No,Yes,No,Yes
3239-TPHPZ,Yes,No,No,No,No,No,No,No,No
2027-DNKIV,Yes,No,Yes,Yes,No,Yes,Yes,No,No
0997-YTLNY,Yes,No,Yes,No,No,No,Yes,No,No
0774-RMNUW,No,No,Yes,Yes,Yes,No,Yes,Yes,Yes
9700-ISPUP,Yes,No,Yes,No,Yes,No,Yes,No,Yes
9839-ETQOE,No,No,Yes,Yes,Yes,Yes,No,No,No
9027-TMATR,Yes,No,Yes,Yes,No,Yes,Yes,Yes,Yes
1935-IMVBB,Yes,No,Yes,No,No,No,No,Yes,Yes
2498-XLDZR,Yes,No,Yes,Yes,Yes,Yes,Yes,No,Yes
1448-CYWKC,Yes,Yes,Yes,No,Yes,Yes,No,Yes,Yes
2690-DVRVK,Yes,No,No,No,No,No,No,No,No
0334-ZFJSR,Yes,Yes,Yes,Yes,Yes,No,Yes,No,No
2580-ASVVY,No,No,Yes,Yes,No,No,Yes,Yes,No
4254-QPEDE,No,No,Yes,Yes,Yes,Yes,Yes,Yes,Yes
6283-GITPX,Yes,No,Yes,Yes,Yes,Yes,Yes,Yes,No
2495-TTHBQ,Yes,No,No,No,No,No,No,No,No
0847-HGRML,Yes,No,No,No,No,No,No,No,No
4043-MKDTV,Yes,No,Yes,No,Yes,Yes,Yes,Yes,Yes
8313-KTIHG,Yes,No,Yes,No,No,No,Yes,Yes,No
5124-EOGYE,Yes,No,No,No,No,No,No,No,No
0292-WEGCH,Yes,Yes,Yes,No,Yes,Yes,Yes,Yes,Yes
4097-YODCF,Yes,Yes,Yes,Yes,Yes,No,No,Yes,Yes
6407-GSJNL,Yes,Yes,No,No,No,No,No,No,No
2455-USLMV,Yes,Yes,Yes,Yes,No,Yes,No,No,No
9488-FVZCC,Yes,Yes,Yes,Yes,Yes,Yes,Yes,No,Yes
7246-ZGQDF,Yes,No,Yes,Yes,No,No,Yes,No,No
7109-MFBYV,Yes,No,Yes,No,No,No,No,No,No
1696-HXOWK,Yes,Yes,Yes,Yes,Yes,No,No,Yes,No
2657-VPXTA,Yes,No,Yes,No,No,No,No,Yes,Yes
6551-VLJMV,Yes,No,No,No,No,No,No,No,No
1221-GHZEP,Yes,No,Yes,Yes,No,No,Yes,No,Yes
4277-UDIEF,Yes,Yes,Yes,Yes,No,No,Yes,Yes,Yes
7609-YBPXG,Yes,Yes,Yes,Yes,No,Yes,Yes,Yes,Yes
5519-TEEUH,Yes,No,No,No,No,No,No,No,No
0804-XBFBV,No,No,Yes,No,No,No,No,No,No
3703-TTEPD,Yes,No,Yes,Yes,No,Yes,No,Yes,No
2799-TSLAG,Yes,Yes,No,No,No,No,No,No,No
2208-NKVVH,Yes,Yes,No,No,No,No,No,No,No
4987-GQWPO,No,No,Yes,No,No,No,No,No,No
6010-DDPPW,Yes,Yes,No,No,No,No,No,No,No
2043-WVTQJ,Yes,No,Yes,Yes,No,Yes,No,No,No
9127-QRZMH,Yes,No,Yes,Yes,Yes,No,Yes,No,No
2404-JIBFC,Yes,Yes,Yes,Yes,No,Yes,Yes,Yes,Yes
2990-OGYTD,Yes,Yes,Yes,No,Yes,Yes,Yes,Yes,Yes
7880-XSOJX,No,No,Yes,Yes,Yes,No,Yes,No,No
6072-NUQCB,Yes,No,No,No,No,No,No,No,No
0675-NCDYU,Yes,Yes,Yes,Yes,Yes,Yes,Yes,Yes,Yes
1346-PJWTK,Yes,No,Yes,No,Yes,Yes,Yes,No,Yes
2302-OUZXB,Yes,Yes,Yes,No,Yes,Yes,No,Yes,Yes
7601-DHFWZ,Yes,Yes,No,No,No,No,No,No,No
0027-KWYKW,Yes,Yes,Yes,No,No,No,No,Yes,No
3913-FCUUW,Yes,Yes,Yes,Yes,Yes,Yes,Yes,No,No
9555-SAHUZ,Yes,No,Yes,Yes,Yes,No,No,No,No
9932-WBWIK,Yes,No,No,No,No,No,No,No,No
1222-LRYKO,Yes,Yes,No,No,No,No,No,No,No
6490-FGZAT,Yes,No,No,No,No,No,No,No,No
6147-CBCRA,Yes,No,No,No,No,No,No,No,No
6047-SUHPR,Yes,No,Yes,Yes,Yes,Yes,No,No,No
5915-DGNVC,Yes,Yes,Yes,Yes,Yes,Yes,No,No,Yes
2896-TBNBE,Yes,No,Yes,No,Yes,Yes,No,No,No
3841-CONLJ,No,No,Yes,No,No,No,No,No,Yes
5619-XZZKR,Yes,No,No,No,No,No,No,No,No
1813-JYWTO,Yes,Yes,Yes,Yes,No,No,No,No,No
3785-NRHYR,Yes,No,No,No,No,No,No,No,No
4537-DKTAL,Yes,No,Yes,No,No,No,No,No,No
2325-WINES,Yes,Yes,Yes,No,Yes,Yes,No,Yes,Yes
4072-IPYLT,Yes,No,Yes,Yes,No,No,No,No,No
4817-KEQSP,Yes,No,No,No,No,No,No,No,No
8749-CLJXC,Yes,No,No,No,No,No,No,No,No
8882-TLVRW,No,No,Yes,Yes,No,Yes,Yes,No,No
1183-CANVH,Yes,No,Yes,No,No,No,Yes,Yes,No
1972-XMUWV,Yes,No,Yes,No,No,No,Yes,Yes,No
6252-DFGTK,Yes,Yes,Yes,Yes,No,Yes,Yes,No,No
3873-NFTGI,Yes,Yes,Yes,No,Yes,No,No,No,No
0787-LHDYT,Yes,No,No,No,No,No,No,No,No
2969-QWUBZ,No,No,Yes,No,Yes,No,No,Yes,Yes
3370-HXOPH,Yes,Yes,Yes,No,No,No,No,No,No
9958-MEKUC,Yes,Yes,Yes,Yes,Yes,Yes,Yes,No,Yes
5093-FEGLU,Yes,No,No,No,No,No,No,No,No
3410-MHHUM,Yes,Yes,Yes,No,Yes,Yes,No,No,Yes
4316-XCSLJ,Yes,No,Yes,Yes,No,No,No,No,No
0562-HKHML,Yes,Yes,No,No,No,No,No,No,No
7054-ENNGU,Yes,No,Yes,No,Yes,No,No,No,No
9402-CXWPL,Yes,Yes,Yes,No,Yes,No,No,Yes,Yes
5343-SGUBI,Yes,Yes,Yes,No,Yes,No,No,No,No
5183-KLYEM,Yes,Yes,Yes,Yes,Yes,Yes,Yes,Yes,Yes
8514-VZHEB,Yes,No,No,No,No,No,No,No,No
2236-HILPA,Yes,No,No,No,No,No,No,No,No
8756-RDDLT,No,No,Yes,No,Yes,No,Yes,No,Yes
5816-QVHRX,Yes,Yes,Yes,No,No,No,Yes,Yes,Yes
7395-XWZOY,No,No,Yes,Yes,Yes,Yes,Yes,Yes,No
6859-RKMZJ,Yes,No,Yes,No,No,No,No,Yes,No
5975-BAICR,Yes,No,Yes,Yes,No,Yes,No,No,Yes
3585-YNADK,Yes,Yes,Yes,No,Yes,Yes,Yes,Yes,No
2080-GKCWQ,Yes,No,Yes,No,Yes,No,No,No,No
0442-TDYUO,Yes,No,No,No,No,No,No,No,No
4482-FTFFX,Yes,No,Yes,No,No,Yes,Yes,No,No
8859-DZTGQ,Yes,No,No,No,No,No,No,No,No
0020-JDNXP,No,No,Yes,Yes,No,Yes,Yes,Yes,Yes
4770-QAZXN,Yes,No,No,No,No,No,No,No,No
9714-EDSUC,Yes,No,Yes,Yes,Yes,No,Yes,No,Yes
1689-YQBYY,Yes,Yes,Yes,No,No,No,No,No,No
2959-FENLU,Yes,No,Yes,No,No,Yes,No,No,Yes
4079-ULGFR,Yes,No,No,No,No,No,No,No,No
2516-XSJKX,Yes,No,Yes,Yes,Yes,No,Yes,Yes,Yes
7325-ENZFI,No,No,Yes,Yes,Yes,No,Yes,No,No
2580-ATZSQ,Yes,No,Yes,Yes,Yes,Yes,No,No,No
5119-KEPFY,Yes,Yes,Yes,No,No,No,No,Yes,Yes
8319-QBEHW,No,No,Yes,No,Yes,No,No,Yes,No
4024-CSNBY,Yes,Yes,Yes,Yes,Yes,Yes,Yes,No,No
4700-UBQMV,Yes,Yes,Yes,Yes,No,No,No,Yes,Yes
8654-DHAOW,Yes,Yes,Yes,No,Yes,No,No,No,No
1228-ZLNBX,Yes,Yes,Yes,No,No,No,No,No,No
4226-KKDON,Yes,No,Yes,No,Yes,No,Yes,Yes,No
3308-DGHKL,Yes,No,No,No,No,No,No,No,No
7609-NRNCA,Yes,No,No,No,No,No,No,No,No
5614-DNZCE,Yes,No,Yes,Yes,Yes,Yes,Yes,No,No
9638-JIQYA,No,No,Yes,No,No,No,No,No,No
3190-ITQXP,Yes,No,No,No,No,No,No,No,No
5857-XRECV,Yes,No,No,No,No,No,No,No,No
0725-CXOTM,Yes,Yes,Yes,Yes,No,Yes,Yes,Yes,Yes
4343-EJVQB,Yes,No,Yes,Yes,No,No,No,No,No
6981-TDRFT,No,No,Yes,No,No,Yes,Yes,Yes,Yes
8033-VCZGH,Yes,Yes,Yes,Yes,No,Yes,No,Yes,Yes
2868-LLSKM,Yes,Yes,Yes,No,Yes,No,Yes,No,No
1042-HFUCW,Yes,No,Yes,No,Yes,No,Yes,No,No
6725-TPKJO,Yes,No,No,No,No,No,No,No,No
8821-KVZKQ,No,No,Yes,No,Yes,Yes,Yes,Yes,Yes
6434-TTGJP,No,No,Yes,Yes,Yes,Yes,Yes,No,Yes
0130-SXOUN,Yes,Yes,Yes,No,Yes,No,No,No,Yes
2097-YVPKN,Yes,Yes,No,No,No,No,No,No,No
4759-PXTAN,Yes,Yes,Yes,No,Yes,No,Yes,Yes,Yes
7823-JSOAG,Yes,Yes,Yes,No,No,No,No,No,No
9074-KGVOX,No,No,Yes,Yes,No,No,No,Yes,No
2661-GKBTK,Yes,No,Yes,No,Yes,No,Yes,Yes,Yes
7268-WNTCP,Yes,No,No,No,No,No,No,No,No
0824-VWDPO,Yes,Yes,Yes,Yes,Yes,No,No,No,Yes
2578-JQPHZ,Yes,No,Yes,No,No,Yes,Yes,Yes,Yes
2946-KIQSP,No,No,Yes,No,No,Yes,Yes,No,No
4636-OLWOE,Yes,No,Yes,No,Yes,Yes,Yes,No,No
5003-OKNNK,Yes,No,No,No,No,No,No,No,No
2812-ENYMO,No,No,Yes,Yes,No,No,Yes,Yes,Yes
7033-CLAMM,Yes,No,No,No,No,No,No,No,No
0864-FVJNJ,Yes,Yes,Yes,Yes,Yes,Yes,Yes,Yes,Yes
7356-IWLFW,Yes,Yes,Yes,No,Yes,No,No,No,No
3043-SUDUA,Yes,No,No,No,No,No,No,No,No
8873-GLDMH,Yes,Yes,Yes,No,No,No,No,No,No
5696-JVVQY,Yes,No,Yes,Yes,Yes,Yes,No,No,Yes
8946-BFWSG,Yes,Yes,No,No,No,No,No,No,No
4701-LKOZD,Yes,Yes,Yes,Yes,Yes,Yes,Yes,Yes,Yes
1929-ZCBHE,No,No,Yes,Yes,No,Yes,Yes,No,No
2696-ECXKC,Yes,Yes,Yes,Yes,No,No,No,Yes,Yes
1025-FALIX,Yes,No,Yes,No,No,No,No,No,No
3407-QGWLG,Yes,No,No,No,No,No,No,No,No
3214-IYUUQ,Yes,No,Yes,Yes,Yes,No,Yes,No,Yes
1936-UAFEH,Yes,Yes,Yes,Yes,Yes,No,Yes,Yes,Yes
3587-PMCOY,Yes,No,Yes,Yes,No,Yes,No,Yes,Yes
7148-XZPHA,Yes,No,Yes,No,Yes,No,Yes,No,No
5309-TAIKL,Yes,No,Yes,No,No,Yes,Yes,No,Yes
0848-SOMKO,No,No,Yes,Yes,No,Yes,Yes,No,Yes
0943-ZQPXH,Yes,No,Yes,No,No,Yes,No,Yes,Yes
2101-RANCD,Yes,Yes,Yes,No,No,No,No,No,No
3472-QPRCH,Yes,Yes,No,No,No,No,No,No,No
6000-UKLWI,Yes,No,No,No,No,No,No,No,No
0254-WWRKD,Yes,No,Yes,No,Yes,No,No,No,No
7727-SHVZV,Yes,No,No,No,No,No,No,No,No
8782-NUUOL,Yes,No,Yes,Yes,No,Yes,Yes,Yes,Yes
2669-QVCRG,Yes,Yes,Yes,Yes,No,No,No,No,No
9174-IHETN,Yes,No,Yes,No,No,No,No,No,No
7945-PRBVF,Yes,No,No,No,No,No,No,No,No
2911-IJORQ,Yes,Yes,Yes,Yes,Yes,Yes,Yes,Yes,Yes
5921-NGYRH,Yes,No,Yes,Yes,No,No,No,No,No
4753-PADAS,Yes,Yes,Yes,No,Yes,Yes,No,Yes,Yes
4184-VODJZ,Yes,Yes,Yes,No,Yes,No,No,No,Yes
1092-WPIVQ,Yes,Yes,No,No,No,No,No,No,No
2834-JKOOW,No,No,Yes,Yes,Yes,Yes,Yes,No,No
2400-FEQME,Yes,No,No,No,No,No,No,No,No
4957-SREEC,Yes,No,No,No,No,No,No,No,No
4923-ADWXJ,Yes,No,Yes,No,Yes,No,Yes,No,Yes
5949-HGVJL,Yes,No,Yes,No,Yes,No,Yes,Yes,Yes
5203-XEHAX,Yes,No,Yes,Yes,Yes,No,No,No,Yes
8050-XGRVL,Yes,No,Yes,Yes,No,Yes,No,No,No
6728-VOIFY,Yes,No,Yes,No,Yes,No,No,Yes,Yes
6339-YPSAH,Yes,No,Yes,No,No,Yes,No,No,No
1548-FEHVL,Yes,Yes,Yes,Yes,Yes,No,No,Yes,Yes
3795-CAWEX,Yes,Yes,Yes,Yes,Yes,Yes,Yes,Yes,Yes
6258-PVZWJ,Yes,Yes,Yes,Yes,Yes,Yes,Yes,Yes,Yes
3938-YFPXD,Yes,Yes,Yes,Yes,No,Yes,Yes,Yes,Yes
9558-IHEZX,Yes,Yes,Yes,Yes,Yes,Yes,No,Yes,Yes
9617-UDPEU,Yes,No,No,No,No,No,No,No,No
7729-JTEEC,Yes,No,Yes,No,No,No,No,No,No
9696-RMYBA,Yes,No,Yes,No,No,No,No,Yes,No
8690-UPCZI,Yes,Yes,Yes,Yes,No,No,Yes,Yes,No
8344-WFMFH,Yes,No,Yes,No,Yes,No,No,No,No
8822-KNBHV,Yes,Yes,Yes,Yes,Yes,Yes,No,Yes,Yes
2791-SFVEW,Yes,No,No,No,No,No,No,No,No
6762-NSODU,Yes,No,No,No,No,No,No,No,No
9888-ZCUMM,No,No,Yes,Yes,No,Yes,Yes,Yes,Yes
1074-WVEVG,Yes,No,No,No,No,No,No,No,No
9979-RGMZT,Yes,No,Yes,No,Yes,No,No,Yes,Yes
0827-ITJPH,Yes,No,No,No,No,No,No,No,No
0048-PIHNL,Yes,No,No,No,No,No,No,No,No
0674-EYYZV,Yes,No,Yes,No,No,No,No,Yes,No
1395-OFUWC,No,No,Yes,No,Yes,No,No,No,No
6258-NGCNG,Yes,Yes,No,No,No,No,No,No,No
4186-ZBUEW,Yes,Yes,Yes,No,Yes,No,Yes,No,Yes
5274-XHAKY,Yes,Yes,Yes,Yes,Yes,No,No,Yes,No
9589-ABEPT,Yes,Yes,Yes,No,Yes,No,Yes,Yes,No
8561-NMTBD,Yes,Yes,Yes,No,Yes,Yes,Yes,Yes,Yes
5161-XEUVX,Yes,Yes,Yes,No,No,Yes,Yes,Yes,No
8080-POTJR,Yes,Yes,Yes,Yes,No,Yes,No,Yes,Yes
8107-RZLNV,Yes,Yes,Yes,No,Yes,Yes,No,Yes,Yes
1173-XZPYF,Yes,Yes,Yes,No,No,Yes,No,Yes,No
2068-WWXQZ,Yes,No,No,No,No,No,No,No,No
9488-FYQAU,Yes,Yes,Yes,No,Yes,Yes,Yes,Yes,Yes
6994-KERXL,Yes,No,Yes,No,No,No,No,No,Yes
8469-SNFFH,Yes,Yes,Yes,Yes,Yes,Yes,Yes,Yes,No
7956-XQWGU,Yes,No,No,No,No,No,No,No,No
5115-SQAAU,Yes,Yes,No,No,No,No,No,No,No
3855-ONCAR,Yes,No,Yes,No,No,No,No,Yes,No
9867-XOBQA,No,No,Yes,Yes,Yes,Yes,Yes,Yes,No
7562-UXTPG,Yes,No,Yes,No,No,No,No,No,No
8071-SBTRN,Yes,Yes,Yes,Yes,Yes,Yes,No,Yes,Yes
8212-DJRCH,Yes,No,Yes,Yes,No,Yes,No,No,Yes
6300-BWMJX,Yes,Yes,Yes,No,No,Yes,Yes,Yes,No
5022-KVDQT,Yes,Yes,Yes,No,No,Yes,No,No,No
2005-DWQZJ,Yes,No,No,No,No,No,No,No,No
5546-QUERU,Yes,No,No,No,No,No,No,No,No
8738-JOKAR,Yes,No,Yes,Yes,Yes,No,Yes,No,Yes
5146-YYFRZ,Yes,No,No,No,No,No,No,No,No
6369-MCAKO,Yes,Yes,Yes,Yes,Yes,Yes,Yes,Yes,Yes
0682-USIXD,Yes,No,Yes,No,No,No,Yes,Yes,No
7078-NVFAM,No,No,Yes,Yes,Yes,No,No,No,No
2133-TSRRM,Yes,No,Yes,Yes,Yes,Yes,No,Yes,Yes
7470-DYNOE,Yes,No,Yes,No,No,Yes,No,No,Yes
5126-RCXYW,No,No,Yes,No,No,Yes,Yes,No,Yes
4459-BBGHE,No,No,Yes,No,No,No,No,Yes,Yes
0508-SQWPL,Yes,No,No,No,No,No,No,No,No
7242-EDTYC,Yes,No,No,No,No,No,No,No,No
4710-NKCAW,Yes,Yes,Yes,Yes,Yes,No,Yes,No,No
5306-BVTKJ,Yes,No,Yes,No,Yes,Yes,No,No,No
7746-AWNQW,No,No,Yes,No,No,Yes,Yes,No,No
5996-EBTKM,Yes,Yes,Yes,No,No,Yes,Yes,No,Yes
2314-TNDJQ,No,No,Yes,Yes,Yes,Yes,Yes,No,Yes
9013-AQORL,No,No,Yes,No,Yes,Yes,No,No,Yes
3648-GZPHF,No,No,Yes,No,No,Yes,Yes,No,No
1024-KPRBB,Yes,No,Yes,No,No,No,No,Yes,Yes
1904-WAJAA,Yes,Yes,Yes,Yes,Yes,Yes,No,No,No
5130-YPIRV,Yes,No,Yes,Yes,Yes,Yes,No,Yes,No
6967-PEJLL,No,No,Yes,Yes,No,Yes,Yes,No,No
0376-OIWME,Yes,No,Yes,Yes,No,No,No,Yes,Yes
0218-QNVAS,Yes,Yes,Yes,No,Yes,No,No,Yes,Yes
7164-BPTUT,Yes,Yes,Yes,Yes,Yes,Yes,Yes,Yes,Yes
2523-EWWZL,Yes,No,Yes,No,Yes,No,No,No,No
4501-VCPFK,No,No,Yes,No,No,Yes,Yes,No,No
9053-EJUNL,Yes,Yes,Yes,No,Yes,No,No,Yes,No
4807-IZYOZ,Yes,No,No,No,No,No,No,No,No
9710-NJERN,Yes,No,No,No,No,No,No,No,No
9837-FWLCH,Yes,No,No,No,No,No,No,No,No
2823-LKABH,Yes,Yes,Yes,No,No,Yes,Yes,No,Yes
0550-DCXLH,Yes,No,Yes,No,Yes,No,Yes,Yes,Yes
4801-JZAZL,No,No,Yes,Yes,No,No,No,No,No
